canonical_smiles,standard_value
[H]c1c([H])c([H])c(-c2nc(N3C(c4c([H])c([H])c([H])c([H])c4[H])(c4c([H])c([H])c([H])c([H])c4[H])[C@]([H])(C(=O)OC([H])([H])[H])C([H])([H])[C@]3([H])C(=O)OC([H])([H])[H])sc2C(=O)c2c([H])c([H])c(OC([H])([H])[H])c([H])c2[H])c([H])c1[H],0.0
CNC(C)[C@@H]1CC[C@@H](N)[C@@H](O[C@@H]2[C@@H](N)C[C@@H](N)[C@H](O[C@H]3OC[C@](C)(O)[C@H](NC)[C@H]3O)[C@H]2O)O1.CN[C@@H]1[C@@H](O)[C@@H](O[C@@H]2[C@@H](O)[C@H](O[C@H]3O[C@H](C(C)N)CC[C@H]3N)[C@@H](N)C[C@H]2N)OC[C@]1(C)O.CN[C@@H]1[C@@H](O)[C@@H](O[C@@H]2[C@@H](O)[C@H](O[C@H]3O[C@H](CN)CC[C@H]3N)[C@@H](N)C[C@H]2N)OC[C@]1(C)O,1.0
[H]OC(=O)c1c([H])n(C([H])([H])C([H])([H])[H])c2c(F)c(N3C([H])([H])C([H])([H])C([H])(N4C([H])([H])C([H])([H])C([H])([H])C([H])([H])C4([H])[H])C([H])([H])C3([H])[H])c(F)c([H])c2c1=O,1.0
[H]c1c([H])c([H])c(C(=O)c2sc(N3C(c4c([H])c([H])c([H])c([H])c4[H])(c4c([H])c([H])c([H])c([H])c4[H])[C@]([H])(C(=O)OC([H])([H])[H])[C@]([H])(C(=O)OC([H])([H])[H])[C@]3([H])C(=O)OC([H])([H])[H])nc2-c2c([H])c([H])c([H])c([H])c2[H])c([H])c1[H],0.0
[H]c1c([H])c([H])c(-c2nc(N3C(c4c([H])c([H])c([H])c([H])c4[H])(c4c([H])c([H])c([H])c([H])c4[H])[C@]([H])(S(=O)(=O)c4c([H])c([H])c([H])c([H])c4[H])C([H])([H])[C@]3([H])C(=O)OC([H])([H])[H])sc2C(=O)c2c([H])c([H])c(C#N)c([H])c2[H])c([H])c1[H],0.0
[H]c1c([H])c([H])c(-c2nc(N3C(c4c([H])c([H])c([H])c([H])c4[H])(c4c([H])c([H])c([H])c([H])c4[H])[C@]([H])(S(=O)(=O)c4c([H])c([H])c([H])c([H])c4[H])C([H])([H])[C@]3([H])C(=O)OC([H])([H])[H])sc2C(=O)c2c([H])c([H])c(OC([H])([H])[H])c([H])c2[H])c([H])c1[H],0.0
[H]c1c([H])c([H])c(-c2nc(N3C(c4c([H])c([H])c([H])c([H])c4[H])(c4c([H])c([H])c([H])c([H])c4[H])[C@]([H])(S(=O)(=O)c4c([H])c([H])c([H])c([H])c4[H])C([H])([H])[C@]3([H])C(=O)OC([H])([H])[H])sc2C(=O)c2c([H])c([H])c(F)c([H])c2[H])c([H])c1[H],0.0
[H]c1nc(C2([H])N(c3nc(-c4c([H])c([H])c(OC([H])([H])[H])c([H])c4[H])c([H])s3)N=C(c3sc([H])c([H])c3[H])C2([H])[H])c([H])c([H])c1[H],0.0
[H]c1nc([H])c([H])c(C2([H])N(c3nc(-c4c([H])c([H])c(OC([H])([H])[H])c([H])c4[H])c([H])s3)N=C(c3sc([H])c([H])c3[H])C2([H])[H])c1[H],0.0
[H]Oc1c([H])c(O[H])c(OC([H])([H])[H])c(C([H])([H])/C([H])=C(\C([H])([H])[H])C([H])([H])C([H])([H])/C([H])=C(\C([H])([H])[H])C([H])([H])C([H])([H])/C([H])=C(\C([H])([H])[H])C([H])([H])C([H])([H])C([H])=C(C([H])([H])[H])C([H])([H])[H])c1[H],1.0
[H]Oc1c([H])c(O[H])c(OC(=O)C([H])([H])[H])c(C([H])([H])/C([H])=C(\C([H])([H])[H])C([H])([H])C([H])([H])/C([H])=C(\C([H])([H])[H])C([H])([H])C([H])([H])/C([H])=C(\C([H])([H])[H])C([H])([H])C([H])([H])C([H])=C(C([H])([H])[H])C([H])([H])[H])c1[H],0.0
[H]O/N=C(\[H])c1nc([H])c([H])n1-c1c([H])c([H])c([H])c([H])c1[H],0.0
[H]c1nc(C2([H])N(c3nc(-c4c([H])c([H])c([H])c([H])c4[H])c([H])s3)N=C(c3sc([H])c([H])c3[H])C2([H])[H])c([H])c([H])c1[H],0.0
[H]OC(=O)c1c([H])n(C2([H])C([H])([H])C2([H])[H])c2c(F)c(Oc3c([H])c([H])c([H])c([H])c3[H])c(F)c([H])c2c1=O,0.0
[H]OC(=O)C1=C(C([H])([H])OC(=O)C([H])([H])[H])C([H])([H])S[C@@]2([H])N1C(=O)[C@@]2([H])N([H])C(=O)/C(=N\OC([H])([H])[H])c1nc(N([H])[H])sc1[H],0.0
[H]OC(=O)c1c([H])n(C([H])([H])C([H])([H])[H])c2c(F)c(Oc3c([H])c([H])c(C([H])([H])[H])c([H])c3[H])c(F)c([H])c2c1=O,0.0
[H]N=C([H])N([H])C([H])([H])C([H])([H])SC1=C(C(=O)O[H])N2C(=O)[C@]([H])([C@]([H])(O[H])C([H])([H])[H])[C@@]2([H])C1([H])[H],1.0
[H]OC1=C2C(=O)c3c(O[H])c([H])c([H])c([H])c3[C@](O[H])(C([H])([H])[H])[C@@]2([H])C([H])([H])[C@]2([H])[C@@]1(O[H])C(=O)C(C(=O)N([H])[H])=C(O[H])[C@@]2([H])N(C([H])([H])[H])C([H])([H])[H],0.0
[H]OC(=O)c1c([H])n(C2([H])C([H])([H])C2([H])[H])c2c([H])c(N3C([H])([H])C([H])([H])N([H])C([H])([H])C3([H])[H])c(F)c([H])c2c1=O,0.0
[H]OC(=O)c1c([H])n(C([H])([H])C([H])([H])[H])c2c(F)c(N3C([H])([H])C([H])([H])N([H])C([H])(C([H])([H])[H])C3([H])[H])c(F)c([H])c2c1=O,0.0
[H]c1nc(C2([H])N(c3nc(-c4c([H])c([H])c([N+](=O)[O-])c([H])c4[H])c([H])s3)N=C(c3sc([H])c([H])c3[H])C2([H])[H])c([H])c([H])c1[H],0.0
[H]c1nc([H])c(C2([H])N(c3nc(-c4c([H])c([H])c(C([H])([H])[H])c([H])c4[H])c([H])s3)N=C(c3sc([H])c([H])c3[H])C2([H])[H])c([H])c1[H],0.0
[H]c1nc(C2([H])N(c3nc(-c4c([H])c([H])c(C([H])([H])[H])c([H])c4[H])c([H])s3)N=C(c3sc([H])c([H])c3[H])C2([H])[H])c([H])c([H])c1[H],0.0
[H]c1nc([H])c(C2([H])N(c3nc(-c4c([H])c([H])c(OC([H])([H])[H])c([H])c4[H])c([H])s3)N=C(c3sc([H])c([H])c3[H])C2([H])[H])c([H])c1[H],0.0
[H]c1nc([H])c([H])c(C2([H])N(c3nc(-c4c([H])c([H])c([N+](=O)[O-])c([H])c4[H])c([H])s3)N=C(c3sc([H])c([H])c3[H])C2([H])[H])c1[H],0.0
[H]c1c([H])c([H])c(-c2nc(N3C(c4c([H])c([H])c([H])c([H])c4[H])(c4c([H])c([H])c([H])c([H])c4[H])[C@]([H])(C(=O)OC([H])([H])[H])C([H])([H])[C@]3([H])C(=O)OC([H])([H])[H])sc2C(=O)c2c([H])c([H])c(C#N)c([H])c2[H])c([H])c1[H],0.0
[H]c1nc([H])c(C2([H])N(c3nc(-c4c([H])c([H])c(Cl)c([H])c4[H])c([H])s3)N=C(c3sc([H])c([H])c3[H])C2([H])[H])c([H])c1[H],0.0
[H]c1nc([H])c([H])c(C2([H])N(c3nc(-c4c([H])c([H])c(Cl)c([H])c4[H])c([H])s3)N=C(c3sc([H])c([H])c3[H])C2([H])[H])c1[H],0.0
[H]c1nc([H])c([H])c(C2([H])N(c3nc(-c4c([H])c([H])c([H])c([H])c4[H])c([H])s3)N=C(c3sc([H])c([H])c3[H])C2([H])[H])c1[H],0.0
[H]c1nc(C2([H])N(c3nc(-c4c([H])c([H])c(Cl)c([H])c4[H])c([H])s3)N=C(c3sc([H])c([H])c3[H])C2([H])[H])c([H])c([H])c1[H],0.0
[H]c1c([H])c([H])c(-c2nc(N3C(c4c([H])c([H])c([H])c([H])c4[H])(c4c([H])c([H])c([H])c([H])c4[H])[C@]([H])(C(=O)OC([H])([H])[H])[C@]([H])(C(=O)OC([H])([H])[H])[C@]3([H])C(=O)OC([H])([H])[H])sc2C(=O)c2c([H])c([H])c(C#N)c([H])c2[H])c([H])c1[H],0.0
[H]c1c([H])c([H])c(-c2nc(N3C(c4c([H])c([H])c([H])c([H])c4[H])(c4c([H])c([H])c([H])c([H])c4[H])[C@]([H])(C(=O)OC([H])([H])[H])C([H])([H])[C@]3([H])C(=O)OC([H])([H])[H])sc2C(=O)c2c([H])c([H])c(F)c([H])c2[H])c([H])c1[H],0.0
[H]Oc1c(C([H])([H])[H])c2c3c4c1c(O[H])c(c1c4nc4c([H])c(C([H])([H])[H])c([H])c([H])n41)N([H])C(=O)/C(C([H])([H])[H])=C([H])\C([H])=C(/[H])[C@]([H])(C([H])([H])[H])[C@]([H])(O[H])[C@@]([H])(C([H])([H])[H])[C@@]([H])(O[H])[C@@]([H])(C([H])([H])[H])[C@]([H])(OC(=O)C([H])([H])[H])[C@]([H])(C([H])([H])[H])[C@@]([H])(OC([H])([H])[H])/C([H])=C(\[H])O[C@@](C([H])([H])[H])(O2)C3=O,1.0
[H]OC([H])([H])[C@@]([H])(N([H])C(=O)C([H])(Cl)Cl)[C@]([H])(O[H])c1c([H])c([H])c([N+](=O)[O-])c([H])c1[H],0.0
[H]OC(=O)C(O/N=C(\C(=O)N([H])[C@]1([H])C(=O)N2C(C(=O)[O-])=C(C([H])([H])[n+]3c([H])c([H])c([H])c([H])c3[H])C([H])([H])S[C@@]21[H])c1nc(N([H])[H])sc1[H])(C([H])([H])[H])C([H])([H])[H],0.0
[H]O/N=C(\[H])c1n(C([H])([H])c2c([H])c([H])c([H])c([H])c2[H])c([H])c([H])[n+]1-c1c([H])c([H])c(F)c([H])c1[H],0.0
[H]O/N=C(\[H])c1n(C([H])([H])c2c([H])c([H])c([H])c([H])c2[H])c([H])c([H])[n+]1-c1c([H])c([H])c([H])c([H])c1[H],0.0
[H]O/N=C(\[H])c1nc([H])c([H])n1-c1c([H])c([H])c(F)c([H])c1[H],0.0
[H]c1nc([H])c([H])c(C2([H])N(c3nc(-c4c([H])c([H])c(C([H])([H])[H])c([H])c4[H])c([H])s3)N=C(c3sc([H])c([H])c3[H])C2([H])[H])c1[H],0.0
[H]OC(=O)c1c([H])n(C2([H])C([H])([H])C2([H])[H])c2c(F)c(OC([H])([H])c3c([H])c([H])c([H])c([H])c3[H])c(F)c([H])c2c1=O,0.0
[H]OC(=O)c1c([H])n(C([H])([H])C([H])([H])[H])c2c(F)c(N3C([H])([H])C([H])([H])N(C([H])([H])c4c([H])c([H])c([H])c([H])c4[H])C([H])([H])C3([H])[H])c(F)c([H])c2c1=O,1.0
[H]c1c([H])c([H])c(-c2nc(N3C(c4c([H])c([H])c([H])c([H])c4[H])(c4c([H])c([H])c([H])c([H])c4[H])[C@]([H])(C(=O)OC([H])([H])[H])[C@]([H])(C(=O)OC([H])([H])[H])[C@]3([H])C(=O)OC([H])([H])[H])sc2C(=O)c2c([H])c([H])c(Br)c([H])c2[H])c([H])c1[H],0.0
[H]c1nc([H])c(C2([H])N(c3nc(-c4c([H])c([H])c([N+](=O)[O-])c([H])c4[H])c([H])s3)N=C(c3sc([H])c([H])c3[H])C2([H])[H])c([H])c1[H],0.0
[H]c1nc([H])c(C2([H])N(c3nc(-c4c([H])c([H])c([H])c([H])c4[H])c([H])s3)N=C(c3sc([H])c([H])c3[H])C2([H])[H])c([H])c1[H],0.0
[H]c1c([H])c([H])c(-n2nc(-c3c([H])c([H])c(Cl)c(Cl)c3[H])c(C3([H])N(C(=O)C([H])([H])C([H])([H])[H])N=C(c4c([H])c([H])c(F)c([H])c4[H])C3([H])[H])c2[H])c([H])c1[H],0.0
[H]OC([H])([H])[C@@]1([H])O[C@]([H])(O[C@]2([H])[C@@]([H])(O[H])[C@]([H])(O[C@@]3([H])O[C@]([H])(C([H])([H])N([H])[H])[C@@]([H])(O[H])C([H])([H])[C@@]3([H])N([H])[H])[C@@]([H])(N([H])[H])C([H])([H])[C@@]2([H])N([H])[H])[C@]([H])(O[H])[C@@]([H])(N([H])[H])[C@]1([H])O[H],0.0
[H]O/N=C(\[H])c1n(C([H])([H])c2c([H])c([H])c([H])c([H])c2[H])c([H])c([H])[n+]1-c1c([H])c([H])c(C([H])([H])[H])c([H])c1[H],0.0
[H]OC(=O)C1=C(S[C@]2([H])C([H])([H])N([H])[C@]([H])(C(=O)N(C([H])([H])[H])C([H])([H])[H])C2([H])[H])[C@]([H])(C([H])([H])[H])[C@@]2([H])N1C(=O)[C@]2([H])[C@]([H])(O[H])C([H])([H])[H],1.0
[H]OC([H])([H])[C@@]1([H])O[C@@]([H])(Oc2c([H])c(Cl)c([H])c([H])c2Oc2c([H])c([H])c(Cl)c([H])c2Cl)[C@]([H])(O[H])[C@@]([H])(O[H])[C@@]1([H])O[H],0.0
[H]c1c([H])c([H])c(C(=O)c2sc(N3C(c4c([H])c([H])c([H])c([H])c4[H])(c4c([H])c([H])c([H])c([H])c4[H])[C@]([H])(S(=O)(=O)c4c([H])c([H])c([H])c([H])c4[H])C([H])([H])[C@]3([H])C(=O)OC([H])([H])[H])nc2-c2c([H])c([H])c([H])c([H])c2[H])c([H])c1[H],0.0
[H]OC(=O)c1c([H])n(C([H])([H])C([H])([H])[H])c2c(F)c(N3C([H])([H])C([H])([H])C([H])(C([H])([H])O[H])C([H])([H])C3([H])[H])c(F)c([H])c2c1=O,1.0
CN(CCCCCCCCNCCCCCCCCNC(=N)N)C(=N)NCc1ccccc1.O=C(O)C(F)(F)F.O=C(O)C(F)(F)F.O=C(O)C(F)(F)F,0.0
C=C(C)CNC(=N)NCCCCCCCCN1CCCCCCCCNC(=N)NC1=O.O=C(O)C(F)(F)F.O=C(O)C(F)(F)F,0.0
N=C(N)NCCCCCCCCNCCCCCCCCNC(=N)NCc1ccccc1.O=C(O)C(F)(F)F.O=C(O)C(F)(F)F.O=C(O)C(F)(F)F,0.0
[H]OC(=O)[C@]1([H])N2C(=O)[C@@]([H])(N([H])C(=O)[C@@]([H])(c3c([H])c([H])c([H])c([H])c3[H])N([H])[H])[C@@]2([H])SC1(C([H])([H])[H])C([H])([H])[H],0.0
[H]OC(=O)c1c([H])n(C([H])([H])C([H])([H])[H])c2c(F)c(N3C([H])([H])C([H])([H])N(c4c([H])c([H])c([H])c([H])c4F)C([H])([H])C3([H])[H])c(F)c([H])c2c1=O,1.0
[H]OC(=O)c1c([H])c([H])c([C@](O[H])(C([H])([H])[H])C([H])([H])C([H])([H])C([H])([H])C(O[H])(C([H])([H])[H])C([H])([H])[H])c(O[H])c1[H],0.0
C#CCNC(=N)NCCCCCCCCNCCCCCCCCNC(=N)N.O=C(O)C(F)(F)F.O=C(O)C(F)(F)F.O=C(O)C(F)(F)F,0.0
N=C(NCCCCCCCCN1CCCCCCCCNC(=N)NC1=O)NCC1CCC1.O=C(O)C(F)(F)F.O=C(O)C(F)(F)F,0.0
C/C=C/CNC(=N)NCCCCCCCCN1CCCCCCCCNC(=N)NC1=O.O=C(O)C(F)(F)F.O=C(O)C(F)(F)F,0.0
[H]c1c([H])c([H])c(N2N=C(c3c([H])c([H])c(Cl)c([H])c3[H])C([H])([H])C2([H])c2c(-c3c([H])c([H])c(Cl)c(Cl)c3[H])nn(-c3c([H])c([H])c([H])c([H])c3[H])c2[H])c([H])c1[H],0.0
[H]OC(=O)c1c([H])n(C([H])([H])C([H])([H])[H])c2c(F)c(N3C([H])([H])C([H])([H])C([H])(N([H])C([H])([H])[H])C([H])([H])C3([H])[H])c(F)c([H])c2c1=O,0.0
[H]OC(=O)c1c([H])n(C([H])([H])C([H])([H])[H])c2c(F)c(N3C([H])([H])C([H])([H])N(c4c([H])c([H])c([H])c(Cl)c4Cl)C([H])([H])C3([H])[H])c(F)c([H])c2c1=O,1.0
[H]OC([H])([H])[C@@]1([H])O[C@]([H])(Oc2c([H])c(Cl)c([H])c([H])c2Oc2c([H])c([H])c(Cl)c([H])c2Cl)[C@]([H])(O[H])[C@@]([H])(O[H])[C@]1([H])O[H],0.0
[H]OC(=O)c1c([H])c([H])c([C@](O[H])(C([H])([H])[H])C([H])([H])C([H])([H])C([H])(O[H])C([H])(C([H])([H])[H])C([H])([H])[H])c(O[H])c1[H],0.0
[H]c1c([H])c([H])c(-c2nc(N3C(c4c([H])c([H])c([H])c([H])c4[H])(c4c([H])c([H])c([H])c([H])c4[H])[C@]([H])(C(=O)OC([H])([H])[H])C([H])([H])[C@]3([H])C(=O)OC([H])([H])[H])sc2C(=O)c2c([H])c([H])c(Br)c([H])c2[H])c([H])c1[H],0.0
[H]c1c([H])c([H])c(C(=O)c2sc(N3C(c4c([H])c([H])c([H])c([H])c4[H])(c4c([H])c([H])c([H])c([H])c4[H])[C@]([H])(C(=O)OC([H])([H])[H])C([H])([H])[C@]3([H])C(=O)OC([H])([H])[H])nc2-c2c([H])c([H])c([H])c([H])c2[H])c([H])c1[H],0.0
[H]OC(=O)C1=C([H])[C@]2([H])[C@@]([H])(C(=C([H])[H])C([H])([H])C([H])([H])[C@]2([H])C([H])(C([H])([H])[H])C([H])([H])[H])C([H])([H])C1([H])[H],0.0
[H]OC(=O)c1c([H])n(C([H])([H])C([H])([H])[H])c2c(F)c(N3C([H])([H])C([H])([H])C([H])(Br)C([H])([H])C3([H])[H])c(F)c([H])c2c1=O,1.0
[H]OC(=O)C1=C(C([H])([H])OC(=O)N([H])[H])C([H])([H])S[C@@]2([H])N1C(=O)[C@@]2([H])N([H])C(=O)/C(=N\OC([H])([H])[H])c1oc([H])c([H])c1[H],0.0
[H]O/N=C(\[H])c1n(C([H])([H])c2c([H])c([H])c([H])c([H])c2[H])c([H])c([H])[n+]1C([H])([H])c1c([H])c([H])c([H])c([H])c1[H],0.0
[H]O/N=C(\[H])c1nc([H])c([H])n1C([H])([H])c1c([H])c([H])c([H])c([H])c1[H],0.0
[H]c1c([H])c([H])c(-c2nc(N3C(c4c([H])c([H])c([H])c([H])c4[H])(c4c([H])c([H])c([H])c([H])c4[H])[C@]([H])(C(=O)OC([H])([H])[H])[C@]([H])(C(=O)OC([H])([H])[H])[C@]3([H])C(=O)OC([H])([H])[H])sc2C(=O)c2c([H])c([H])c(OC([H])([H])[H])c([H])c2[H])c([H])c1[H],0.0
[H]c1c([H])c([H])c(-c2nc(N3C(c4c([H])c([H])c([H])c([H])c4[H])(c4c([H])c([H])c([H])c([H])c4[H])[C@]([H])(C(=O)OC([H])([H])[H])[C@]([H])(C(=O)OC([H])([H])[H])[C@]3([H])C(=O)OC([H])([H])[H])sc2C(=O)c2c([H])c([H])c(F)c([H])c2[H])c([H])c1[H],0.0
[H]OC(=O)c1c([H])c2c3c(c([H])oc3c1[H])C([H])([H])C([H])([H])[C@]2([H])[C@]([H])(C([H])([H])[H])C([H])([H])O[H],0.0
[H]c1c([H])c([H])c(-c2nc(N3C(c4c([H])c([H])c([H])c([H])c4[H])(c4c([H])c([H])c([H])c([H])c4[H])[C@]([H])(S(=O)(=O)c4c([H])c([H])c([H])c([H])c4[H])C([H])([H])[C@]3([H])C(=O)OC([H])([H])[H])sc2C(=O)c2c([H])c([H])c(Br)c([H])c2[H])c([H])c1[H],0.0
[H]O/N=C(\[H])c1nc([H])c([H])n1-c1c([H])c([H])c(C([H])([H])[H])c([H])c1[H],0.0
[H]Oc1c(OC([H])([H])[H])c(OC([H])([H])[H])c([H])c([H])c1[C@]1([H])SS[C@]23C(=O)N(C([H])([H])[H])[C@@]1([H])C(=O)N2O[C@@]1([H])[C@]([H])(O[H])C([H])=C([H])[C@@]([H])(Cl)[C@@]1(O[H])C3([H])[H],0.0
[H]O[C@]1([H])[C@@]([H])(Oc2c([H])c(Cl)c([H])c([H])c2Oc2c([H])c([H])c(Cl)c([H])c2Cl)OC([H])([H])[C@@]([H])(O[H])[C@@]1([H])O[H],0.0
[H]Oc1c([H])c(Cl)c([H])c([H])c1Oc1c([H])c([H])c(Cl)c([H])c1Cl,0.0
[H]OC(=O)c1c([H])c2c3c(c([H])oc3c1[H])C([H])([H])C([H])([H])[C@]2([H])C([H])(C([H])([H])[H])C([H])([H])[H],0.0
N=C(N)NCCCCCCCCNCCCCCCCCNC(=N)NCC1CC1.O=C(O)C(F)(F)F.O=C(O)C(F)(F)F.O=C(O)C(F)(F)F,0.0
