canonical_smiles,standard_value
CCCCCCCCNC(=O)[C@H](Cc1ccccc1)NC(=O)[C@H](CCCCNC(=O)[C@H](CCCCN)NC(=O)OCc1ccccc1)NC(=O)[C@H](CCCCN)NC(=O)OCc1ccccc1.Cl.Cl,0.0
CCCCCCCCCCCCNC(=O)[C@H](Cc1ccccc1)NC(=O)[C@H](CCCCNC(=O)[C@H](CCCCN)NC(=O)OCc1ccccc1)NC(=O)[C@H](CCCCN)NC(=O)OCc1ccccc1.Cl.Cl,0.0
CCCCCCCCNC(=O)[C@H](Cc1ccccc1)NC(=O)[C@H](CCCCNC(=O)[C@H](CCCCN)NC(=O)OCc1ccccc1Cl)NC(=O)[C@H](CCCCN)NC(=O)OCc1ccccc1Cl.Cl.Cl,0.0
CCCCCCCCCCCCNC(=O)[C@H](Cc1ccccc1)NC(=O)[C@H](CCCCNC(=O)[C@H](CCCCN)NC(=O)OCc1ccccc1Cl)NC(=O)[C@H](CCCCN)NC(=O)OCc1ccccc1Cl.Cl.Cl,0.0
CCCCCCCCNC(=O)[C@H](Cc1ccccc1)NC(=O)[C@H](CCCCNC(=O)[C@@H](N)CCCCN)NC(=O)[C@@H](N)CCCCN.Cl.Cl.Cl.Cl,0.0
CCCCCCCCCCCC(=O)N[C@@H](CCCCN)C(=O)OC.Cl,0.0
CCCCCCCCCCCCNC(=O)[C@H](Cc1ccccc1)NC(=O)[C@H](CCCCNC(=O)[C@@H](N)CCCCN)NC(=O)[C@@H](N)CCCCN.Cl.Cl.Cl.Cl,0.0
CCCCCCCCCCCCNC(=O)[C@H](Cc1ccccc1)NC(=O)[C@H](CCCCNC(=O)[C@@H](N)CCCCNC(=O)OCc1ccccc1Cl)NC(=O)[C@@H](N)CCCCNC(=O)OCc1ccccc1Cl.Cl.Cl,0.0
[H]c1c([H])c(-n2nnnc2N([H])n2c([H])nnc2[H])c([H])c([H])c1Br,0.0
[H]c1c([H])c(-n2nnnc2N([H])c2nc([H])n([H])n2)c([H])c([N+](=O)[O-])c1Cl,0.0
[H]c1oc(C([H])([H])N([H])c2nnnn2-c2c([H])c([H])c(C([H])([H])[H])c(Cl)c2[H])c([H])c1[H],0.0
[H]C([H])([H])C([H])([H])C([H])([H])C([H])([H])C([H])([H])C([H])([H])C([H])([H])C([H])([H])C([H])([H])C([H])([H])C([H])([H])C([H])([H])C([H])([H])C([H])([H])C([H])([H])C([H])([H])[N+](C([H])([H])[H])(C([H])([H])[H])C([H])([H])[H],0.0
[H]c1nc(N([H])c2nnnn2-c2c([H])c([H])c(Cl)c(Cl)c2[H])sc1[H],0.0
[H]OC(=O)n1nnnc1N([H])n1c([H])nnc1[H],0.0
[H]c1c([H])c(-n2nnnc2N([H])n2c([H])nnc2[H])c([H])c([H])c1F,0.0
[H]c1c([H])c([H])c2c(c1[H])c(C([H])([H])C([H])([H])N([H])c1nnnn1C([H])([H])C([H])([H])[H])c([H])n2[H],0.0
[H]OC(=O)n1nnnc1N([H])C([H])([H])C([H])([H])c1c([H])n([H])c2c([H])c([H])c([H])c([H])c12,0.0
Cl.Cl.NC(=O)[C@H](Cc1ccccc1)NC(=O)[C@H](CCCCNC(=O)[C@@H](N)CCCCNC(=O)OCc1ccccc1Cl)NC(=O)[C@@H](N)CCCCNC(=O)OCc1ccccc1Cl,0.0
CCCCCCCCNC(=O)[C@H](Cc1ccccc1)NC(=O)[C@H](CCCCNC(=O)[C@@H](N)CCCCNC(=O)OCc1ccccc1Cl)NC(=O)[C@@H](N)CCCCNC(=O)OCc1ccccc1Cl.Cl.Cl,0.0
Cl.Cl.NCCCC[C@H](NC(=O)OCc1ccccc1)C(=O)NCCCC[C@H](NC(=O)[C@H](CCCCN)NC(=O)OCc1ccccc1)C(=O)N[C@@H](Cc1ccccc1)C(N)=O,0.0
CCCCCCCCCCCC(=O)N[C@@H](CCCNC(=N)N)C(=O)OC.Cl,0.0
[H]OC(=O)c1c([H])n(C2([H])C([H])([H])C2([H])[H])c2c([H])c(N3C([H])([H])C([H])([H])N([H])C([H])([H])C3([H])[H])c(F)c([H])c2c1=O,1.0
[H]c1oc(C([H])([H])N([H])c2nnnn2-c2c([H])c([H])c(F)c(Cl)c2[H])c([H])c1[H],0.0
[H]c1c([H])c(-n2nnnc2N([H])C([H])([H])C([H])([H])c2c([H])n([H])c3c([H])c([H])c([H])c([H])c23)c([H])c([H])c1F,0.0
[H]c1nc(N([H])c2nnnn2-c2c([H])c([H])c(C(F)(F)F)c([H])c2[H])sc1[H],0.0
[H]c1c([H])c([N+](=O)[O-])c([H])c([H])c1-n1nnnc1N([H])n1c([H])nnc1[H],0.0
[H]OC([H])([H])C1([H])C([H])([H])c2c([H])c(C([H])([H])c3c([H])nc(N([H])[H])nc3N([H])[H])c([H])c(OC([H])([H])[H])c2N(C([H])([H])C([H])([H])[H])C1([H])[H],0.0
[H]c1nc(N([H])[H])nc(N([H])[H])c1C([H])([H])c1c([H])c(C([H])([H])[H])c2nc(N3C([H])([H])C([H])([H])OC([H])([H])C3([H])[H])c([H])c(C([H])([H])[H])c2c1[H],0.0
Cl.O.O=C(O)c1cn(CCF)c2cc(N3CCN4CCC3CC4)c(F)cc2c1=O,1.0
[H]N=C(N([H])[H])N([H])C([H])([H])C([H])([H])C([H])([H])[C@@]([H])(C(=O)N([H])[C@]([H])(C(=O)N([H])[C@]([H])(C(=O)N([H])[C@]([H])(C(=O)N([H])C([H])([H])C(=O)N([H])[C@]([H])(C(=O)N([H])[C@]([H])(C(=O)N([H])[H])C([H])([H])C([H])([H])C([H])([H])C([H])([H])N([H])[H])C([H])([H])C([H])([H])C([H])([H])C([H])([H])N([H])[H])[C@]([H])(O[H])C([H])([H])[H])C([H])([H])C([H])(C([H])([H])[H])C([H])([H])[H])[C@@]([H])(C([H])([H])[H])C([H])([H])C([H])([H])[H])N([H])C(=O)[C@@]([H])(N([H])C(=O)[C@@]([H])(N([H])C(=O)[C@@]([H])(N([H])C(=O)C([H])([H])N([H])C(=O)[C@@]([H])(N([H])C(=O)[C@@]([H])(N([H])C(=O)[C@@]([H])(N([H])[H])C([H])([H])C([H])([H])C([H])([H])C([H])([H])N([H])[H])[C@@]([H])(C([H])([H])[H])C([H])([H])C([H])([H])[H])C([H])([H])C([H])(C([H])([H])[H])C([H])([H])[H])C([H])(C([H])([H])[H])C([H])([H])[H])C([H])([H])O[H])C([H])([H])C([H])([H])C([H])([H])C([H])([H])N([H])[H],0.0
[H]OC(=O)c1c([H])n(N2C([H])([H])C2([H])c2c([H])c([H])c([H])c(C(F)(F)F)c2[H])c2c(F)c(N3C([H])([H])C([H])([H])N(C([H])([H])[H])C([H])([H])C3([H])[H])c(F)c([H])c2c1=O,0.0
[H]c1nc2c(N([H])[H])c([H])c(C([H])([H])c3c([H])nc(N([H])[H])nc3N([H])[H])c([H])c2c(C([H])([H])[H])c1[H],0.0
Cl.NCCCNCCCNC(CCCCC1CCCCC1)CCCCC1CCCCC1,0.0
Cl.NCCNCCNC(CCC1CCCCC1)CCC1CCCCC1,0.0
CC(C)(C)c1ccc(CCCC(CCCc2ccc(C(C)(C)C)cc2)NCCNCCNCCN)cc1.Cl,0.0
CC(C)c1ccc(CCC(CCc2ccc(C(C)C)cc2)NCCNCCNCCN)cc1.Cl,0.0
CC1(C)C2CCC(C2)C1CCC(CCC1C2CCC(C2)C1(C)C)NCCNCCN.Cl,0.0
Cl.NCCCNCC(O)CNC(CCC1CCCCC1)CCC1CCCCC1,0.0
[H]c1nc(N([H])[H])nc(N([H])[H])c1C([H])([H])c1c([H])c([H])c2c(c1[H])C([H])([H])C([H])([H])C([H])([H])N2C([H])([H])[H],0.0
[H]OC(=O)c1c([H])n(C([H])=C([H])[H])c2c([H])c(N3C([H])([H])C4([H])N(C([H])([H])[H])[C@@]([H])(C([H])([H])C3([H])[H])C([H])([H])C4([H])[H])c(F)c([H])c2c1=O,1.0
CCn1cc(C(=O)O)c(=O)c2cc(F)c(N3CCN4CCC3CC4)c(F)c21.Cl.O,1.0
[H]c1nc(N([H])[H])nc(N([H])[H])c1C([H])([H])c1c([H])c(C([H])([H])[H])c2nc(N(C([H])([H])[H])C([H])([H])[H])c([H])c(C([H])([H])[H])c2c1[H],0.0
[H]N=C(N([H])[H])N([H])C([H])([H])C([H])([H])C([H])([H])[C@@]([H])(C(=O)N([H])[C@]([H])(C(=O)N([H])[C@]([H])(C(=O)N([H])[C@]([H])(C(=O)N([H])C([H])([H])C(=O)N([H])[C@]([H])(C(=O)N([H])[C@]([H])(C(=O)N([H])[C@]([H])(C(=O)N([H])[C@]([H])(C(=O)N([H])[C@]([H])(C(=O)N([H])[C@]([H])(C(=O)N([H])[C@]([H])(C(=O)N([H])[C@]([H])(C(=O)N([H])[C@]([H])(C(=O)N([H])[C@]([H])(C(=O)N([H])[C@]([H])(C(=O)N([H])C([H])([H])C(=O)N([H])[C@]([H])(C(=O)N([H])[C@]([H])(C(=O)N([H])[H])C([H])([H])C([H])([H])C([H])([H])N([H])C(=N[H])N([H])[H])C([H])([H])C([H])([H])C([H])([H])N([H])C(=N[H])N([H])[H])[C@]([H])(O[H])C([H])([H])[H])C([H])([H])C([H])(C([H])([H])[H])C([H])([H])[H])[C@@]([H])(C([H])([H])[H])C([H])([H])C([H])([H])[H])C([H])([H])C([H])([H])C([H])([H])N([H])C(=N[H])N([H])[H])C([H])([H])C([H])([H])C([H])([H])N([H])C(=N[H])N([H])[H])C([H])([H])C([H])([H])SC([H])([H])[H])[C@@]([H])(C([H])([H])[H])C([H])([H])C([H])([H])[H])C([H])([H])C([H])([H])C([H])([H])N([H])C(=N[H])N([H])[H])C([H])([H])C([H])([H])C([H])([H])N([H])C(=N[H])N([H])[H])C([H])([H])O[H])C([H])(C([H])([H])[H])C([H])([H])[H])C([H])([H])C([H])([H])C([H])([H])N([H])C(=N[H])N([H])[H])C([H])([H])C([H])(C([H])([H])[H])C([H])([H])[H])[C@@]([H])(C([H])([H])[H])C([H])([H])C([H])([H])[H])N([H])[H],1.0
[H]N=C(N([H])[H])N([H])C([H])([H])C([H])([H])C([H])([H])[C@@]([H])(C(=O)N([H])[C@]([H])(C(=O)N([H])[C@]([H])(C(=O)N([H])[C@]([H])(C(=O)N([H])[C@]([H])(C(=O)N([H])C([H])([H])C(=O)N([H])[C@]([H])(C(=O)N([H])[C@]([H])(C(=O)N([H])[H])C([H])([H])C([H])([H])C([H])([H])C([H])([H])N([H])[H])C([H])([H])C([H])([H])C([H])([H])C([H])([H])N([H])[H])[C@]([H])(O[H])C([H])([H])[H])C([H])([H])C([H])(C([H])([H])[H])C([H])([H])[H])[C@@]([H])(C([H])([H])[H])C([H])([H])C([H])([H])[H])C([H])([H])C([H])([H])C([H])([H])N([H])C(=N[H])N([H])[H])N([H])C(=O)[C@@]([H])(N([H])C(=O)[C@@]([H])(N([H])C(=O)[C@@]([H])(N([H])C(=O)[C@@]([H])(N([H])C(=O)[C@@]([H])(N([H])C(=O)[C@@]([H])(N([H])C(=O)[C@@]([H])(N([H])C(=O)[C@@]([H])(N([H])C(=O)[C@@]([H])(N([H])C(=O)[C@@]([H])(N([H])C(=O)[C@@]([H])(N([H])[H])C([H])([H])C([H])([H])C([H])([H])C([H])([H])N([H])[H])[C@@]([H])(C([H])([H])[H])C([H])([H])C([H])([H])[H])C([H])([H])O[H])C([H])([H])C([H])([H])C([H])([H])C([H])([H])N([H])[H])C([H])([H])C([H])([H])C([H])([H])C([H])([H])N([H])[H])[C@@]([H])(C([H])([H])[H])C([H])([H])C([H])([H])[H])C([H])([H])C([H])([H])SC([H])([H])[H])C([H])([H])C([H])([H])C([H])([H])N([H])C(=N[H])N([H])[H])[C@]([H])(O[H])C([H])([H])[H])C([H])([H])c1c([H])c([H])c([H])c([H])c1[H])C([H])([H])C([H])(C([H])([H])[H])C([H])([H])[H],0.0
[H]N=C(N([H])[H])N([H])C([H])([H])C([H])([H])C([H])([H])[C@@]([H])(C(=O)N([H])[C@]([H])(C(=O)N([H])[C@]([H])(C(=O)N([H])[C@]([H])(C(=O)N([H])[C@]([H])(C(=O)N([H])[C@]([H])(C(=O)N([H])[C@]([H])(C(=O)N([H])[C@]([H])(C(=O)N([H])[C@]([H])(C(=O)N([H])C([H])([H])C(=O)N([H])[C@]([H])(C(=O)N([H])[C@]([H])(C(=O)N([H])[H])C([H])([H])C([H])([H])C([H])([H])C([H])([H])N([H])[H])C([H])([H])C([H])([H])C([H])([H])C([H])([H])N([H])[H])[C@]([H])(O[H])C([H])([H])[H])C([H])([H])C([H])(C([H])([H])[H])C([H])([H])[H])[C@@]([H])(C([H])([H])[H])C([H])([H])C([H])([H])[H])C([H])([H])C(=O)O[H])C([H])([H])C([H])([H])C([H])([H])C([H])([H])N([H])[H])C([H])([H])O[H])[C@@]([H])(C([H])([H])[H])C([H])([H])C([H])([H])[H])C([H])([H])C([H])([H])C([H])([H])N([H])C(=N[H])N([H])[H])N([H])C(=O)[C@@]([H])(N([H])C(=O)[C@@]([H])(N([H])C(=O)[C@@]([H])(N([H])C(=O)[C@@]([H])(N([H])C(=O)[C@@]([H])(N([H])C(=O)[C@@]([H])(N([H])C(=O)[C@@]([H])(N([H])C(=O)[C@@]([H])(N([H])[H])C([H])([H])C([H])([H])C([H])([H])C([H])([H])N([H])[H])C([H])([H])C([H])([H])C([H])([H])C([H])([H])N([H])[H])[C@@]([H])(C([H])([H])[H])C([H])([H])C([H])([H])[H])C([H])([H])C([H])([H])SC([H])([H])[H])C([H])([H])C([H])([H])C([H])([H])N([H])C(=N[H])N([H])[H])[C@]([H])(O[H])C([H])([H])[H])C([H])([H])c1c([H])c([H])c([H])c([H])c1[H])C([H])([H])C([H])(C([H])([H])[H])C([H])([H])[H],1.0
Cl.O.O=C(O)c1cn(-c2ccc(F)cc2)c2cc(N3CCN4CCC3CC4)c(F)cc2c1=O,1.0
[H]OC(=O)c1c([H])n(C2([H])C([H])([H])C2([H])[H])c2c(F)c(N3C([H])([H])[C@@]4([H])N(C([H])([H])[H])C([H])([H])[C@]3([H])C4([H])[H])c(F)c([H])c2c1=O,1.0
CN1[C@H]2CC[C@@H]1CN(c1cc3c(cc1F)c(=O)c(C(=O)O)cn3CCF)C2.Cl.O,0.0
[H]c1nc(N([H])[H])nc(N([H])[H])c1C([H])([H])c1c([H])c(C([H])([H])[H])c2nc(OC([H])([H])[H])c([H])c(C([H])([H])[H])c2c1[H],0.0
[H]OC(=O)c1c([H])n(N2C([H])([H])C2([H])c2c([H])c([H])c([H])c(C(F)(F)F)c2[H])c2c([H])c(N3C([H])([H])C([H])([H])N(C([H])([H])[H])C([H])([H])C3([H])[H])c(F)c([H])c2c1=O,0.0
[H]OC(=O)c1c([H])n(-c2c([H])c([H])c(F)c([H])c2F)c2c([H])c(N3C([H])([H])[C@@]4([H])N(C([H])([H])[H])C([H])([H])[C@]3([H])C4([H])[H])c(F)c([H])c2c1=O,1.0
[H]c1nc(N([H])[H])nc(N([H])[H])c1C([H])([H])c1c([H])c(OC([H])([H])[H])c2nc(C([H])([H])C([H])([H])C([H])([H])C([H])([H])C([H])([H])[H])c([H])c(OC([H])([H])[H])c2c1[H],0.0
[H]OC(=O)c1c([H])n(C([H])([H])C([H])([H])[H])c2c([H])c(N3C([H])([H])C([H])([H])N4C([H])([H])C([H])([H])C3([H])C([H])([H])C4([H])[H])c(F)c([H])c2c1=O,1.0
[H]OC(=O)c1c([H])n(-c2c([H])c([H])c(F)c([H])c2F)c2c(F)c(N3C([H])([H])[C@@]4([H])N([H])C([H])([H])[C@]3([H])C4([H])[H])c(F)c([H])c2c1=O,1.0
[H]c1nc(N([H])[H])nc(N([H])[H])c1C([H])([H])c1c([H])c(OC([H])([H])[H])c2c(c1[H])C([H])(C([H])([H])[H])C([H])([H])C([H])([H])N2C([H])([H])C([H])([H])OC(=O)C([H])([H])[H],0.0
[H]c1nc(N([H])[H])nc(N([H])[H])c1C([H])([H])c1c([H])c(OC([H])([H])[H])c2c(c1[H])C([H])(C([H])([H])[H])C([H])([H])C([H])([H])N2C([H])([H])C([H])([H])OC([H])([H])[H],0.0
[H]C1=C(C([H])([H])[H])N([H])C(=O)[C@]2(O[C@]2([H])C(=O)C([H])([H])C([H])(C([H])([H])[H])C([H])([H])[H])C1=O,0.0
[H]c1nc(N([H])[H])nc(N([H])[H])c1C([H])([H])c1c([H])c([H])c2c(c1[H])C([H])([H])C([H])([H])C([H])([H])N2[H],0.0
[H]OC(=O)c1c([H])n(N2C([H])([H])C2([H])c2nc([H])c([H])c([H])c2[H])c2c([H])c(N3C([H])([H])C([H])([H])N(C([H])([H])[H])C([H])([H])C3([H])[H])c(F)c([H])c2c1=O,0.0
[H]c1nc2c(OC([H])([H])[H])c([H])c(C([H])([H])c3c([H])nc(N([H])[H])nc3N([H])[H])c([H])c2c(C([H])([H])[H])c1[H],0.0
[H]OC(=O)c1c([H])n(C2([H])C([H])([H])C2([H])[H])c2c([H])c(N3C([H])([H])[C@@]4([H])N(C([H])([H])[H])[C@@]([H])(C3([H])[H])C([H])([H])C4([H])[H])c(F)c([H])c2c1=O,1.0
[H]c1nc(N([H])[H])nc(N([H])[H])c1C([H])([H])c1c([H])c([H])c2c(c1[H])C([H])(C([H])([H])[H])C([H])([H])C([H])([H])N2[H],0.0
CC(C)C1CCC(CCC(CCC2CCC(C(C)C)CC2)NCCCNCCCN)CC1.Cl,0.0
[H]c1nc(N([H])[H])nc(N([H])[H])c1C([H])([H])c1c([H])c(Cl)c2c(c1[H])C([H])(C([H])([H])[H])C([H])([H])C([H])(C([H])([H])[H])N2[H],0.0
[H]OC(=O)c1c([H])n(C([H])([H])C([H])([H])[H])c2c([H])c(N3C([H])([H])[C@@]4([H])N([H])C([H])([H])[C@]3([H])C4([H])[H])c(F)c([H])c2c1=O,1.0
[H]OC(=O)c1c([H])n(C2([H])C([H])([H])C2([H])[H])c2c(F)c(N3C([H])([H])[C@@]4([H])N(C([H])([H])[H])[C@@]([H])(C3([H])[H])C([H])([H])C4([H])[H])c(F)c([H])c2c1=O,0.0
[H]OC(=O)c1c([H])n(C([H])([H])C([H])([H])[H])c2c([H])c(N3C([H])([H])[C@@]4([H])N(C([H])([H])[H])[C@@]([H])(C3([H])[H])C([H])([H])C([H])([H])C4([H])[H])c(F)c([H])c2c1=O,0.0
CN1[C@H]2CCC[C@@H]1CN(c1cc3c(cc1F)c(=O)c(C(=O)O)cn3C1CC1)C2.Cl,1.0
[H]N=C(N([H])[H])N([H])C([H])([H])C([H])([H])C([H])([H])[C@@]([H])(C(=O)N([H])[C@]([H])(C(=O)N([H])[C@]([H])(C(=O)N([H])[C@]([H])(C(=O)N([H])[C@]([H])(C(=O)N([H])[C@]([H])(C(=O)N([H])[C@]([H])(C(=O)N([H])[C@]([H])(C(=O)N([H])[C@]([H])(C(=O)N([H])C([H])([H])C(=O)N([H])[C@]([H])(C(=O)N([H])[C@]([H])(C(=O)N([H])[H])C([H])([H])C([H])([H])C([H])([H])C([H])([H])N([H])[H])C([H])([H])C([H])([H])C([H])([H])C([H])([H])N([H])[H])[C@]([H])(O[H])C([H])([H])[H])C([H])([H])C([H])(C([H])([H])[H])C([H])([H])[H])[C@@]([H])(C([H])([H])[H])C([H])([H])C([H])([H])[H])C([H])([H])C(=O)O[H])C([H])([H])C([H])([H])C([H])([H])C([H])([H])N([H])[H])C([H])([H])O[H])[C@@]([H])(C([H])([H])[H])C([H])([H])C([H])([H])[H])C([H])([H])C([H])([H])C([H])([H])N([H])C(=N[H])N([H])[H])N([H])C(=O)[C@@]([H])(N([H])C(=O)[C@@]([H])(N([H])C(=O)[C@@]([H])(N([H])C(=O)[C@@]([H])(N([H])C(=O)[C@@]([H])(N([H])C(=O)[C@@]([H])(N([H])C(=O)C([H])([H])N([H])C(=O)[C@@]([H])(N([H])C(=O)[C@@]([H])(N([H])C(=O)[C@@]([H])(N([H])[H])C([H])([H])C([H])([H])C([H])([H])C([H])([H])N([H])[H])[C@@]([H])(C([H])([H])[H])C([H])([H])C([H])([H])[H])C([H])([H])C([H])(C([H])([H])[H])C([H])([H])[H])C([H])(C([H])([H])[H])C([H])([H])[H])C([H])([H])O[H])C([H])([H])C([H])([H])C([H])([H])C([H])([H])N([H])[H])C([H])([H])C([H])([H])C([H])([H])C([H])([H])N([H])[H])[C@@]([H])(C([H])([H])[H])C([H])([H])C([H])([H])[H])C([H])([H])C([H])([H])SC([H])([H])[H],1.0
[H]N=C(N([H])[H])N([H])C([H])([H])C([H])([H])C([H])([H])[C@@]([H])(C(=O)N([H])[H])N([H])C(=O)[C@@]([H])(N([H])C(=O)[C@@]([H])(N([H])C(=O)[C@@]([H])(N([H])C(=O)[C@@]([H])(N([H])C(=O)[C@@]([H])(N([H])C(=O)[C@@]([H])(N([H])C(=O)[C@@]([H])(N([H])C(=O)[C@@]([H])(N([H])C(=O)[C@@]([H])(N([H])C(=O)[C@@]([H])(N([H])C(=O)[C@@]([H])(N([H])C(=O)C([H])([H])N([H])C(=O)[C@@]([H])(N([H])C(=O)[C@@]([H])(N([H])C(=O)[C@@]([H])(N([H])C(=O)[C@@]([H])(N([H])[H])C([H])([H])C([H])([H])C([H])([H])C([H])([H])N([H])[H])[C@@]([H])(C([H])([H])[H])C([H])([H])C([H])([H])[H])C([H])([H])C([H])(C([H])([H])[H])C([H])([H])[H])C([H])([H])C([H])([H])C([H])([H])N([H])C(=N[H])N([H])[H])C([H])(C([H])([H])[H])C([H])([H])[H])C([H])([H])O[H])C([H])([H])C([H])([H])C([H])([H])C([H])([H])N([H])[H])C([H])([H])C([H])([H])C([H])([H])C([H])([H])N([H])[H])[C@@]([H])(C([H])([H])[H])C([H])([H])C([H])([H])[H])C([H])([H])C([H])([H])SC([H])([H])[H])C([H])([H])C([H])([H])C([H])([H])N([H])C(=N[H])N([H])[H])[C@]([H])(O[H])C([H])([H])[H])C([H])([H])c1c([H])c([H])c([H])c([H])c1[H])C([H])([H])C([H])(C([H])([H])[H])C([H])([H])[H])C([H])([H])C([H])([H])C([H])([H])N([H])C(=N[H])N([H])[H],1.0
CC1(C)C2CCC(C2)C1CCC(CCC1C2CCC(C2)C1(C)C)NCCCNCCNCCCN.Cl,0.0
CC1(C)C2CCC(C2)C1CCC(CCC1C2CCC(C2)C1(C)C)NCCCN(CCCN)CCCN.Cl,0.0
Cl.NCCCNCCCNC(CCC1CCCC1)CCC1CCCC1,0.0
CC1(C)C2CCC(C2)C1CCC(CCC1C2CCC(C2)C1(C)C)NCCNCCNCCN.Cl,0.0
[H]N=C(N([H])[H])N([H])C([H])([H])C([H])([H])C([H])([H])[C@@]([H])(C(=O)N([H])[C@]([H])(C(=O)N([H])[C@]([H])(C(=O)N([H])[C@]([H])(C(=O)N([H])[C@]([H])(C(=O)N([H])[C@]([H])(C(=O)N([H])C([H])([H])C(=O)N([H])[C@]([H])(C(=O)N([H])[C@]([H])(C(=O)N([H])[C@]([H])(C(=O)N([H])[C@]([H])(C(=O)N([H])[C@]([H])(C(=O)N([H])[C@]([H])(C(=O)N([H])C([H])([H])C(=O)O[H])C([H])([H])c1c([H])n([H])c2c([H])c([H])c([H])c([H])c12)C([H])([H])c1c([H])c([H])c([H])c([H])c1[H])C([H])([H])c1c([H])n([H])c2c([H])c([H])c([H])c([H])c12)C([H])([H])c1c([H])c([H])c([H])c([H])c1[H])C([H])([H])c1c([H])n([H])c2c([H])c([H])c([H])c([H])c12)C([H])([H])C([H])([H])C([H])([H])C([H])([H])N([H])[H])C([H])([H])C([H])([H])C([H])([H])C([H])([H])N([H])[H])C([H])([H])c1c([H])c([H])c([H])c([H])c1[H])C([H])([H])C([H])([H])C([H])([H])C([H])([H])N([H])[H])C([H])([H])c1c([H])n([H])c2c([H])c([H])c([H])c([H])c12)C([H])([H])c1c([H])c([H])c([H])c([H])c1[H])N([H])C(=O)[C@@]([H])(N([H])C(=O)[C@@]([H])(N([H])C(=O)[C@@]([H])(N([H])C(=O)[C@@]([H])(N([H])C(=O)C([H])([H])N([H])[H])C([H])([H])C([H])([H])C([H])([H])C([H])([H])N([H])[H])C([H])([H])C([H])([H])C([H])([H])C([H])([H])N([H])[H])C([H])([H])c1c([H])c([H])c(O[H])c([H])c1[H])C([H])([H])C([H])([H])C([H])([H])N([H])C(=N[H])N([H])[H],1.0
[H]c1nc(N([H])[H])nc(N([H])[H])c1C([H])([H])c1c([H])c(C([H])([H])C([H])([H])[H])c2c(c1[H])C([H])(C([H])([H])[H])C([H])([H])C([H])([H])N2C([H])([H])[H],1.0
[H]OC([H])([H])C([H])([H])N1c2c(OC([H])([H])[H])c([H])c(C([H])([H])c3c([H])nc(N([H])[H])nc3N([H])[H])c([H])c2C([H])(C([H])([H])[H])C([H])([H])C1([H])[H],0.0
[H]C1=C(C([H])([H])[H])N([H])C(=O)[C@]2(O[C@@]2([H])C(=O)C([H])([H])C([H])(C([H])([H])[H])C([H])([H])[H])C1=O,0.0
[H]c1nc(N([H])[H])nc(N([H])[H])c1C([H])([H])c1c([H])c(OC([H])([H])[H])c2nc(C([H])([H])[H])c([H])c(N(C([H])([H])[H])C([H])([H])[H])c2c1[H],0.0
[H]c1nc(N([H])[H])nc(N([H])[H])c1C([H])([H])c1c([H])c([H])c2nc(N(C([H])([H])[H])C([H])([H])[H])c([H])c(C([H])([H])[H])c2c1[H],0.0
[H]OC(=O)c1c([H])n(N2C3([H])C([H])([H])C([H])([H])C([H])([H])C([H])([H])C23[H])c2c([H])c(N3C([H])([H])C([H])([H])N(C([H])([H])[H])C([H])([H])C3([H])[H])c(F)c([H])c2c1=O,0.0
[H]c1nc(N([H])[H])nc(N([H])[H])c1C([H])([H])c1c([H])c(OC([H])([H])[H])c2c(c1[H])C([H])([H])C([H])([H])C([H])([H])N2[H],1.0
[H]c1nc(N([H])[H])nc(N([H])[H])c1C([H])([H])c1c([H])c(OC([H])([H])[H])c2nc(C([H])([H])[H])c([H])c(C([H])([H])[H])c2c1[H],0.0
[H]c1nc(N([H])[H])nc(N([H])[H])c1C([H])([H])c1c([H])c(OC([H])([H])[H])c2nc(C([H])([H])[H])c([H])c(OC([H])([H])[H])c2c1[H],0.0
[H]C([H])([H])C([H])(C([H])([H])[H])C([H])([H])C(=O)C1([H])OC12C(=O)C([H])([H])C(C([H])([H])[H])(C([H])([H])[H])C([H])([H])C2=O,0.0
[H]OC(=O)c1c([H])n(N([H])C([H])([H])[H])c2c([H])c(N3C([H])([H])C([H])([H])N4C([H])([H])C([H])([H])C3([H])C([H])([H])C4([H])[H])c(F)c([H])c2c1=O,0.0
[H]C1=C(C([H])([H])[H])N(C([H])([H])[H])C(=O)[C@]2(O[C@@]2([H])C(=O)C([H])([H])C([H])(C([H])([H])[H])C([H])([H])[H])C1=O,0.0
[H]C1=C(C([H])([H])[H])N([H])C(=O)[C@]2(O[C@]2([H])C(=O)C([H])([H])C([H])([H])C([H])([H])C([H])([H])C([H])([H])C([H])([H])C([H])([H])C([H])([H])C([H])([H])[H])C1=O,0.0
[H]N=C(N([H])[H])N([H])C([H])([H])C([H])([H])C([H])([H])[C@@]([H])(C(=O)N([H])C([H])([H])C(=O)N([H])[C@]([H])(C(=O)N([H])[C@]([H])(C(=O)N([H])[C@]([H])(C(=O)N([H])[C@]([H])(C(=O)N([H])[C@]([H])(C(=O)N([H])C([H])([H])C(=O)O[H])C([H])([H])c1c([H])n([H])c2c([H])c([H])c([H])c([H])c12)C([H])([H])c1c([H])c([H])c([H])c([H])c1[H])C([H])([H])c1c([H])n([H])c2c([H])c([H])c([H])c([H])c12)C([H])([H])c1c([H])c([H])c([H])c([H])c1[H])C([H])([H])C([H])([H])C([H])([H])N([H])C(=N[H])N([H])[H])N([H])C(=O)[C@@]([H])(N([H])C(=O)[C@@]([H])(N([H])C(=O)[C@@]([H])(N([H])C(=O)[C@@]([H])(N([H])C(=O)[C@@]([H])(N([H])C(=O)[C@@]([H])(N([H])C(=O)[C@@]([H])(N([H])C(=O)[C@@]([H])(N([H])C(=O)[C@@]([H])(N([H])C(=O)[C@@]([H])(N([H])C(=O)C([H])([H])N([H])[H])C([H])([H])C([H])([H])C([H])([H])N([H])C(=N[H])N([H])[H])C([H])([H])C([H])([H])C([H])([H])N([H])C(=N[H])N([H])[H])C([H])([H])c1c([H])c([H])c(O[H])c([H])c1[H])C([H])([H])C([H])([H])C([H])([H])C([H])([H])N([H])[H])C([H])([H])C([H])([H])C([H])([H])C([H])([H])N([H])[H])C([H])([H])c1c([H])c([H])c([H])c([H])c1[H])C([H])([H])C([H])([H])C([H])([H])C([H])([H])N([H])[H])C([H])([H])c1c([H])n([H])c2c([H])c([H])c([H])c([H])c12)C([H])([H])C([H])([H])C([H])([H])N([H])C(=N[H])N([H])[H])C([H])([H])c1c([H])c([H])c([H])c([H])c1[H],0.0
[H]N=C(N([H])[H])N([H])C([H])([H])C([H])([H])C([H])([H])[C@@]([H])(C(=O)N([H])C([H])([H])C(=O)N([H])[C@]([H])(C(=O)N([H])[C@]([H])(C(=O)N([H])[C@]([H])(C(=O)N([H])[C@]([H])(C(=O)N([H])[C@]([H])(C(=O)N([H])[C@]([H])(C(=O)N([H])[C@]([H])(C(=O)N([H])[C@]([H])(C(=O)N([H])[C@]([H])(C(=O)N([H])[C@]([H])(C(=O)N([H])[C@]([H])(C(=O)N([H])[C@]([H])(C(=O)N([H])[C@]([H])(C(=O)N([H])[C@]([H])(C(=O)N([H])[C@]([H])(C(=O)N([H])[C@]([H])(C(=O)N([H])[C@]([H])(C(=O)N([H])[C@]([H])(C(=O)N([H])[C@]([H])(C(=O)N([H])C([H])([H])C(=O)N([H])[C@]([H])(C(=O)N([H])[C@]([H])(C(=O)O[H])C([H])([H])C([H])([H])C([H])([H])C([H])([H])N([H])[H])C([H])([H])C([H])([H])C([H])([H])C([H])([H])N([H])[H])[C@]([H])(O[H])C([H])([H])[H])C([H])([H])C([H])(C([H])([H])[H])C([H])([H])[H])[C@@]([H])(C([H])([H])[H])C([H])([H])C([H])([H])[H])C([H])([H])C(=O)O[H])C([H])([H])C([H])([H])C([H])([H])C([H])([H])N([H])[H])C([H])([H])O[H])[C@@]([H])(C([H])([H])[H])C([H])([H])C([H])([H])[H])C([H])([H])C([H])([H])C([H])([H])N([H])C(=N[H])N([H])[H])C([H])([H])C([H])([H])C([H])([H])N([H])C(=N[H])N([H])[H])C([H])([H])C([H])(C([H])([H])[H])C([H])([H])[H])C([H])([H])c1c([H])c([H])c([H])c([H])c1[H])[C@]([H])(O[H])C([H])([H])[H])C([H])([H])C([H])([H])C([H])([H])N([H])C(=N[H])N([H])[H])C([H])([H])C([H])([H])SC([H])([H])[H])[C@@]([H])(C([H])([H])[H])C([H])([H])C([H])([H])[H])C([H])([H])C([H])([H])C([H])([H])C([H])([H])N([H])[H])C([H])([H])C([H])([H])C([H])([H])C([H])([H])N([H])[H])C([H])([H])S[H])C([H])(C([H])([H])[H])C([H])([H])[H])N([H])C(=O)[C@@]([H])(N([H])C(=O)[C@@]([H])(N([H])C(=O)[C@@]([H])(N([H])[H])C([H])([H])C([H])([H])C([H])([H])C([H])([H])N([H])[H])[C@@]([H])(C([H])([H])[H])C([H])([H])C([H])([H])[H])C([H])([H])C([H])(C([H])([H])[H])C([H])([H])[H],1.0
[H]N=C(N([H])[H])N([H])C([H])([H])C([H])([H])C([H])([H])[C@@]([H])(C(=O)N([H])[C@]([H])(C(=O)N([H])[C@]([H])(C(=O)N([H])[H])C([H])([H])C([H])([H])C(=O)N([H])[H])C([H])([H])C([H])([H])C(=O)N([H])[H])N([H])C(=O)[C@@]([H])(N([H])C(=O)[C@@]([H])(N([H])C(=O)[C@@]([H])(N([H])C(=O)[C@@]([H])(N([H])C(=O)[C@@]([H])(N([H])C(=O)[C@@]([H])(N([H])C(=O)[C@@]([H])(N([H])C(=O)[C@@]([H])(N([H])C(=O)[C@@]([H])(N([H])C(=O)[C@@]1([H])N(C(=O)[C@@]([H])(N([H])C(=O)C([H])([H])N([H])C(=O)[C@@]([H])(N([H])C(=O)[C@@]([H])(N([H])C(=O)[C@@]([H])(N([H])C(=O)[C@@]([H])(N([H])C(=O)[C@@]([H])(N([H])C(=O)[C@@]([H])(N([H])C(=O)[C@@]([H])(N([H])C(=O)[C@@]([H])(N([H])C(=O)C([H])([H])N([H])C(=O)[C@@]([H])(N([H])C(=O)C([H])([H])N([H])[H])[C@@]([H])(C([H])([H])[H])C([H])([H])C([H])([H])[H])C([H])([H])[H])C([H])(C([H])([H])[H])C([H])([H])[H])C([H])([H])C([H])(C([H])([H])[H])C([H])([H])[H])C([H])([H])C([H])([H])C([H])([H])C([H])([H])N([H])[H])C([H])(C([H])([H])[H])C([H])([H])[H])C([H])([H])C([H])(C([H])([H])[H])C([H])([H])[H])[C@]([H])(O[H])C([H])([H])[H])[C@]([H])(O[H])C([H])([H])[H])C([H])([H])C([H])(C([H])([H])[H])C([H])([H])[H])C([H])([H])C([H])([H])C1([H])[H])C([H])([H])[H])C([H])([H])C([H])(C([H])([H])[H])C([H])([H])[H])[C@@]([H])(C([H])([H])[H])C([H])([H])C([H])([H])[H])C([H])([H])O[H])C([H])([H])c1c([H])n([H])c2c([H])c([H])c([H])c([H])c12)[C@@]([H])(C([H])([H])[H])C([H])([H])C([H])([H])[H])C([H])([H])C([H])([H])C([H])([H])C([H])([H])N([H])[H])C([H])([H])C([H])([H])C([H])([H])N([H])C(=N[H])N([H])[H])C([H])([H])C([H])([H])C([H])([H])C([H])([H])N([H])[H],1.0
[H]N=C(N([H])[H])N([H])C([H])([H])C([H])([H])C([H])([H])[C@@]([H])(C(=O)N([H])C([H])([H])C(=O)N([H])[C@]([H])(C(=O)N([H])[C@]([H])(C(=O)N([H])[C@]([H])(C(=O)N([H])[C@]([H])(C(=O)N([H])[C@]([H])(C(=O)N([H])[C@]([H])(C(=O)N([H])[C@]([H])(C(=O)N([H])[C@]([H])(C(=O)N([H])[C@]([H])(C(=O)N([H])[C@]([H])(C(=O)N([H])[C@]([H])(C(=O)N([H])[C@]([H])(C(=O)N([H])[C@]([H])(C(=O)N([H])[C@]([H])(C(=O)N([H])[C@]([H])(C(=O)N([H])C([H])([H])C(=O)N([H])[C@]([H])(C(=O)N([H])[C@]([H])(C(=O)N([H])[H])C([H])([H])C([H])([H])C([H])([H])C([H])([H])N([H])[H])C([H])([H])C([H])([H])C([H])([H])C([H])([H])N([H])[H])[C@]([H])(O[H])C([H])([H])[H])C([H])([H])C([H])(C([H])([H])[H])C([H])([H])[H])[C@@]([H])(C([H])([H])[H])C([H])([H])C([H])([H])[H])C([H])([H])C(=O)O[H])C([H])([H])C([H])([H])C([H])([H])C([H])([H])N([H])[H])C([H])([H])O[H])[C@@]([H])(C([H])([H])[H])C([H])([H])C([H])([H])[H])C([H])([H])C([H])([H])C([H])([H])N([H])C(=N[H])N([H])[H])C([H])([H])C([H])([H])C([H])([H])N([H])C(=N[H])N([H])[H])C([H])([H])C([H])([H])SC([H])([H])[H])[C@@]([H])(C([H])([H])[H])C([H])([H])C([H])([H])[H])C([H])([H])C([H])([H])C([H])([H])C([H])([H])N([H])[H])C([H])([H])C([H])([H])C([H])([H])C([H])([H])N([H])[H])C([H])([H])O[H])C([H])(C([H])([H])[H])C([H])([H])[H])N([H])C(=O)[C@@]([H])(N([H])C(=O)[C@@]([H])(N([H])C(=O)[C@@]([H])(N([H])[H])C([H])([H])C([H])([H])C([H])([H])C([H])([H])N([H])[H])[C@@]([H])(C([H])([H])[H])C([H])([H])C([H])([H])[H])C([H])([H])C([H])(C([H])([H])[H])C([H])([H])[H],1.0
[H]c1nc2c([H])c([H])c(C([H])([H])c3c([H])nc(N([H])[H])nc3N([H])[H])c([H])c2c([H])c1[H],0.0
[H]OC(=O)c1c([H])n(C([H])([H])C([H])([H])[H])c2c([H])c(C([H])([H])[H])c([H])c([H])c2c1=O,0.0
[H]N=C(N([H])[H])N([H])C([H])([H])C([H])([H])C([H])([H])[C@@]([H])(C(=O)N([H])[C@]([H])(C(=O)N([H])[C@]([H])(C(=O)N([H])[C@]([H])(C(=O)N([H])[C@]([H])(C(=O)N([H])[C@]([H])(C(=O)N([H])[C@]([H])(C(=O)N([H])C([H])([H])C(=O)N([H])[C@]([H])(C(=O)N([H])[C@]([H])(C(=O)N([H])[C@]([H])(C(=O)N([H])[C@]([H])(C(=O)N([H])[C@]([H])(C(=O)N([H])C([H])([H])C(=O)O[H])C([H])([H])c1c([H])c([H])c([H])c([H])c1[H])C([H])([H])c1c([H])n([H])c2c([H])c([H])c([H])c([H])c12)C([H])([H])c1c([H])c([H])c([H])c([H])c1[H])C([H])([H])c1c([H])n([H])c2c([H])c([H])c([H])c([H])c12)C([H])([H])C([H])([H])C([H])([H])C([H])([H])N([H])[H])C([H])([H])C([H])([H])C([H])([H])C([H])([H])N([H])[H])C([H])([H])c1c([H])c([H])c([H])c([H])c1[H])C([H])([H])C([H])([H])C([H])([H])C([H])([H])N([H])[H])C([H])([H])c1c([H])n([H])c2c([H])c([H])c([H])c([H])c12)C([H])([H])C([H])([H])C([H])([H])N([H])C(=N[H])N([H])[H])C([H])([H])c1c([H])c([H])c([H])c([H])c1[H])N([H])C(=O)[C@@]([H])(N([H])C(=O)[C@@]([H])(N([H])C(=O)[C@@]([H])(N([H])C(=O)[C@@]([H])(N([H])C(=O)C([H])([H])N([H])[H])C([H])([H])C([H])([H])C([H])([H])C([H])([H])N([H])[H])C([H])([H])C([H])([H])C([H])([H])C([H])([H])N([H])[H])C([H])([H])c1c([H])c([H])c(O[H])c([H])c1[H])C([H])([H])C([H])([H])C([H])([H])N([H])C(=N[H])N([H])[H],1.0
[H]N=C(N([H])[H])N([H])C([H])([H])C([H])([H])C([H])([H])[C@@]([H])(C(=O)N([H])[C@]([H])(C(=O)N([H])[C@]([H])(C(=O)N([H])[C@]([H])(C(=O)N([H])[C@]([H])(C(=O)N([H])C([H])([H])C(=O)O[H])C([H])([H])c1c([H])n([H])c2c([H])c([H])c([H])c([H])c12)C([H])([H])c1c([H])c([H])c([H])c([H])c1[H])C([H])([H])c1c([H])n([H])c2c([H])c([H])c([H])c([H])c12)C([H])([H])c1c([H])c([H])c([H])c([H])c1[H])N([H])C(=O)C([H])([H])N([H])C(=O)[C@@]([H])(N([H])C(=O)[C@@]([H])(N([H])C(=O)[C@@]([H])(N([H])C(=O)[C@@]([H])(N([H])C(=O)[C@@]([H])(N([H])C(=O)[C@@]([H])(N([H])C(=O)[C@@]([H])(N([H])C(=O)[C@@]([H])(N([H])C(=O)[C@@]([H])(N([H])C(=O)[C@@]([H])(N([H])C(=O)[C@@]([H])(N([H])C(=O)[C@@]([H])(N([H])C(=O)C([H])([H])N([H])[H])C([H])([H])C([H])([H])C([H])([H])C([H])([H])N([H])[H])C([H])([H])C([H])([H])C([H])([H])C([H])([H])N([H])[H])C([H])([H])c1c([H])c([H])c(O[H])c([H])c1[H])C([H])([H])C([H])([H])C([H])([H])N([H])C(=N[H])N([H])[H])C([H])([H])C([H])([H])C([H])([H])N([H])C(=N[H])N([H])[H])C([H])([H])c1c([H])c([H])c([H])c([H])c1[H])C([H])([H])C([H])([H])C([H])([H])N([H])C(=N[H])N([H])[H])C([H])([H])c1c([H])n([H])c2c([H])c([H])c([H])c([H])c12)C([H])([H])C([H])([H])C([H])([H])C([H])([H])N([H])[H])C([H])([H])c1c([H])c([H])c([H])c([H])c1[H])C([H])([H])C([H])([H])C([H])([H])N([H])C(=N[H])N([H])[H])C([H])([H])C([H])([H])C([H])([H])C([H])([H])N([H])[H],1.0
[H]OC(=O)c1c([H])n(C([H])([H])C([H])([H])[H])c2c([H])c(N3C([H])([H])[C@@]4([H])N(C([H])([H])[H])C([H])([H])[C@]3([H])C4([H])[H])c(F)c([H])c2c1=O,1.0
Cl.O.O=C(O)c1cn(CCF)c2c(F)c(N3CCN4CCC3CC4)c(F)cc2c1=O,0.0
[H]OC(=O)c1c([H])n(C([H])([H])C([H])([H])F)c2c(F)c(N3C([H])([H])[C@@]4([H])N(C([H])([H])[H])[C@@]([H])(C3([H])[H])C([H])([H])C4([H])[H])c(F)c([H])c2c1=O,0.0
[H]OC(=O)c1c([H])n(C2([H])C([H])([H])C2([H])[H])c2nc(N3C([H])([H])C4([H])N(C([H])([H])[H])[C@@]([H])(C([H])([H])C3([H])[H])C([H])([H])C4([H])[H])c(F)c([H])c2c1=O,1.0
[H]OC(=O)c1c([H])n(C([H])=C([H])[H])c2c([H])c(N3C([H])([H])C([H])([H])N4C([H])([H])C([H])([H])C3([H])C([H])([H])C4([H])[H])c(F)c([H])c2c1=O,1.0
[H]OC(=O)c1c([H])n(-c2c([H])c([H])c(F)c([H])c2[H])c2c([H])c(N3C([H])([H])C([H])([H])N4C([H])([H])C([H])([H])C([H])([H])C3([H])C4([H])[H])c(F)c([H])c2c1=O,1.0
[H]c1nc(N([H])[H])nc(N([H])[H])c1C([H])([H])c1c([H])c(OC([H])([H])[H])c2c(c1[H])C([H])(C([H])([H])[H])C([H])([H])C([H])([H])N2[H],0.0
[H]c1nc(N([H])[H])nc(N([H])[H])c1C([H])([H])c1c([H])c([H])c2c(c1[H])C([H])(C([H])([H])[H])C([H])([H])C([H])([H])N2C([H])([H])C([H])([H])[H],0.0
[H]c1nc(N([H])[H])nc(N([H])[H])c1C([H])([H])c1c([H])c(OC([H])([H])[H])c2c(c1[H])C([H])([H])C([H])(C([H])([H])OC(=O)C([H])([H])[H])C([H])([H])N2[H],0.0
[H]Oc1c([H])c([H])c(C(=O)N([H])N([H])[H])c(O[H])c1[H],0.0
[H]OC(=O)c1c([H])n(C([H])([H])C([H])([H])F)c2c([H])c(N3C([H])([H])C4([H])N(C([H])([H])[H])[C@@]([H])(C([H])([H])C3([H])[H])C([H])([H])C4([H])[H])c(F)c([H])c2c1=O,1.0
[H]N=C(N([H])[H])N([H])C([H])([H])C([H])([H])C([H])([H])[C@@]([H])(C(=O)N([H])C([H])([H])C(=O)N([H])[C@]([H])(C(=O)N([H])[C@]([H])(C(=O)N([H])[C@]([H])(C(=O)N([H])[C@]([H])(C(=O)N([H])[C@]([H])(C(=O)N([H])[C@]([H])(C(=O)N([H])[C@]([H])(C(=O)N([H])C([H])([H])C(=O)O[H])C([H])([H])c1c([H])c([H])c([H])c([H])c1[H])C([H])([H])S[H])C([H])([H])c1c([H])n([H])c2c([H])c([H])c([H])c([H])c12)C([H])([H])c1c([H])c([H])c([H])c([H])c1[H])C([H])([H])c1c([H])n([H])c2c([H])c([H])c([H])c([H])c12)C([H])([H])c1c([H])c([H])c([H])c([H])c1[H])C([H])([H])C([H])([H])C([H])([H])N([H])C(=N[H])N([H])[H])N([H])C(=O)[C@@]([H])(N([H])C(=O)[C@@]([H])(N([H])C(=O)[C@@]([H])(N([H])C(=O)[C@@]([H])(N([H])C(=O)[C@@]([H])(N([H])C(=O)[C@@]([H])(N([H])C(=O)[C@@]([H])(N([H])C(=O)[C@@]([H])(N([H])C(=O)[C@@]([H])(N([H])C(=O)[C@@]([H])(N([H])C(=O)[C@@]([H])(N([H])C(=O)[C@@]([H])(N([H])C(=O)C([H])([H])N([H])[H])C([H])([H])S[H])C([H])([H])C([H])([H])C([H])([H])N([H])C(=N[H])N([H])[H])C([H])([H])C([H])([H])C([H])([H])N([H])C(=N[H])N([H])[H])C([H])([H])c1c([H])c([H])c([H])c([H])c1[H])C([H])([H])C([H])([H])C([H])([H])C([H])([H])N([H])[H])C([H])([H])C([H])([H])C([H])([H])C([H])([H])N([H])[H])C([H])([H])c1c([H])c([H])c([H])c([H])c1[H])C([H])([H])C([H])([H])C([H])([H])C([H])([H])N([H])[H])C([H])([H])C([H])([H])C([H])([H])C([H])([H])N([H])[H])C([H])([H])c1c([H])n([H])c2c([H])c([H])c([H])c([H])c12)C([H])([H])C([H])([H])C([H])([H])N([H])C(=N[H])N([H])[H])C([H])([H])c1c([H])c([H])c(O[H])c([H])c1[H],0.0
Cl.NCCNCCNCCNC(CCC1CCCCC1)CCC1CCCCC1,0.0
Cl.NCCNCCNCCNC(CCCC1CCCCC1)CCCC1CCCCC1,0.0
CC(C)(C)c1ccc(CCCC(CCCc2ccc(C(C)(C)C)cc2)NCCCNCCCN)cc1.Cl,0.0
CC(C)(C)c1ccc(CCC(CCc2ccc(C(C)(C)C)cc2)NCCCNCCCN)cc1.Cl,0.0
CC(C)(C)c1ccc(CCCC(CCCc2ccc(C(C)(C)C)cc2)NCCCNCCCNCCCN)cc1.Cl,0.0
[H]OC(=O)c1c([H])n(-c2c([H])c([H])c(F)c([H])c2[H])c2c([H])c(N3C([H])([H])[C@@]4([H])N(C([H])([H])[H])C([H])([H])[C@]3([H])C4([H])[H])c(F)c([H])c2c1=O,1.0
[H]c1nc2c([H])c([H])c(C([H])([H])c3c([H])nc(N([H])[H])nc3N([H])[H])c([H])c2c(C([H])([H])[H])c1[H],1.0
[H]OC(=O)c1c([H])n(C2([H])C([H])([H])C2([H])[H])c2c(F)c(N3C([H])([H])C([H])([H])N4C([H])([H])C([H])([H])C3([H])C([H])([H])C4([H])[H])c(F)c([H])c2c1=O,1.0
[H]N=C(N([H])[H])N([H])C([H])([H])C([H])([H])C([H])([H])[C@@]([H])(C(=O)N([H])[C@]([H])(C(=O)N([H])[C@]([H])(C(=O)N([H])[C@]([H])(C(=O)N([H])[C@]([H])(C(=O)N([H])[C@]([H])(C(=O)N([H])[C@]([H])(C(=O)N([H])[C@]([H])(C(=O)N([H])C([H])([H])C(=O)N([H])[C@]([H])(C(=O)N([H])[C@]([H])(C(=O)N([H])[C@]([H])(C(=O)N([H])[C@]([H])(C(=O)N([H])[C@]([H])(C(=O)N([H])[C@]([H])(C(=O)N([H])C([H])([H])C(=O)O[H])C([H])([H])S[H])C([H])([H])c1c([H])n([H])c2c([H])c([H])c([H])c([H])c12)C([H])([H])c1c([H])c([H])c([H])c([H])c1[H])C([H])([H])c1c([H])n([H])c2c([H])c([H])c([H])c([H])c12)C([H])([H])c1c([H])c([H])c([H])c([H])c1[H])C([H])([H])C([H])([H])C([H])([H])C([H])([H])N([H])[H])C([H])([H])C([H])([H])C([H])([H])C([H])([H])N([H])[H])C([H])([H])c1c([H])c([H])c(O[H])c([H])c1[H])C([H])([H])C([H])([H])C([H])([H])C([H])([H])N([H])[H])C([H])([H])c1c([H])n([H])c2c([H])c([H])c([H])c([H])c12)C([H])([H])C([H])([H])C([H])([H])C([H])([H])N([H])[H])C([H])([H])C([H])(C([H])([H])[H])C([H])([H])[H])C([H])([H])C([H])([H])C([H])([H])N([H])C(=N[H])N([H])[H])N([H])C(=O)[C@@]([H])(N([H])C(=O)[C@@]([H])(N([H])C(=O)[C@@]([H])(N([H])C(=O)[C@@]([H])(N([H])C(=O)C([H])([H])N([H])[H])C([H])([H])S[H])C([H])([H])C([H])([H])C([H])([H])C([H])([H])N([H])[H])C([H])([H])C([H])([H])C([H])([H])C([H])([H])N([H])[H])C([H])([H])c1c([H])c([H])c([H])c([H])c1[H],1.0
[H]C1=C(C([H])([H])[H])N([H])C(=O)[C@]2(O[C@@]2([H])C(=O)C([H])([H])C([H])([H])C([H])([H])C([H])([H])C([H])([H])C([H])([H])C([H])([H])C([H])([H])C([H])([H])[H])C1=O,1.0
[H]OC([H])([H])C1([H])C([H])([H])c2c([H])c(C([H])([H])c3c([H])nc(N([H])[H])nc3N([H])[H])c([H])c(OC([H])([H])[H])c2N([H])C1([H])[H],0.0
[H]c1nc(N([H])[H])nc(N([H])[H])c1C([H])([H])c1c([H])c(OC([H])([H])C([H])([H])OC([H])([H])[H])c2c(c1[H])C([H])([H])C([H])([H])C([H])([H])N2[H],0.0
[H]OC(=O)c1c([H])n(C2([H])C([H])([H])C2([H])[H])c2c([H])c(N3C([H])([H])[C@]4([H])N(C([H])([H])[H])C([H])([H])[C@@]3([H])C4([H])[H])c(F)c([H])c2c1=O,1.0
[H]OC(=O)c1c([H])n(C([H])=C([H])[H])c2c([H])c(N3C([H])([H])[C@@]4([H])N(C([H])([H])[H])[C@@]([H])(C3([H])[H])C([H])([H])C4([H])[H])c(F)c([H])c2c1=O,0.0
[H]C1=C(C([H])([H])[H])N([H])C(=O)C2(OC2([H])C(=O)C([H])([H])C([H])(C([H])([H])[H])C([H])([H])[H])C1=O,0.0
CC1CC(=O)c2c(N3CCN4CCC3CC4)c(F)cc3c(=O)c(C(=O)O)cn1c23.Cl.O,0.0
[H]N=C(N([H])[H])N([H])C([H])([H])C([H])([H])C([H])([H])[C@@]([H])(C(=O)N([H])[C@]([H])(C(=O)N([H])[C@]([H])(C(=O)N([H])[C@]([H])(C(=O)N([H])[C@]([H])(C(=O)N([H])[C@]([H])(C(=O)N([H])[C@]([H])(C(=O)N([H])C([H])([H])C(=O)N([H])[C@]([H])(C(=O)N([H])[C@]([H])(C(=O)N([H])[C@]([H])(C(=O)N([H])[C@]([H])(C(=O)N([H])[C@]([H])(C(=O)N([H])[C@]([H])(C(=O)N([H])C([H])([H])C(=O)O[H])C([H])([H])S[H])C([H])([H])c1c([H])n([H])c2c([H])c([H])c([H])c([H])c12)C([H])([H])c1c([H])c([H])c([H])c([H])c1[H])C([H])([H])c1c([H])n([H])c2c([H])c([H])c([H])c([H])c12)C([H])([H])c1c([H])c([H])c([H])c([H])c1[H])C([H])([H])C([H])([H])C([H])([H])C([H])([H])N([H])[H])C([H])([H])C([H])([H])C([H])([H])C([H])([H])N([H])[H])C([H])([H])c1c([H])c([H])c([H])c([H])c1[H])C([H])([H])C([H])([H])C([H])([H])C([H])([H])N([H])[H])C([H])([H])c1c([H])n([H])c2c([H])c([H])c([H])c([H])c12)C([H])([H])C([H])([H])C([H])([H])N([H])C(=N[H])N([H])[H])C([H])([H])c1c([H])c([H])c([H])c([H])c1[H])N([H])C(=O)[C@@]([H])(N([H])C(=O)[C@@]([H])(N([H])C(=O)[C@@]([H])(N([H])C(=O)[C@@]([H])(N([H])C(=O)[C@@]([H])(N([H])C(=O)C([H])([H])N([H])[H])C([H])([H])S[H])C([H])([H])C([H])([H])C([H])([H])C([H])([H])N([H])[H])C([H])([H])C([H])([H])C([H])([H])C([H])([H])N([H])[H])C([H])([H])c1c([H])c([H])c(O[H])c([H])c1[H])C([H])([H])C([H])([H])C([H])([H])N([H])C(=N[H])N([H])[H],0.0
CC1(C)C2CCC(C2)C1CCC(CCC1C2CCC(C2)C1(C)C)NCCNCCNCCCN.Cl,0.0
CC1(C)C2CCC(C2)C1CCC(CCC1C2CCC(C2)C1(C)C)NCCN(CCN)CCN.Cl,0.0
C[Si]1(C)OB(O)c2cc(F)c(F)cc21,0.0
C[Si]1(C)OB(O)c2c(F)c(F)c(F)c(F)c21,0.0
[H]OC(=O)c1c([H])n(C([H])([H])C([H])([H])[H])c2c([H])c(N3C([H])([H])C([H])([H])N([H])C([H])([H])C3([H])[H])c(F)c([H])c2c1=O,0.0
CC(C)CCCCC(=O)N[C@@H](CCN)C(=O)N[C@H](C(=O)N[C@@H](CCN)C(=O)N[C@H]1CCNC(=O)[C@H]([C@@H](C)O)NC(=O)[C@H](CCN)NC(=O)[C@H](CCN)NC(=O)[C@H](CC(C)C)NC(=O)[C@@H](Cc2ccccc2)NC(=O)[C@@H](CCN)NC1=O)[C@@H](C)O.CC[C@H](C)CCCCC(=O)N[C@@H](CCN)C(=O)N[C@H](C(=O)N[C@@H](CCN)C(=O)N[C@H]1CCNC(=O)[C@H]([C@@H](C)O)NC(=O)[C@H](CCN)NC(=O)[C@H](CCN)NC(=O)[C@H](CC(C)C)NC(=O)[C@@H](Cc2ccccc2)NC(=O)[C@@H](CCN)NC1=O)[C@@H](C)O,1.0
[H]N=C(N([H])[H])N([H])C([H])([H])C([H])([H])C([H])([H])[C@@]([H])(C(=O)N([H])C([H])([H])C(=O)N([H])[C@]([H])(C(=O)N([H])[C@]([H])(C(=O)N([H])[C@]([H])(C(=O)N([H])[C@]([H])(C(=O)N([H])[C@]([H])(C(=O)N([H])[C@]([H])(C(=O)N([H])[C@]([H])(C(=O)N([H])[C@]([H])(C(=O)N([H])[C@]([H])(C(=O)N([H])[C@]([H])(C(=O)N([H])[C@]([H])(C(=O)N([H])[C@]([H])(C(=O)N([H])[C@]([H])(C(=O)N([H])[C@]([H])(C(=O)N([H])[C@]([H])(C(=O)N([H])C([H])([H])C(=O)N([H])[C@]([H])(C(=O)N([H])[C@]([H])(C(=O)N([H])[H])C([H])([H])C([H])([H])C([H])([H])C([H])([H])N([H])[H])C([H])([H])C([H])([H])C([H])([H])C([H])([H])N([H])[H])[C@]([H])(O[H])C([H])([H])[H])C([H])([H])C([H])(C([H])([H])[H])C([H])([H])[H])[C@@]([H])(C([H])([H])[H])C([H])([H])C([H])([H])[H])C([H])([H])C([H])([H])C([H])([H])N([H])C(=N[H])N([H])[H])C([H])([H])C([H])([H])C([H])([H])N([H])C(=N[H])N([H])[H])C([H])([H])C([H])(C([H])([H])[H])C([H])([H])[H])C([H])([H])c1c([H])c([H])c([H])c([H])c1[H])[C@]([H])(O[H])C([H])([H])[H])C([H])([H])C([H])([H])C([H])([H])N([H])C(=N[H])N([H])[H])C([H])([H])C([H])([H])SC([H])([H])[H])[C@@]([H])(C([H])([H])[H])C([H])([H])C([H])([H])[H])C([H])([H])C([H])([H])C([H])([H])C([H])([H])N([H])[H])C([H])([H])C([H])([H])C([H])([H])C([H])([H])N([H])[H])C([H])([H])O[H])C([H])(C([H])([H])[H])C([H])([H])[H])N([H])C(=O)[C@@]([H])(N([H])C(=O)[C@@]([H])(N([H])C(=O)[C@@]([H])(N([H])[H])C([H])([H])C([H])([H])C([H])([H])C([H])([H])N([H])[H])[C@@]([H])(C([H])([H])[H])C([H])([H])C([H])([H])[H])C([H])([H])C([H])(C([H])([H])[H])C([H])([H])[H],1.0
[H]OC(=O)c1c([H])n(C2([H])C([H])([H])C2([H])[H])c2c(F)c(N3C([H])([H])[C@@]4([H])N([H])C([H])([H])[C@]3([H])C4([H])[H])c(F)c([H])c2c1=O,1.0
[H]OC1=C2C(=O)c3c(O[H])c([H])c([H])c([H])c3[C@](O[H])(C([H])([H])[H])[C@@]2([H])C([H])([H])[C@]2([H])[C@@]1(O[H])C(=O)C(C(=O)N([H])[H])=C(O[H])[C@@]2([H])N(C([H])([H])[H])C([H])([H])[H],1.0
[H]OC(=O)C([H])([H])C([H])([H])C(=O)N([H])c1c([H])c([H])c([H])c([H])c1OC([H])([H])[H],0.0
[H]OC(=O)c1c([H])n(C([H])([H])C([H])([H])[H])c2c(F)c(N3C([H])([H])C4([H])N(C([H])([H])[H])[C@@]([H])(C([H])([H])C3([H])[H])C([H])([H])C4([H])[H])c(F)c([H])c2c1=O,1.0
[H]c1nc2c(OC([H])([H])[H])c([H])c(C([H])([H])c3c([H])nc(N([H])[H])nc3N([H])[H])c([H])c2c([H])c1[H],0.0
[H]c1nc2c(OC([H])([H])C([H])([H])OC([H])([H])[H])c([H])c(C([H])([H])c3c([H])nc(N([H])[H])nc3N([H])[H])c([H])c2c([H])c1[H],0.0
CC1(C)C2CCC(C2)C1CCC(CCC1C2CCC(C2)C1(C)C)NCCCNCCCNCCCN.Cl,1.0
CC1(C)C2CCC(C2)C1CCC(CCC1C2CCC(C2)C1(C)C)NCCCN1CCN(CCCN)CC1.Cl,0.0
[H]N=C(N([H])[H])N([H])C([H])([H])C([H])([H])C([H])([H])[C@@]([H])(C(=O)N([H])C([H])([H])C(=O)N([H])[C@]([H])(C(=O)N([H])[C@]([H])(C(=O)N([H])[C@]([H])(C(=O)N([H])[C@]([H])(C(=O)N([H])[C@]([H])(C(=O)N([H])[C@]([H])(C(=O)N([H])C([H])([H])C(=O)O[H])C([H])([H])S[H])C([H])([H])c1c([H])n([H])c2c([H])c([H])c([H])c([H])c12)C([H])([H])c1c([H])c([H])c([H])c([H])c1[H])C([H])([H])c1c([H])n([H])c2c([H])c([H])c([H])c([H])c12)C([H])([H])c1c([H])c([H])c([H])c([H])c1[H])C([H])([H])C([H])([H])C([H])([H])C([H])([H])N([H])[H])N([H])C(=O)[C@@]([H])(N([H])C(=O)[C@@]([H])(N([H])C(=O)[C@@]([H])(N([H])C(=O)[C@@]([H])(N([H])C(=O)[C@@]([H])(N([H])C(=O)[C@@]([H])(N([H])C(=O)[C@@]([H])(N([H])C(=O)[C@@]([H])(N([H])C(=O)[C@@]([H])(N([H])C(=O)[C@@]([H])(N([H])C(=O)[C@@]([H])(N([H])C(=O)C([H])([H])N([H])[H])C([H])([H])S[H])C([H])([H])C([H])([H])C([H])([H])N([H])C(=N[H])N([H])[H])C([H])([H])C([H])([H])C([H])([H])N([H])C(=N[H])N([H])[H])C([H])([H])c1c([H])n([H])c2c([H])c([H])c([H])c([H])c12)C([H])([H])C([H])([H])C([H])([H])C([H])([H])N([H])[H])C([H])([H])C([H])([H])C([H])([H])C([H])([H])N([H])[H])C([H])([H])c1c([H])c([H])c([H])c([H])c1[H])C([H])([H])C([H])([H])C([H])([H])N([H])C(=N[H])N([H])[H])C([H])([H])c1c([H])n([H])c2c([H])c([H])c([H])c([H])c12)C([H])([H])C([H])([H])C([H])([H])N([H])C(=N[H])N([H])[H])C([H])([H])c1c([H])c([H])c(O[H])c([H])c1[H],0.0
[H]OC(=O)c1c([H])n(N2C([H])([H])C2([H])c2c([H])c([H])c([H])c([H])c2[H])c2c([H])c(N3C([H])([H])C([H])([H])N(C([H])([H])[H])C([H])([H])C3([H])[H])c(F)c([H])c2c1=O,0.0
[H]OC(=O)c1c([H])n(C2([H])C([H])([H])C2([H])[H])c2c([H])c(N3C([H])([H])[C@@]4([H])N(C([H])([H])[H])C([H])([H])[C@]3([H])C4([H])[H])c(F)c([H])c2c1=O,1.0
[H]N=C(N([H])[H])N([H])C([H])([H])C([H])([H])C([H])([H])[C@@]([H])(C(=O)N([H])[C@]([H])(C(=O)N([H])[C@]([H])(C(=O)N([H])[C@]([H])(C(=O)N([H])[C@]([H])(C(=O)N([H])[C@]([H])(C(=O)N([H])[C@]([H])(C(=O)N([H])[C@]([H])(C(=O)N([H])[C@]([H])(C(=O)N([H])C([H])([H])C(=O)N([H])[C@]([H])(C(=O)N([H])[C@]([H])(C(=O)N([H])[H])C([H])([H])C([H])([H])C([H])([H])C([H])([H])N([H])[H])C([H])([H])C([H])([H])C([H])([H])C([H])([H])N([H])[H])[C@]([H])(O[H])C([H])([H])[H])C([H])([H])C([H])(C([H])([H])[H])C([H])([H])[H])[C@@]([H])(C([H])([H])[H])C([H])([H])C([H])([H])[H])C([H])([H])C([H])([H])C([H])([H])C([H])([H])N([H])[H])C([H])([H])C([H])([H])C([H])([H])C([H])([H])N([H])[H])C([H])([H])O[H])[C@@]([H])(C([H])([H])[H])C([H])([H])C([H])([H])[H])C([H])([H])C([H])([H])C([H])([H])N([H])C(=N[H])N([H])[H])N([H])C(=O)[C@@]([H])(N([H])C(=O)[C@@]([H])(N([H])C(=O)[C@@]([H])(N([H])C(=O)[C@@]([H])(N([H])C(=O)[C@@]([H])(N([H])C(=O)[C@@]([H])(N([H])C(=O)[C@@]([H])(N([H])C(=O)[C@@]([H])(N([H])[H])C([H])([H])C([H])([H])C([H])([H])C([H])([H])N([H])[H])C([H])([H])C([H])([H])C([H])([H])C([H])([H])N([H])[H])[C@@]([H])(C([H])([H])[H])C([H])([H])C([H])([H])[H])C([H])([H])C([H])([H])SC([H])([H])[H])C([H])([H])C([H])([H])C([H])([H])N([H])C(=N[H])N([H])[H])[C@]([H])(O[H])C([H])([H])[H])C([H])([H])c1c([H])c([H])c([H])c([H])c1[H])C([H])([H])C([H])(C([H])([H])[H])C([H])([H])[H],1.0
[H]OC(=O)c1c([H])n(N2C([H])([H])C2([H])c2c([H])c([H])c(F)c([H])c2[H])c2c([H])c(N3C([H])([H])C([H])([H])N(C([H])([H])[H])C([H])([H])C3([H])[H])c(F)c([H])c2c1=O,0.0
[H]OC(=O)c1c([H])n(C2([H])C([H])([H])C2([H])[H])c2c([H])c(N3C([H])([H])C([H])([H])N4C([H])([H])C([H])([H])C([H])([H])C3([H])C4([H])[H])c(F)c([H])c2c1=O,1.0
[H]N=C(N([H])[H])N([H])C([H])([H])C([H])([H])C([H])([H])[C@@]([H])(C(=O)N([H])[H])N([H])C(=O)[C@@]([H])(N([H])C(=O)[C@@]([H])(N([H])C(=O)[C@@]([H])(N([H])C(=O)[C@@]([H])(N([H])C(=O)[C@@]([H])(N([H])C(=O)[C@@]([H])(N([H])C(=O)[C@@]([H])(N([H])C(=O)[C@@]([H])(N([H])C(=O)[C@@]([H])(N([H])C(=O)[C@@]([H])(N([H])C(=O)[C@@]([H])(N([H])C(=O)[C@@]([H])(N([H])[H])C([H])([H])C([H])([H])C([H])([H])C([H])([H])N([H])[H])[C@@]([H])(C([H])([H])[H])C([H])([H])C([H])([H])[H])C([H])([H])O[H])C([H])([H])C([H])([H])C([H])([H])C([H])([H])N([H])[H])C([H])([H])C([H])([H])C([H])([H])C([H])([H])N([H])[H])[C@@]([H])(C([H])([H])[H])C([H])([H])C([H])([H])[H])C([H])([H])C([H])([H])SC([H])([H])[H])C([H])([H])C([H])([H])C([H])([H])N([H])C(=N[H])N([H])[H])[C@]([H])(O[H])C([H])([H])[H])C([H])([H])c1c([H])c([H])c([H])c([H])c1[H])C([H])([H])C([H])(C([H])([H])[H])C([H])([H])[H])C([H])([H])C([H])([H])C([H])([H])N([H])C(=N[H])N([H])[H],0.0
Cl.O.O=C(O)c1cn(C2CC2)c2cc(N3CCN4CCC3CC4)c(F)cc2c1=O,1.0
[H]C1=C(C([H])([H])[H])N(C([H])([H])[H])C(=O)[C@]2(O[C@]2([H])C(=O)C([H])([H])C([H])(C([H])([H])[H])C([H])([H])[H])C1=O,0.0
[H]OC(=O)c1c([H])n(C([H])([H])C([H])([H])[H])c2c(F)c(N3C([H])([H])[C@@]4([H])N(C([H])([H])[H])[C@@]([H])(C3([H])[H])C([H])([H])C4([H])[H])c(F)c([H])c2c1=O,0.0
CC(C)c1ccc(CCCC(CCCc2ccc(C(C)C)cc2)NCCNCCNCCN)cc1.Cl,0.0
Cl.NCCCNCCCNC(CCC1CCCCC1)CCC1CCCCC1,1.0
CN(CCCNCCCN)C(CCC1CCCCC1)CCC1CCCCC1.Cl,0.0
Cc1ccc(C(C)(C)C)cc1CCCC(CCCc1cc(C(C)(C)C)ccc1C)NCCCNCCCNCCCN.Cl,0.0
[H]OC(=O)c1c([H])n(C2([H])C([H])([H])C2([H])[H])c2c(Cl)c(N3C([H])([H])[C@@]4([H])N([H])C([H])([H])[C@]3([H])C4([H])[H])c(F)c([H])c2c1=O,1.0
[H]N=C(N([H])[H])N([H])C([H])([H])C([H])([H])C([H])([H])[C@@]([H])(C(=O)N([H])[C@]([H])(C(=O)N([H])[C@]([H])(C(=O)N([H])[C@]([H])(C(=O)N([H])[C@]([H])(C(=O)N([H])[C@]([H])(C(=O)N([H])[C@]([H])(C(=O)N([H])[C@]([H])(C(=O)N([H])[C@]([H])(C(=O)N([H])[C@]([H])(C(=O)N([H])[C@]([H])(C(=O)N([H])[C@]([H])(C(=O)N([H])[C@]([H])(C(=O)N([H])[C@]([H])(C(=O)N([H])C([H])([H])C(=O)O[H])C([H])([H])S[H])C([H])([H])c1c([H])n([H])c2c([H])c([H])c([H])c([H])c12)C([H])([H])C([H])(C([H])([H])[H])C([H])([H])[H])C([H])([H])c1c([H])n([H])c2c([H])c([H])c([H])c([H])c12)C([H])([H])C([H])(C([H])([H])[H])C([H])([H])[H])C([H])([H])C([H])([H])C([H])([H])C([H])([H])N([H])[H])C([H])([H])C([H])([H])C(=O)N([H])[H])C([H])([H])C([H])([H])C([H])([H])C([H])([H])N([H])[H])C([H])([H])S[H])C([H])([H])C([H])([H])C([H])([H])C([H])([H])N([H])[H])C([H])([H])C([H])(C([H])([H])[H])C([H])([H])[H])C([H])([H])C([H])([H])C([H])([H])C([H])([H])N([H])[H])C([H])([H])c1c([H])c([H])c([H])c([H])c1[H])N([H])C(=O)[C@@]([H])(N([H])C(=O)[C@@]([H])(N([H])C(=O)[C@@]([H])(N([H])C(=O)[C@@]([H])(N([H])C(=O)[C@@]([H])(N([H])C(=O)C([H])([H])N([H])[H])C([H])([H])S[H])C([H])([H])C([H])([H])C([H])([H])C([H])([H])N([H])[H])C([H])([H])C([H])([H])C([H])([H])C([H])([H])N([H])[H])C([H])([H])c1c([H])c([H])c([H])c([H])c1[H])C([H])([H])C([H])([H])C([H])([H])N([H])C(=N[H])N([H])[H],0.0
C[Si]1(C)OB(O)c2c(C=O)cc(F)c(F)c21,0.0
[H]c1nc2c([N+](=O)[O-])c([H])c(C([H])([H])c3c([H])nc(N([H])[H])nc3N([H])[H])c([H])c2c(C([H])([H])[H])c1[H],0.0
[H]c1nc(N([H])[H])nc(N([H])[H])c1C([H])([H])c1c([H])c(OC([H])([H])[H])c2c(c1[H])C([H])(C([H])([H])[H])C([H])([H])C([H])([H])N2C([H])([H])[H],0.0
Cl.NCCCNCCCNC(CCCC1CCCCC1)CCCC1CCCCC1,0.0
Cc1ccc(C(C)(C)C)cc1CCCC(CCCc1cc(C(C)(C)C)ccc1C)NCCNCCNCCN.Cl,0.0
CC1(C)C2CCC(C2)C1CCC(CCC1C2CCC(C2)C1(C)C)NCCCNCCCN.Cl,0.0
[H]N=C(N([H])[H])N([H])C([H])([H])C([H])([H])C([H])([H])[C@@]([H])(C(=O)N([H])C([H])([H])C(=O)N([H])[C@]([H])(C(=O)N([H])[C@]([H])(C(=O)N([H])[C@]([H])(C(=O)N([H])[C@]([H])(C(=O)N([H])[C@]([H])(C(=O)N([H])[C@]([H])(C(=O)N([H])[C@]([H])(C(=O)N([H])[C@]([H])(C(=O)N([H])[C@]([H])(C(=O)N([H])[C@]([H])(C(=O)N([H])[C@]([H])(C(=O)N([H])C([H])([H])C(=O)N([H])[C@]([H])(C(=O)N([H])[C@]([H])(C(=O)N([H])[H])C([H])([H])C([H])([H])C([H])([H])C([H])([H])N([H])[H])C([H])([H])C([H])([H])C([H])([H])C([H])([H])N([H])[H])[C@]([H])(O[H])C([H])([H])[H])C([H])([H])C([H])(C([H])([H])[H])C([H])([H])[H])[C@@]([H])(C([H])([H])[H])C([H])([H])C([H])([H])[H])C([H])([H])C([H])([H])C([H])([H])N([H])C(=N[H])N([H])[H])C([H])([H])C([H])([H])C([H])([H])N([H])C(=N[H])N([H])[H])C([H])([H])C([H])([H])SC([H])([H])[H])[C@@]([H])(C([H])([H])[H])C([H])([H])C([H])([H])[H])C([H])([H])C([H])([H])C([H])([H])C([H])([H])N([H])[H])C([H])([H])C([H])([H])C([H])([H])C([H])([H])N([H])[H])C([H])([H])O[H])C([H])(C([H])([H])[H])C([H])([H])[H])N([H])C(=O)[C@@]([H])(N([H])C(=O)[C@@]([H])(N([H])C(=O)[C@@]([H])(N([H])[H])C([H])([H])C([H])([H])C([H])([H])C([H])([H])N([H])[H])[C@@]([H])(C([H])([H])[H])C([H])([H])C([H])([H])[H])C([H])([H])C([H])(C([H])([H])[H])C([H])([H])[H],1.0
[H]N=C(N([H])[H])N([H])C([H])([H])C([H])([H])C([H])([H])[C@@]([H])(C(=O)N([H])[C@]([H])(C(=O)N([H])[C@]([H])(C(=O)N([H])[C@]([H])(C(=O)N([H])[C@]([H])(C(=O)N([H])[C@]([H])(C(=O)N([H])[C@]([H])(C(=O)N([H])[C@]([H])(C(=O)N([H])[C@]([H])(C(=O)N([H])C([H])([H])C(=O)N([H])[C@]([H])(C(=O)N([H])[C@]([H])(C(=O)N([H])[H])C([H])([H])C([H])([H])C([H])([H])C([H])([H])N([H])[H])C([H])([H])C([H])([H])C([H])([H])C([H])([H])N([H])[H])[C@]([H])(O[H])C([H])([H])[H])C([H])([H])C([H])(C([H])([H])[H])C([H])([H])[H])[C@@]([H])(C([H])([H])[H])C([H])([H])C([H])([H])[H])C([H])([H])C(=O)O[H])C([H])([H])C([H])([H])C([H])([H])C([H])([H])N([H])[H])C([H])([H])O[H])[C@@]([H])(C([H])([H])[H])C([H])([H])C([H])([H])[H])C([H])([H])C([H])([H])C([H])([H])N([H])C(=N[H])N([H])[H])N([H])C(=O)[C@@]([H])(N([H])C(=O)[C@@]([H])(N([H])C(=O)[C@@]([H])(N([H])C(=O)[C@@]([H])(N([H])C(=O)[C@@]([H])(N([H])C(=O)[C@@]([H])(N([H])C(=O)[C@@]([H])(N([H])C(=O)[C@@]([H])(N([H])C(=O)[C@@]([H])(N([H])C(=O)[C@@]([H])(N([H])C(=O)[C@@]([H])(N([H])[H])C([H])([H])C([H])([H])C([H])([H])C([H])([H])N([H])[H])[C@@]([H])(C([H])([H])[H])C([H])([H])C([H])([H])[H])C([H])([H])O[H])C([H])([H])C([H])([H])C([H])([H])C([H])([H])N([H])[H])C([H])([H])C([H])([H])C([H])([H])C([H])([H])N([H])[H])[C@@]([H])(C([H])([H])[H])C([H])([H])C([H])([H])[H])C([H])([H])C([H])([H])SC([H])([H])[H])C([H])([H])C([H])([H])C([H])([H])N([H])C(=N[H])N([H])[H])[C@]([H])(O[H])C([H])([H])[H])C([H])([H])c1c([H])c([H])c([H])c([H])c1[H])C([H])([H])C([H])(C([H])([H])[H])C([H])([H])[H],1.0
[H]N=C(N([H])[H])N([H])C([H])([H])C([H])([H])C([H])([H])[C@@]([H])(C(=O)N([H])C([H])([H])C(=O)N([H])[C@]([H])(C(=O)N([H])[C@]([H])(C(=O)N([H])[C@]([H])(C(=O)N([H])[C@]([H])(C(=O)N([H])[C@]([H])(C(=O)N([H])[C@]([H])(C(=O)N([H])[C@]([H])(C(=O)N([H])[C@]([H])(C(=O)N([H])[C@]([H])(C(=O)N([H])[C@]([H])(C(=O)N([H])[C@]([H])(C(=O)N([H])[C@]([H])(C(=O)N([H])[C@]([H])(C(=O)N([H])[C@]([H])(C(=O)N([H])[C@]([H])(C(=O)N([H])[C@]([H])(C(=O)N([H])[C@]([H])(C(=O)N([H])[C@]([H])(C(=O)N([H])[C@]([H])(C(=O)N([H])C([H])([H])C(=O)N([H])[C@]([H])(C(=O)N([H])[C@]([H])(C(=O)N([H])[H])C([H])([H])C([H])([H])C([H])([H])C([H])([H])N([H])[H])C([H])([H])C([H])([H])C([H])([H])C([H])([H])N([H])[H])[C@]([H])(O[H])C([H])([H])[H])C([H])([H])C([H])(C([H])([H])[H])C([H])([H])[H])[C@@]([H])(C([H])([H])[H])C([H])([H])C([H])([H])[H])C([H])([H])C(=O)O[H])C([H])([H])C([H])([H])C([H])([H])C([H])([H])N([H])[H])C([H])([H])O[H])[C@@]([H])(C([H])([H])[H])C([H])([H])C([H])([H])[H])C([H])([H])C([H])([H])C([H])([H])N([H])C(=N[H])N([H])[H])C([H])([H])C([H])([H])C([H])([H])N([H])C(=N[H])N([H])[H])C([H])([H])C([H])(C([H])([H])[H])C([H])([H])[H])C([H])([H])c1c([H])c([H])c([H])c([H])c1[H])[C@]([H])(O[H])C([H])([H])[H])C([H])([H])C([H])([H])C([H])([H])N([H])C(=N[H])N([H])[H])C([H])([H])C([H])([H])SC([H])([H])[H])[C@@]([H])(C([H])([H])[H])C([H])([H])C([H])([H])[H])C([H])([H])C([H])([H])C([H])([H])C([H])([H])N([H])[H])C([H])([H])C([H])([H])C([H])([H])C([H])([H])N([H])[H])C([H])([H])O[H])C([H])(C([H])([H])[H])C([H])([H])[H])N([H])C(=O)[C@@]([H])(N([H])C(=O)[C@@]([H])(N([H])C(=O)[C@@]([H])(N([H])[H])C([H])([H])C([H])([H])C([H])([H])C([H])([H])N([H])[H])[C@@]([H])(C([H])([H])[H])C([H])([H])C([H])([H])[H])C([H])([H])C([H])(C([H])([H])[H])C([H])([H])[H],1.0
Cl.NCCCNCCCNC(CCCC1CC=CCC1)CCCC1CC=CCC1,0.0
Cc1ccc(CCC(CCc2ccc(C)cc2)NCCCNCCCN)cc1.Cl,0.0
[H]OC(=O)c1c([H])n(C2([H])C([H])([H])C2([H])[H])c2c(Cl)c(N3C([H])([H])[C@@]4([H])N(C([H])([H])[H])C([H])([H])[C@]3([H])C4([H])[H])c(F)c([H])c2c1=O,1.0
[H]OC(=O)c1c([H])n(N2C([H])([H])C2([H])c2c([H])c([H])c([H])c([H])c2[H])c2c(F)c(N3C([H])([H])C([H])([H])N(C([H])([H])[H])C([H])([H])C3([H])[H])c(F)c([H])c2c1=O,0.0
[H]N=C(N([H])[H])N([H])C([H])([H])C([H])([H])C([H])([H])[C@@]([H])(C(=O)N([H])[C@]([H])(C(=O)N([H])[C@]([H])(C(=O)N([H])[C@]([H])(C(=O)N([H])[C@]([H])(C(=O)N([H])[C@]([H])(C(=O)N([H])[C@]([H])(C(=O)N([H])C([H])([H])C(=O)N([H])[C@]([H])(C(=O)N([H])[C@]([H])(C(=O)N([H])[C@]([H])(C(=O)N([H])[C@]([H])(C(=O)N([H])[C@]([H])(C(=O)O[H])C([H])([H])c1c([H])n([H])c2c([H])c([H])c([H])c([H])c12)C([H])([H])c1c([H])c([H])c([H])c([H])c1[H])C([H])([H])c1c([H])n([H])c2c([H])c([H])c([H])c([H])c12)C([H])([H])c1c([H])c([H])c([H])c([H])c1[H])C([H])([H])C([H])([H])C([H])([H])C([H])([H])N([H])[H])C([H])([H])C([H])([H])C([H])([H])C([H])([H])N([H])[H])C([H])([H])c1c([H])c([H])c([H])c([H])c1[H])C([H])([H])C([H])([H])C([H])([H])C([H])([H])N([H])[H])C([H])([H])c1c([H])n([H])c2c([H])c([H])c([H])c([H])c12)C([H])([H])C([H])([H])C([H])([H])N([H])C(=N[H])N([H])[H])C([H])([H])c1c([H])c([H])c([H])c([H])c1[H])N([H])C(=O)[C@@]([H])(N([H])C(=O)[C@@]([H])(N([H])C(=O)[C@@]([H])(N([H])C(=O)[C@@]([H])(N([H])C(=O)[C@@]([H])(N([H])C(=O)C([H])([H])N([H])[H])C([H])([H])S[H])C([H])([H])C([H])([H])C([H])([H])C([H])([H])N([H])[H])C([H])([H])C([H])([H])C([H])([H])C([H])([H])N([H])[H])C([H])([H])c1c([H])c([H])c(O[H])c([H])c1[H])C([H])([H])C([H])([H])C([H])([H])N([H])C(=N[H])N([H])[H],0.0
[H]N=C(N([H])[H])N([H])C([H])([H])C([H])([H])C([H])([H])[C@@]([H])(C(=O)N([H])[C@]([H])(C(=O)N([H])[C@]([H])(C(=O)N([H])[C@]([H])(C(=O)N([H])[C@]([H])(C(=O)N([H])[C@]([H])(C(=O)N([H])[C@]([H])(C(=O)N([H])[C@]([H])(C(=O)N([H])[C@]([H])(C(=O)N([H])[C@]([H])(C(=O)N([H])C([H])([H])C(=O)N([H])[C@]([H])(C(=O)N([H])[C@]([H])(C(=O)N([H])[C@]([H])(C(=O)N([H])[C@]([H])(C(=O)N([H])[C@]([H])(C(=O)N([H])C([H])([H])C(=O)O[H])C([H])([H])c1c([H])c([H])c([H])c([H])c1[H])C([H])([H])c1c([H])n([H])c2c([H])c([H])c([H])c([H])c12)C([H])([H])c1c([H])c([H])c([H])c([H])c1[H])C([H])([H])c1c([H])n([H])c2c([H])c([H])c([H])c([H])c12)C([H])([H])C([H])([H])C([H])([H])N([H])C(=N[H])N([H])[H])C([H])([H])C([H])([H])C([H])([H])C([H])([H])N([H])[H])C([H])([H])c1c([H])c([H])c([H])c([H])c1[H])C([H])([H])C([H])([H])C([H])([H])C([H])([H])N([H])[H])C([H])([H])c1c([H])n([H])c2c([H])c([H])c([H])c([H])c12)C([H])([H])C([H])([H])C([H])([H])N([H])C(=N[H])N([H])[H])C([H])([H])c1c([H])c([H])c([H])c([H])c1[H])C([H])([H])C([H])([H])C([H])([H])C([H])([H])N([H])[H])C([H])([H])C([H])([H])C([H])([H])C([H])([H])N([H])[H])C([H])([H])c1c([H])c([H])c(O[H])c([H])c1[H])N([H])C(=O)[C@@]([H])(N([H])C(=O)C([H])([H])N([H])[H])C([H])([H])C([H])([H])C([H])([H])N([H])C(=N[H])N([H])[H],0.0
CC(C)c1ccc(CCCC(CCCc2ccc(C(C)C)cc2)NCCCNCCCN)cc1.Cl,0.0
Cl.NCCCNCCCNC(CCc1ccc2ccccc2c1)CCc1ccc2ccccc2c1,0.0
Cl.NCCCNCCCNC(CC1CCCCC1)CC1CCCCC1,0.0
CC(C)c1ccc(CCC(CCc2ccc(C(C)C)cc2)NCCCNCCCN)cc1.Cl,0.0
[H]O[C@@]1([H])[C@]([H])(N([H])[H])C([H])([H])[C@]([H])(N([H])[H])[C@@]([H])(O[C@@]2([H])O[C@]([H])(C([H])([H])N([H])[H])[C@@]([H])(O[H])[C@]([H])(O[H])[C@@]2([H])N([H])[H])[C@]1([H])O[H],0.0
[H]C([H])=C1C(=O)OC(c2c([H])c([H])c(-c3c([H])c([H])c([H])c([H])c3[H])c([H])c2[H])(C([H])([H])n2nc([H])c(=O)n(C([H])([H])C3(c4c([H])c([H])c(-c5c([H])c([H])c([H])c([H])c5[H])c([H])c4[H])OC(=O)C(=C([H])[H])C3([H])[H])c2=O)C1([H])[H],0.0
[H]C([H])=C1C(=O)OC(c2c([H])c([H])c(-c3c([H])c([H])c([H])c([H])c3[H])c([H])c2[H])(C([H])([H])n2nc(C([H])([H])[H])c(=O)n([H])c2=O)C1([H])[H],0.0
Cl.NCCCNCCCNC(CCCC1CC2CCC1C2)CCC1CC2CCC1C2,0.0
CC1(C)C2CCC(C2)C1CCC(CCC1C2CCC(C2)C1(C)C)NCCNCCCNCCN.Cl,0.0
C[Si]1(C)OB(O)c2ccc(C(F)(F)F)cc21,0.0
[H]OC([H])([H])C1([H])OC([H])(OC2([H])C([H])(O[H])C([H])(N([H])[H])C([H])([H])C([H])(N([H])[H])C2([H])OC2([H])OC([H])(C([H])([H])N([H])[H])C([H])(O[H])C([H])(O[H])C2([H])N([H])[H])C([H])(O[H])C1([H])OC1([H])OC([H])(C([H])([H])N([H])[H])C([H])(O[H])C([H])(O[H])C1([H])N([H])[H],1.0
C[Si]1(C)OB(O)c2ccc(Cl)cc21,0.0
C[Si]1(C)OB(O)c2ccc(Cl)c(Cl)c21,0.0
C[Si]1(C)OB(O)c2cc3c(c(F)c21)COB3O,0.0
C[Si]1(C)OB(O)c2cccc(F)c21,0.0
C[Si]1(C)OB(O)c2c(F)c3c(c(F)c21)B(O)OC3,0.0
[H]/C(=N\N1C(=O)N([H])C(=O)C1([H])[H])c1oc([N+](=O)[O-])c([H])c1[H],0.0
