canonical_smiles,standard_value
[H]OC(C([H])([H])[H])(C([H])([H])[H])[C@]1([H])O[C@]2([H])C([H])([H])C([H])([H])[C@@]3(C([H])([H])[H])OC4=C(C(=O)C([H])=C([C@@]([H])(C(=O)[C@@]([H])(C([H])([H])[H])C([H])([H])C([H])([H])[H])C([H])([H])[H])C4=O)[C@@]([H])(O[H])[C@]3([H])[C@@]2(C([H])([H])[H])C([H])([H])C1([H])[H],0
[H]OC1=C2C(=O)c3c(O[H])c([H])c([H])c([H])c3[C@](O[H])(C([H])([H])[H])[C@@]2([H])C([H])([H])[C@]2([H])[C@@]1(O[H])C(=O)C(C(=O)N([H])[H])=C(O[H])[C@@]2([H])N(C([H])([H])[H])C([H])([H])[H],1
[H]Oc1c([H])c([H])c(Cl)c([H])c1C(=O)N([H])[C@]([H])(C(=O)N([H])c1c([H])c([H])c(C([H])([H])[H])c([H])c1[H])C([H])(C([H])([H])[H])C([H])([H])[H],0
[H]c1c([H])c([H])c(-c2nc([H])n([H])c2[N+](=O)[O-])c([H])c1[H],0
[H]Oc1c([H])c([H])c(Cl)c([H])c1C(=O)N([H])c1c([H])c([H])c(C(F)(F)F)c([H])c1[H],1
[H]Oc1c([H])c(Cl)c([H])c([H])c1C(=O)N([H])c1c([H])c([H])c(Cl)c(Cl)c1[H],1
[H]Oc1c([H])c([H])c(Cl)c([H])c1C(=O)N([H])c1c([H])c([H])c(Cl)c([H])c1[H],0
[H]Oc1c([H])c(Cl)c([H])c([H])c1C(=O)N([H])[C@]([H])(C(=O)N([H])c1c([H])c([H])c(Cl)c(Cl)c1[H])C([H])([H])c1c([H])c([H])c([H])c([H])c1[H],0
[H]Oc1c([H])c([H])c(Cl)c([H])c1C(=O)N([H])c1c([H])c([H])c(Cl)c(Cl)c1[H],1
[H]Oc1c([H])c(Cl)c([H])c([H])c1C(=O)N([H])[C@]([H])(C(=O)N([H])c1c([H])c([H])c(Br)c([H])c1[H])C([H])(C([H])([H])[H])C([H])([H])[H],0
[H]OC([H])([H])C([H])([H])n1c(C([H])([H])[H])nc([H])c1[N+](=O)[O-],0
[H]c1c([H])c([H])c(C([H])([H])OC(=O)N([H])[C@]([H])(C(=O)Oc2c([H])c(Cl)c([H])c([H])c2C(=O)N([H])c2c([H])c([H])c([N+](=O)[O-])c([H])c2[H])C([H])(C([H])([H])[H])C([H])([H])[H])c([H])c1[H],1
[H]c1c([H])c([H])c(-c2nc([H])n(C([H])([H])[H])c2[N+](=O)[O-])c([H])c1[H],0
[H]Oc1c([H])c([H])c(Cl)c([H])c1C(=O)N([H])[C@]([H])(C(=O)N([H])c1c([H])c([H])c(C(F)(F)F)c([H])c1[H])C([H])(C([H])([H])[H])C([H])([H])[H],1
[H]c1c([H])c([H])c(C([H])([H])OC(=O)N([H])[C@]([H])(C(=O)Oc2c([H])c(Cl)c([H])c([H])c2C(=O)N([H])c2c([H])c([H])c(Br)c([H])c2[H])C([H])([H])C2([H])C([H])([H])C([H])([H])C([H])([H])C([H])([H])C2([H])[H])c([H])c1[H],1
[H]c1c([H])c([H])c(C([H])([H])OC(=O)N([H])[C@@]([H])(C(=O)Oc2c([H])c(Cl)c([H])c([H])c2C(=O)N([H])c2c([H])c([H])c(C([H])([H])[H])c([H])c2[H])C([H])([H])c2c([H])c3c([H])c([H])c([H])c([H])c3n2[H])c([H])c1[H],0
[H]Oc1c([H])c(O[H])c2c(c1[H])O/C(=C(/[H])c1c([H])c([H])c(OC([H])([H])c3c([H])c([H])c([H])c([H])c3[H])c(OC([H])([H])[H])c1[H])C2=O,0
[H]c1c([H])c([H])c(C([H])([H])OC(=O)N([H])[C@]([H])(C(=O)Oc2c([H])c([H])c(Cl)c([H])c2C(=O)N([H])c2c([H])c([H])c(Cl)c(Cl)c2[H])C([H])(C([H])([H])[H])C([H])([H])[H])c([H])c1[H],1
[H]c1c([H])c([H])c(C([H])([H])OC(=O)N([H])[C@]([H])(C(=O)Oc2c([H])c([H])c(Cl)c([H])c2C(=O)N([H])c2c([H])c([H])c(Br)c([H])c2[H])C([H])(C([H])([H])[H])C([H])([H])[H])c([H])c1[H],1
[H]Oc1c([H])c(O[H])c2c(c1[H])O/C(=C(/[H])c1c([H])c([H])c(F)c([H])c1[H])C2=O,0
[H]c1c([H])c([H])c(C([H])([H])OC(=O)N([H])[C@]([H])(C(=O)Oc2c([H])c([H])c(Cl)c([H])c2C(=O)N([H])c2c([H])c([H])c(Cl)c(Cl)c2[H])C([H])([H])c2c([H])c([H])c([H])c([H])c2[H])c([H])c1[H],1
[H]OC(C([H])([H])[H])(C([H])([H])[H])[C@]1([H])O[C@]2([H])C([H])([H])C([H])([H])[C@@]3(C([H])([H])[H])OC4=C(C(=O)C([H])=C([C@@]([H])(C(=O)[C@@]([H])(C([H])([H])[H])C([H])([H])C([H])([H])[H])C([H])([H])[H])C4=O)C([H])([H])[C@]3([H])[C@@]2(C([H])([H])[H])C([H])([H])C1([H])[H],0
[H]Oc1c([H])c([H])c(Cl)c([H])c1C(=O)N([H])c1c([H])c([H])c([N+](=O)[O-])c([H])c1[H],1
[H]Oc1c([H])c([H])c(Cl)c([H])c1C(=O)N([H])c1c([H])c([H])c(Br)c([H])c1[H],1
[H]OC(=O)[C@]1([H])N2C(=O)[C@@]([H])(N([H])C(=O)[C@@]([H])(c3c([H])c([H])c([H])c([H])c3[H])N([H])[H])[C@@]2([H])SC1(C([H])([H])[H])C([H])([H])[H],1
[H]c1c(OC([H])([H])[H])c(OC([H])([H])[H])c([H])c2c1-c1c([H])c3c([H])c([H])c(OC([H])([H])[H])c(OC([H])([H])[H])c3c([H])[n+]1C([H])([H])C2([H])[H],0
[H]c1c2c(c([H])c3c1-c1c([H])c4c([H])c([H])c(OC([H])([H])[H])c(OC([H])([H])[H])c4c([H])[n+]1C([H])([H])C3([H])[H])OC([H])([H])O2,0
[H]Oc1c([H])c([C@@]([H])(C(=O)[C@@]([H])(C([H])([H])[H])C([H])([H])C([H])([H])[H])C([H])([H])[H])c(O[H])c2c1C(=O)[C@@]1([H])[C@](C([H])([H])[H])(O2)C([H])([H])C([H])([H])[C@@]2([H])O[C@@]([H])(C(O[H])(C([H])([H])[H])C([H])([H])[H])C([H])([H])C([H])([H])[C@@]21C([H])([H])[H],0
[H]c1c([H])c([H])c(C([H])([H])OC(=O)N([H])[C@]([H])(C(=O)Oc2c([H])c(Cl)c([H])c([H])c2C(=O)N([H])c2c([H])c([H])c(C([H])([H])[H])c([H])c2[H])C([H])([H])c2c([H])c([H])c([H])c([H])c2[H])c([H])c1[H],0
[H]c1c([H])c([H])c(C([H])([H])OC(=O)N([H])[C@]([H])(C(=O)Oc2c([H])c(Cl)c([H])c([H])c2C(=O)N([H])c2c([H])c([H])c(C(F)(F)F)c([H])c2[H])C([H])(C([H])([H])[H])C([H])([H])[H])c([H])c1[H],1
[H]Oc1c([H])c(Cl)c([H])c([H])c1C(=O)N([H])[C@]([H])(C(=O)N([H])c1c([H])c([H])c(Cl)c(Cl)c1[H])C([H])(C([H])([H])[H])C([H])([H])[H],0
[H]Oc1c([H])c(O[H])c2c(c1[H])O/C(=C(/[H])c1c([H])c([H])c([H])c([H])c1[H])C2=O,0
[H]OC(=O)c1c([H])n(C2([H])C([H])([H])C2([H])[H])c2c(Cl)c(N3C([H])([H])C([H])([H])C([H])(N([H])[H])C3([H])[H])c(F)c([H])c2c1=O,1
[H]OC(=O)[C@@]1(C([H])([H])C([H])([H])C([H])=C(C([H])([H])[H])C([H])([H])[H])C([H])([H])[C@]12C1([H])C([H])([H])[C@@]([H])(O[H])[C@@]3([H])[C@@]4(C([H])([H])[H])C([H])([H])C([H])([H])[C@@]([H])(O[H])[C@@]([H])(C([H])([H])[H])C4([H])C([H])([H])C([H])([H])[C@]3(C([H])([H])[H])[C@@]1(C([H])([H])[H])C([H])([H])[C@]2([H])OC(=O)C([H])([H])[H],0
Cl.O.O=C(O)c1cn(-c2ccc(F)cc2)c2cc(N3CCN4CCC3CC4)c(F)cc2c1=O,1
[H]OC(=O)c1c([H])n(C2([H])C([H])([H])C2([H])[H])c2c(OC([H])([H])[H])c(N3C([H])([H])C([H])([H])C([H])([H])C([H])(C([H])([H])N([H])[H])C3([H])[H])c(F)c(N([H])[H])c2c1=O,1
[H]OC(=O)[C@]1([H])c2c([H])c(O[H])c([H])c(O[H])c2-c2c([H])c(c([H])c([H])c2O[H])[C@]2([H])C(=O)N([H])[C@]([H])(C(=O)N1[H])[C@]([H])(O[H])c1c([H])c([H])c(c(Cl)c1[H])Oc1c([H])c3c([H])c(c1O[C@]1([H])O[C@]([H])(C([H])([H])O[H])[C@@]([H])(O[H])[C@]([H])(O[H])[C@@]1([H])O[C@]1([H])O[C@@]([H])(C([H])([H])[H])[C@@]([H])(O[H])[C@](N([H])[H])(C([H])([H])[H])C1([H])[H])Oc1c([H])c([H])c(c([H])c1Cl)[C@@]([H])(O[H])[C@@]([H])(N([H])C(=O)[C@]([H])(N([H])C([H])([H])[H])C([H])([H])C([H])(C([H])([H])[H])C([H])([H])[H])C(=O)N([H])[C@@]([H])(C([H])([H])C(=O)N([H])[H])C(=O)N([H])[C@@]3([H])C(=O)N2[H],1
[H]OC1=C2C(=O)c3c(O[H])c([H])c([H])c(N(C([H])([H])[H])C([H])([H])[H])c3C([H])([H])[C@@]2([H])C([H])([H])[C@]2([H])[C@@]1(O[H])C(=O)C(C(=O)N([H])[H])=C(O[H])[C@@]2([H])N(C([H])([H])[H])C([H])([H])[H],1
[H]OC(=O)c1c([H])n(N2C3([H])C([H])([H])C([H])([H])C([H])([H])C([H])([H])C23[H])c2c([H])c(N3C([H])([H])C([H])([H])N(C([H])([H])[H])C([H])([H])C3([H])[H])c(F)c([H])c2c1=O,0
[H]OC(=O)c1c([H])n(N2C([H])([H])C2([H])c2c([H])c([H])c([H])c(C(F)(F)F)c2[H])c2c(F)c(N3C([H])([H])C([H])([H])N(C([H])([H])[H])C([H])([H])C3([H])[H])c(F)c([H])c2c1=O,0
[H]N=C(c1c([H])c([H])c2c(nc(-c3c([H])c([H])c(C([H])([H])C([H])([H])c4c([H])c([H])c(-c5nc6c([H])c(C(=N[H])N([H])C7([H])C([H])([H])C7([H])[H])c([H])c([H])c6n5[H])c([H])c4[H])c([H])c3[H])n2[H])c1[H])N([H])C1([H])C([H])([H])C1([H])[H],1
[H]N=C(c1c([H])c([H])c2c(nc(-c3c([H])c([H])c(C([H])([H])C([H])([H])c4c([H])c([H])c(-c5nc6c([H])c([H])c([H])c([H])c6n5[H])c([H])c4[H])c([H])c3[H])n2[H])c1[H])N([H])C([H])(C([H])([H])[H])C([H])([H])[H],1
[H]N=C(c1c([H])c([H])c2c(nc(-c3c([H])c([H])c(C([H])([H])C([H])([H])c4c([H])c([H])c(-c5nc6c([H])c(C(=N[H])N([H])C([H])([H])C([H])([H])C([H])([H])C([H])([H])[H])c([H])c([H])c6n5[H])c([H])c4[H])c([H])c3[H])n2[H])c1[H])N([H])C([H])([H])C([H])([H])C([H])([H])C([H])([H])[H],1
[H]N=C(c1c([H])c([H])c2c(nc(-c3c([H])c([H])c(Oc4c([H])c([H])c(-c5nc6c([H])c(C(=N[H])N([H])C([H])(C([H])([H])C([H])([H])[H])C([H])([H])C([H])([H])[H])c([H])c([H])c6n5[H])c([H])c4[H])c([H])c3[H])n2[H])c1[H])N([H])C([H])(C([H])([H])C([H])([H])[H])C([H])([H])C([H])([H])[H],1
[H]N=C(c1c([H])c([H])c2c(nc(-c3c([H])c([H])c(Oc4c([H])c([H])c(-c5nc6c([H])c(C(=N[H])N7C([H])([H])C([H])([H])C([H])([H])C7([H])[H])c([H])c([H])c6n5[H])c([H])c4[H])c([H])c3[H])n2[H])c1[H])N1C([H])([H])C([H])([H])C([H])([H])C1([H])[H],1
[H]N=C(c1c([H])c([H])c2c(nc(-c3c([H])c([H])c(Oc4c([H])c([H])c(-c5nc6c([H])c(C(=N[H])N7C([H])([H])C([H])([H])N(C([H])([H])C([H])([H])[H])C([H])([H])C7([H])[H])c([H])c([H])c6n5[H])c([H])c4[H])c([H])c3[H])n2[H])c1[H])N1C([H])([H])C([H])([H])N(C([H])([H])C([H])([H])[H])C([H])([H])C1([H])[H],0
[H]OC(=O)/C(=C1\[C@@]([H])(OC(=O)C([H])([H])[H])C([H])([H])[C@@]2(C([H])([H])[H])[C@@]1([H])C([H])([H])C([H])(O[H])[C@@]1([H])[C@@]3(C([H])([H])[H])C([H])([H])C([H])([H])C([H])(O[H])C([H])(C([H])([H])[H])[C@]3([H])C([H])([H])C([H])([H])[C@]12C([H])([H])[H])C([H])([H])C([H])([H])C([H])=C(C([H])([H])[H])C([H])([H])[H],0
[H]N=C(c1c([H])c([H])c2c(nc(-c3c([H])nc(Oc4c([H])c([H])c(-c5nc6c([H])c(C(=N[H])N([H])C([H])(C([H])([H])[H])C([H])([H])[H])c([H])c([H])c6n5[H])c([H])c4[H])c([H])c3[H])n2[H])c1[H])N([H])C([H])(C([H])([H])[H])C([H])([H])[H],1
Cl.O.O=C(O)c1cn(C2CC2)c2cc(N3CCN4CCC3CC4)c(F)cc2c1=O,1
[H]N=C([H])N([H])C([H])([H])C([H])([H])SC1=C(C(=O)O[H])N2C(=O)[C@]([H])([C@]([H])(O[H])C([H])([H])[H])[C@@]2([H])C1([H])[H],0
[H]O[C@]1([H])[C@@]([H])(O[H])[C@@]([H])(SC([H])([H])[H])O[C@]([H])([C@]([H])(N([H])C(=O)[C@@]2([H])N(C([H])([H])[H])C([H])([H])[C@]([H])(C([H])([H])C([H])([H])C([H])([H])[H])C2([H])[H])[C@@]([H])(Cl)C([H])([H])[H])[C@]1([H])O[H],1
[H]N=C(c1c([H])c([H])c2c(nc(-c3c([H])c([H])c(Oc4c([H])c([H])c(-c5nc6c([H])c(C(=N[H])N([H])C([H])(C([H])([H])[H])C([H])([H])[H])c([H])c([H])c6n5[H])c(OC([H])([H])[H])c4[H])c([H])c3[H])n2[H])c1[H])N([H])C([H])(C([H])([H])[H])C([H])([H])[H],1
[H]N=C(c1c([H])c([H])c2c(nc(-c3c([H])c([H])c(Oc4c([H])c([H])c(-c5nc6c([H])c(C(=N[H])N([H])C([H])(C([H])([H])[H])C([H])([H])[H])c([H])c([H])c6n5[H])c(OC([H])([H])[H])c4[H])c([H])c3Cl)n2[H])c1[H])N([H])C([H])(C([H])([H])[H])C([H])([H])[H],1
[H]N=C(c1c([H])c([H])c2c(nc(-c3c([H])c([H])c(Oc4c([H])c([H])c(-c5nc6c([H])c(C(=N[H])N7C([H])([H])C([H])([H])C([H])(C([H])([H])[H])C([H])([H])C7([H])[H])c([H])c([H])c6n5[H])c([H])c4[H])c([H])c3[H])n2[H])c1[H])N1C([H])([H])C([H])([H])C([H])(C([H])([H])[H])C([H])([H])C1([H])[H],1
[H]OC([H])(c1c([H])nc([N+](=O)[O-])n1C([H])([H])[H])C([H])([N+](=O)[O-])C([H])([H])C([H])([H])C([H])([H])C([H])([H])[H],0
[H]/C(=C(/[H])[N+](=O)[O-])c1c([H])nc([N+](=O)[O-])n1C([H])([H])[H],0
[H]c1nc([N+](=O)[O-])n(C([H])([H])C([H])([H])OS(=O)(=O)C([H])([H])[H])c1C([H])([H])[H],0
[H]OC(c1c([H])nc([N+](=O)[O-])n1C([H])([H])[H])(C([H])([H])[H])C([H])([H])[H],0
[H]OC(=O)c1c([H])n(C2([H])C([H])([H])C2([H])[H])c2c([H])c(N3C([H])([H])C([H])([H])N([H])C([H])([H])C3([H])[H])c(F)c([H])c2c1=O,1
[H]OC(=O)c1c([H])n(C2([H])C([H])([H])C2([H])[H])c2c(Cl)c(N3C([H])([H])C([H])([H])C([H])([H])C([H])(N([H])[H])C3([H])[H])c(F)c([H])c2c1=O,1
CC1CC(=O)c2c(N3CCN4CCC3CC4)c(F)cc3c(=O)c(C(=O)O)cn1c23.Cl.O,1
[H]OC(=O)c1c([H])n(C2([H])C([H])([H])C2([H])[H])c2c(OC([H])([H])[H])c(N3C([H])([H])C([H])(C([H])([H])[H])N([H])C([H])(C([H])([H])[H])C3([H])[H])c(F)c([H])c2c1=O,1
[H]OC(=O)c1c([H])n(C2([H])C([H])([H])C2([H])[H])c2c(OC([H])([H])[H])c(N3C([H])([H])C([H])([H])N([H])C([H])(C([H])([H])[H])C3([H])[H])c(F)c([H])c2c1=O,1
[H]N=C(c1c([H])c([H])c2c(nc(-c3c([H])c([H])c(Oc4c([H])c([H])c(-c5nc6c([H])c(C(=N[H])N7C([H])([H])C([H])([H])C([H])([H])C([H])([H])C7([H])[H])c([H])c([H])c6n5[H])c([H])c4[H])c([H])c3[H])n2[H])c1[H])N1C([H])([H])C([H])([H])C([H])([H])C([H])([H])C1([H])[H],1
[H]O/N=C(\[H])c1n(C([H])([H])c2c([H])c([H])c([H])c([H])c2[H])c([H])c([H])[n+]1-c1c([H])c([H])c([H])c([H])c1[H],0
[H]O/N=C(\[H])c1nc([H])c([H])n1C([H])([H])c1c([H])c([H])c([H])c([H])c1[H],0
[H]OC(=O)c1c([H])n(C([H])([H])C([H])([H])F)c2c(F)c(N3C([H])([H])[C@@]4([H])N(C([H])([H])[H])[C@@]([H])(C3([H])[H])C([H])([H])C4([H])[H])c(F)c([H])c2c1=O,1
[H]OC(=O)c1c([H])n(-c2c([H])c([H])c(F)c([H])c2[H])c2c(F)c(N3C([H])([H])[C@@]4([H])N(C([H])([H])[H])C([H])([H])[C@]3([H])C4([H])[H])c(F)c([H])c2c1=O,1
[H]OC(=O)c1c([H])n(C2([H])C([H])([H])C2([H])[H])c2c([H])c(N3C([H])([H])[C@]4([H])N(C([H])([H])[H])C([H])([H])[C@@]3([H])C4([H])[H])c(F)c([H])c2c1=O,1
[H]OC(=O)c1c([H])n(C2([H])C([H])([H])C2([H])[H])c2c(F)c(N3C([H])([H])[C@]([H])(C([H])([H])[H])N([H])[C@]([H])(C([H])([H])[H])C3([H])[H])c(F)c([H])c2c1=O,1
[H]OC1=C(C(=O)/C([H])=C([H])/C([H])=C(\[H])c2c([H])c([H])c([H])c([H])c2[H])C(=O)N(C([H])([H])[H])C1([H])[H],0
[H]OC(=O)c1c([H])n(C2([H])C([H])([H])C2([H])[H])c2c(OC([H])([H])[H])c(N3C([H])([H])C([H])([H])C([H])([H])C([H])(N([H])[H])C3([H])[H])c(F)c([H])c2c1=O,1
[H]O[C@]([H])(C([H])([H])[H])[C@@]1([H])C(=O)N2C(C(=O)O)=C3[C@@]([H])(OC([H])([H])[H])C([H])([H])C([H])([H])C([H])([H])[C@]3([H])C21[H],0
[H]OC1=C(C(=O)/C([H])=C([H])/C(=C(\[H])C2([H])C([H])([H])c3c([H])c([H])c([H])c([H])c3C([H])([H])C2([H])[H])C([H])([H])[H])C(=O)N(C([H])([H])[H])C1([H])[H],0
[H]OC(=O)c1c([H])n(-c2c([H])c([H])c(F)c([H])c2[H])c2c(Cl)c(N3C([H])([H])[C@@]4([H])N(C([H])([H])[H])C([H])([H])[C@]3([H])C4([H])[H])c(F)c([H])c2c1=O,1
[H]OC(=O)c1c([H])n(C2([H])C([H])([H])C2([H])[H])c2c(OC([H])([H])C([H])([H])[H])c(N3C([H])([H])C([H])([H])N([H])C([H])(C([H])([H])[H])C3([H])[H])c(F)c([H])c2c1=O,1
[H]OC(=O)c1c([H])n(C([H])([H])C([H])([H])[H])c2c([H])c(N3C([H])([H])[C@@]4([H])N(C([H])([H])[H])[C@@]([H])(C3([H])[H])C([H])([H])C4([H])[H])c(F)c([H])c2c1=O,1
[H]c1c([H])c(Cl)c([H])c(C(=O)N([H])c2nnc(-c3c([H])c([H])c(C(F)(F)F)c([H])c3[H])o2)c1[H],0
CC1(C)CCC2(C)CCC(C)(C)NC2=N1.CO[C@@H]1CC[C@H]2C(=C(C(=O)O)N3C(=O)[C@H]([C@@H](C)O)[C@@H]23)C1,0
[H]OC(=O)c1c([H])n(C2([H])C([H])([H])C2([H])[H])c2c(F)c(N3C([H])([H])[C@@]4([H])N(C([H])([H])[H])C([H])([H])[C@]3([H])C4([H])[H])c(F)c([H])c2c1=O,0
[H]OC(=O)c1c([H])n(C([H])([H])C([H])([H])[H])c2c([H])c(N3C([H])([H])C4([H])N(C([H])([H])[H])[C@@]([H])(C([H])([H])C3([H])[H])C([H])([H])C4([H])[H])c(F)c([H])c2c1=O,1
[H]OC(=O)C1=C(S[C@]2([H])C([H])([H])N([H])[C@]([H])(C(=O)N([H])c3c([H])c([H])c([H])c(C(=O)O[H])c3[H])C2([H])[H])[C@]([H])(C([H])([H])[H])[C@@]2([H])N1C(=O)[C@]2([H])[C@]([H])(O[H])C([H])([H])[H],1
[H]N=C(c1c([H])c([H])c2c(nc(-c3nc([H])c(Oc4c([H])c([H])c(-c5nc6c([H])c(C(=N[H])N([H])C([H])(C([H])([H])[H])C([H])([H])[H])c([H])c([H])c6n5[H])c([H])c4[H])c([H])c3[H])n2[H])c1[H])N([H])C([H])(C([H])([H])[H])C([H])([H])[H],1
[H]OC(=O)C1=C2[C@@]([H])(OC([H])([H])[H])C([H])([H])C([H])([H])C([H])([H])[C@]2([H])[C@@]2([H])N1C(=O)[C@]2([H])[C@]([H])(O[H])C([H])([H])[H],1
[H]O[C@]([H])(C([H])([H])[H])[C@@]1([H])C(=O)N2C(C(=O)O)=C3C([H])([H])C([H])([H])SC([H])([H])C3([H])[C@@]21[H],0
[H]OC(=O)c1c([H])n(-c2c([H])c([H])c(F)c([H])c2[H])c2c(F)c(N3C([H])([H])[C@@]4([H])N([H])C([H])([H])[C@]3([H])C4([H])[H])c(F)c([H])c2c1=O,1
[H]OC(=O)c1c([H])n(C([H])([H])C([H])([H])[H])c2c(F)c(N3C([H])([H])C4([H])N(C([H])([H])[H])[C@@]([H])(C([H])([H])C3([H])[H])C([H])([H])C4([H])[H])c(F)c([H])c2c1=O,0
[H]OC1=C(C(=O)/C([H])=C([H])/C(=C(\[H])c2c([H])nc3c([H])c([H])c([H])c([H])c3c2[H])C([H])([H])[H])C(=O)N(C([H])([H])[H])C1([H])[H],0
[H]OC(=O)/C(=C1/C2([H])C([H])([H])[C@@]([H])(O[H])[C@]3([H])[C@](C([H])([H])[H])(C([H])([H])C([H])([H])[C@]4([H])[C@]3(C([H])([H])[H])C([H])([H])C([H])([H])[C@@]([H])(O[H])[C@@]4([H])C([H])([H])[H])[C@@]2(C([H])([H])[H])C([H])([H])[C@]1([H])OC(=O)C([H])([H])[H])C([H])([H])C([H])([H])C([H])=C(C([H])([H])[H])C([H])([H])[H],0
[H]O[C@]([H])(C([H])([H])[H])[C@@]1([H])C(=O)N2C(C(=O)O)=C3C([H])([H])C([H])([H])C([H])([H])C([H])([H])[C@@]3(OC([H])([H])[H])[C@@]21[H],0
[H]Oc1c2c(/C([H])=N/N([H])C(=O)C([H])([H])N3C([H])([H])C([H])([H])N(c4c([H])c([H])c([H])c([H])c4[H])C([H])([H])C3([H])[H])c(O[H])c3c4c(c(C([H])([H])[H])c(O[H])c13)O[C@](C([H])([H])[H])(O/C([H])=C(\[H])[C@]([H])(OC([H])([H])[H])[C@@]([H])(C([H])([H])[H])[C@@]([H])(OC(=O)C([H])([H])[H])[C@]([H])(C([H])([H])[H])[C@]([H])(O[H])[C@]([H])(C([H])([H])[H])[C@@]([H])(O[H])[C@@]([H])(C([H])([H])[H])/C([H])=C([H])/C([H])=C(/C([H])([H])[H])C(=O)N2[H])C4=O,1
[H]Oc1c2c(/C([H])=N/N([H])C(=O)C([H])([H])N3C([H])([H])C([H])([H])N(c4c([H])c([H])c(C([H])([H])[H])c([H])c4[H])C([H])([H])C3([H])[H])c(O[H])c3c4c(c(C([H])([H])[H])c(O[H])c13)O[C@](C([H])([H])[H])(O/C([H])=C(\[H])[C@]([H])(OC([H])([H])[H])[C@@]([H])(C([H])([H])[H])[C@@]([H])(OC(=O)C([H])([H])[H])[C@]([H])(C([H])([H])[H])[C@]([H])(O[H])[C@]([H])(C([H])([H])[H])[C@@]([H])(O[H])[C@@]([H])(C([H])([H])[H])/C([H])=C([H])/C([H])=C(/C([H])([H])[H])C(=O)N2[H])C4=O,1
[H]Oc1c2c(/C([H])=N/N([H])C(=O)C([H])([H])N3C([H])([H])C([H])([H])N(c4c([H])c([H])c(C(C([H])([H])[H])(C([H])([H])[H])C([H])([H])[H])c([H])c4[H])C([H])([H])C3([H])[H])c(O[H])c3c4c(c(C([H])([H])[H])c(O[H])c13)O[C@](C([H])([H])[H])(O/C([H])=C(\[H])[C@]([H])(OC([H])([H])[H])[C@@]([H])(C([H])([H])[H])[C@@]([H])(OC(=O)C([H])([H])[H])[C@]([H])(C([H])([H])[H])[C@]([H])(O[H])[C@]([H])(C([H])([H])[H])[C@@]([H])(O[H])[C@@]([H])(C([H])([H])[H])/C([H])=C([H])/C([H])=C(/C([H])([H])[H])C(=O)N2[H])C4=O,1
[H]Oc1c2c(/C([H])=N/N([H])C(=O)C([H])([H])N3C([H])([H])C([H])([H])N(c4c([H])c([H])c(N([H])C(=O)C([H])([H])[H])c([H])c4[H])C([H])([H])C3([H])[H])c(O[H])c3c4c(c(C([H])([H])[H])c(O[H])c13)O[C@](C([H])([H])[H])(O/C([H])=C(\[H])[C@]([H])(OC([H])([H])[H])[C@@]([H])(C([H])([H])[H])[C@@]([H])(OC(=O)C([H])([H])[H])[C@]([H])(C([H])([H])[H])[C@]([H])(O[H])[C@]([H])(C([H])([H])[H])[C@@]([H])(O[H])[C@@]([H])(C([H])([H])[H])/C([H])=C([H])/C([H])=C(/C([H])([H])[H])C(=O)N2[H])C4=O,1
[H]OC([H])([H])C([H])(c1c([H])nc([N+](=O)[O-])n1C([H])([H])[H])C([H])([H])[H],1
[H]OC(=O)C1=C2C([H])([H])[C@@]([H])(OC([H])([H])[H])C([H])([H])C([H])([H])[C@]2([H])[C@@]2([H])N1C(=O)[C@]2([H])[C@]([H])(O[H])C([H])([H])[H],0
[H]O[C@]([H])(C([H])([H])[H])[C@@]1([H])C(=O)N2C(C(=O)O)=C3[C@@]([H])(OC([H])([H])[H])C([H])([H])C([H])([H])C([H])([H])[C@]3([H])[C@@]21[H],1
[H]OC(=O)c1c([H])n(N2C([H])([H])C2([H])c2c([H])c([H])c(F)c([H])c2[H])c2c([H])c(N3C([H])([H])C([H])([H])N(C([H])([H])[H])C([H])([H])C3([H])[H])c(F)c([H])c2c1=O,0
[H]OC(C(=O)c1c([H])c([H])c(Cl)c([H])c1Cl)(c1c([H])c([H])c([H])c([H])c1[H])C([H])([H])n1c([H])nc([H])c1[H],0
[H]N=C(c1c([H])c([H])c2c(nc(-c3c([H])c([H])c(C([H])([H])C([H])([H])c4c([H])c([H])c(-c5nc6c([H])c(C(=N[H])N([H])C([H])(C([H])([H])[H])C([H])([H])C([H])([H])[H])c([H])c([H])c6n5[H])c([H])c4[H])c([H])c3[H])n2[H])c1[H])N([H])C([H])(C([H])([H])[H])C([H])([H])C([H])([H])[H],1
[H]OC(=O)C1=C(S[C@]2([H])C([H])([H])N([H])[C@]([H])(C([H])([H])N([H])S(=O)(=O)N([H])[H])C2([H])[H])[C@]([H])(C([H])([H])[H])[C@@]2([H])N1C(=O)[C@]2([H])[C@]([H])(O[H])C([H])([H])[H],1
[H]OC(=O)c1c([H])n(C2([H])C([H])([H])C2([H])[H])c2c(Cl)c(N3C([H])([H])C([H])([H])C(C([H])([H])[H])(C([H])([H])N([H])[H])C3([H])[H])c(F)c([H])c2c1=O,1
[H]OC(=O)c1c2c([H])c(C(C([H])([H])[H])(C([H])([H])[H])C([H])([H])[H])c([H])c1C([H])([H])OC([H])([H])C([H])([H])OC([H])([H])C([H])([H])OC([H])([H])C([H])([H])Oc1c(c([H])c(C(C([H])([H])[H])(C([H])([H])[H])C([H])([H])C(C([H])([H])[H])(C([H])([H])[H])C([H])([H])[H])c([H])c1C([H])([H])[H])OC([H])([H])C([H])([H])OC([H])([H])C([H])([H])OC([H])([H])C([H])([H])OC2([H])[H],0
[H]OC(=O)c1c2c([H])c(C(C([H])([H])[H])(C([H])([H])[H])C([H])([H])[H])c([H])c1C([H])([H])OC([H])([H])C([H])([H])OC([H])([H])C([H])([H])Oc1c([H])c(C(C([H])([H])[H])(C([H])([H])[H])C([H])([H])C(C([H])([H])[H])(C([H])([H])[H])C([H])([H])[H])c([H])c([H])c1OC([H])([H])C([H])([H])OC([H])([H])C([H])([H])OC2([H])[H],0
[H]OC(=C1\C(=O)N(C([H])([H])[H])C([H])([H])C1=O)/C([H])=C([H])/C(=C(\[H])C([H])([H])C([H])([H])C([H])([H])C([H])([H])C([H])([H])C([H])([H])C([H])([H])C([H])([H])C([H])([H])C([H])([H])C([H])([H])[H])C([H])([H])[H],0
[H]OC(=O)c1c([H])n(C2([H])C([H])([H])C2([H])[H])c2c([H])c(N3C([H])([H])C([H])([H])N4C([H])([H])C([H])([H])C([H])([H])C3([H])C4([H])[H])c(F)c([H])c2c1=O,1
[H]c1nc([N+](=O)[O-])n(C([H])([H])[H])c1C(OC([H])([H])[H])(C([H])([H])[H])C([H])([H])[H],0
[H]OC(=C1\C(=O)N2C([H])([H])C([H])([H])C([H])([H])C2([H])C1=O)/C([H])=C([H])/C(=C(\[H])c1c([H])c([H])c2c([H])c([H])c([H])c([H])c2c1[H])C([H])([H])[H],0
[H]OC1=C(C(=O)/C([H])=C([H])/C(Cl)=C(\[H])c2c([H])c([H])c([H])c([H])c2[H])C(=O)N([H])C1([H])[H],0
[H]c1nc(C([H])([H])[H])n(C([H])([H])C([H])([H])S(=O)(=O)C([H])([H])C([H])([H])[H])c1[N+](=O)[O-],1
[H]OC(=O)c1c2c([H])c(C(C([H])([H])[H])(C([H])([H])[H])C([H])([H])[H])c([H])c1C([H])([H])OC([H])([H])C([H])([H])OC([H])([H])C([H])([H])Oc1c(c([H])c(C(C([H])([H])[H])(C([H])([H])[H])C([H])([H])C(C([H])([H])[H])(C([H])([H])[H])C([H])([H])[H])c([H])c1C([H])([H])c1c([H])c([H])c([H])c([H])c1[H])OC([H])([H])C([H])([H])OC([H])([H])C([H])([H])OC2([H])[H],1
[H]OC(=O)c1c([H])n(C2([H])C([H])([H])C2([H])[H])c2c(F)c(N3C([H])([H])C([H])([H])C(C([H])([H])[H])(C([H])([H])N([H])[H])C3([H])[H])c(F)c([H])c2c1=O,1
[H]OC(=O)c1c([H])n(C2([H])C([H])([H])C2([H])[H])c2c(Cl)c(N3C([H])([H])[C@@]4([H])N(C([H])([H])[H])[C@@]([H])(C3([H])[H])C([H])([H])C4([H])[H])c(F)c([H])c2c1=O,1
[H]c1nc([N+](=O)[O-])n(C([H])([H])[H])c1C(=O)OC([H])([H])[H],0
[H]O[C@]([H])(C([H])([H])[H])[C@@]1([H])C(=O)N2C(C(=O)O)=C3C([H])([H])C([H])([H])C([H])([H])S[C@]3([H])[C@@]21[H],0
[H]OC([H])([H])C([H])([H])[C@@]1([H])C([H])([H])[C@@]([H])(C([H])([H])[H])C(=O)/C([H])=C([H])/C(C([H])([H])[H])=C(\[H])[C@]([H])(C([H])([H])O[H])[C@@]([H])(C([H])([H])C([H])([H])[H])OC(=O)C([H])([H])[C@@]([H])(O[H])[C@]([H])(C([H])([H])[H])[C@@]1([H])O[C@]1([H])O[C@]([H])(C([H])([H])[H])[C@@]([H])(O[H])[C@]([H])(N(C([H])([H])[H])C([H])([H])[H])[C@@]1([H])O[H],0
[H]OC(=O)c1c([H])n(C2([H])C([H])([H])C2([H])[H])c2c(OC([H])([H])[H])c(N3C([H])([H])C([H])([H])C([H])(N([H])[H])C3([H])[H])c(F)c([H])c2c1=O,1
[H]OC(=O)c1c([H])n(C2([H])C([H])([H])C2([H])[H])c2c(F)c(N3C([H])([H])[C@@]4([H])N(C([H])([H])[H])[C@@]([H])(C3([H])[H])C([H])([H])C4([H])[H])c(F)c([H])c2c1=O,1
[H]OC1=C(C(=O)/C([H])=C([H])/C(=C(\[H])C([H])([H])C2([H])C([H])([H])C([H])([H])C([H])([H])C([H])([H])C2([H])[H])C([H])([H])[H])C(=O)N(C([H])([H])[H])C1([H])[H],0
[H]OC(=O)c1c([H])n(N2C([H])([H])C2([H])c2c([H])c([H])c([H])c(C(F)(F)F)c2[H])c2c([H])c(N3C([H])([H])C([H])([H])N(C([H])([H])[H])C([H])([H])C3([H])[H])c(F)c([H])c2c1=O,0
[H]OC(=O)[C@]1([H])N2C(=O)[C@@]([H])(N([H])C(=O)[C@@]([H])(c3c([H])c([H])c([H])c([H])c3[H])N([H])C(=O)N3C(=O)C(=O)N(C([H])([H])C([H])([H])[H])C([H])([H])C3([H])[H])[C@@]2([H])SC1(C([H])([H])[H])C([H])([H])[H],1
[H]OC(=O)[C@]1([H])N2C(=O)[C@@]([H])(N([H])C(=O)[C@@]([H])(c3c([H])c([H])c(O[H])c([H])c3[H])N([H])[H])[C@@]2([H])SC1(C([H])([H])[H])C([H])([H])[H],1
[H]OC(=O)c1c([H])n(C([H])([H])C([H])([H])[H])c2c([H])c(N3C([H])([H])C([H])([H])N4C([H])([H])C([H])([H])C3([H])C([H])([H])C4([H])[H])c(F)c([H])c2c1=O,1
[H]C([H])([H])C([H])([H])C([H])([H])C([H])([H])C([H])([H])C(=O)OC([H])([H])[C@@]([H])(C([H])([H])[H])[C@]1([H])C(=O)N(C(=O)C([H])([H])C([H])([H])C([H])([H])C([H])([H])C([H])([H])[H])C1([H])[H],0
[H]OC1=C(C(=O)/C([H])=C([H])/C(=C(\[H])c2nc([H])c([H])c([H])c2[H])C([H])([H])[H])C(=O)N(C([H])([H])[H])C1([H])[H],0
[H]c1nc([H])n(C([H])([H])C(F)(C(=O)c2c([H])c([H])c(Cl)c([H])c2Cl)c2c([H])c([H])c([H])c([H])c2[H])c1[H],0
[H]OC(=C1\C(=O)N(C([H])([H])[H])C([H])([H])C1=O)/C([H])=C([H])/C(=C(\[H])c1c([H])c([H])c(OC([H])([H])[H])c2c([H])c([H])c([H])c([H])c12)C([H])([H])[H],0
[H]OC(=O)C1=C(S[C@]2([H])C([H])([H])N([H])[C@]([H])(C(=O)N(C([H])([H])[H])C([H])([H])[H])C2([H])[H])[C@]([H])(C([H])([H])[H])[C@@]2([H])N1C(=O)[C@]2([H])[C@]([H])(O[H])C([H])([H])[H],1
[H]N=C(N1C([H])([H])C([H])([H])[C@]([H])(SC2=C(C(=O)O[H])N3C(=O)[C@]([H])([C@]([H])(O[H])C([H])([H])[H])[C@@]3([H])C2([H])[H])C1([H])[H])C([H])([H])[H],1
[H]OC(=O)c1c([H])n(C2([H])C([H])([H])C2([H])[H])c2nc(N3C([H])([H])C([H])([H])C(C([H])([H])[H])(C([H])([H])N([H])[H])C3([H])[H])c(F)c([H])c2c1=O,1
[H]O[C@]([H])(C([H])([H])[H])[C@@]1([H])C(=O)N2C(C(=O)O)=C3C([H])([H])C([H])([H])C([H])([H])O[C@@]3([H])[C@@]21[H],1
Cl.N[C@@H]1CCN(c2nc3c(cc2F)c(=O)c(C(=O)O)cn3-c2ccc(F)cc2F)C1,1
Cl.N[C@H]1CCN(c2nc3c(cc2F)c(=O)c(C(=O)O)cn3-c2ccc(F)cc2F)C1,1
[H]O[C@]([H])(C([H])([H])[H])[C@@]1([H])C(=O)N2C(C(=O)O)=C(C(C([H])([H])[H])(C([H])([H])[H])C([H])([H])[H])O[C@@]21[H],1
[H]OC(=O)c1c([H])n(C2([H])C([H])([H])C2([H])[H])c2c(OC([H])([H])[H])c(N3C([H])([H])C([H])([H])C(C([H])([H])[H])(C([H])([H])N([H])[H])C3([H])[H])c(F)c([H])c2c1=O,1
[H]OC(=O)c1c([H])n(C2([H])C([H])([H])C2([H])[H])c2c(OC([H])([H])[H])c(N3C([H])([H])C([H])([H])[C@]([H])(N([H])[H])C3([H])[H])c(F)c(N([H])[H])c2c1=O,1
[H]OC(=O)C1=C(C([H])([H])OC(=O)C([H])([H])[H])C([H])([H])S[C@@]2([H])N1C(=O)[C@@]2([H])N([H])C(=O)/C(=N\OC([H])([H])[H])c1nc(N([H])[H])sc1[H],1
[H]N=C(c1c([H])c([H])c2c(nc(-c3c([H])c([H])c(-c4oc(-c5c([H])c([H])c(-c6nc7c([H])c(C(=N[H])N([H])C([H])(C([H])([H])[H])C([H])([H])[H])c([H])c([H])c7n6[H])c([H])c5[H])c([H])c4[H])c([H])c3[H])n2[H])c1[H])N([H])C([H])(C([H])([H])[H])C([H])([H])[H],1
[H]OC(=O)C1=C2C([H])([H])[C@@]([H])(C([H])([H])C([H])([H])O[H])C([H])([H])C([H])([H])[C@]2([H])[C@@]2([H])N1C(=O)[C@]2([H])[C@]([H])(O[H])C([H])([H])[H],0
[H]O[C@]([H])(C([H])([H])[H])[C@@]1([H])C(=O)N2C(C(=O)O)=C3[C@@]([H])(OC([H])([H])C([H])([H])/N=C(\[H])N([H])[H])C([H])([H])C([H])([H])C([H])([H])[C@]3([H])[C@@]21[H],0
[H]O[C@]([H])(C([H])([H])[H])[C@@]1([H])C(=O)N2C(C(=O)O)=C3[C@@]([H])(OC([H])([H])C([H])([H])/N=C(/N([H])[H])C([H])([H])[H])C([H])([H])C([H])([H])C([H])([H])[C@]3([H])[C@@]21[H],0
[H]OC(=O)[C@@]([H])(C([H])([H])C([H])([H])C([H])=C(C([H])([H])[H])C([H])([H])[H])C1([H])C2([H])C([H])([H])C([H])(O[H])[C@@]3([H])[C@@]4(C([H])([H])[H])C([H])([H])C([H])([H])C([H])(O[H])C([H])(C([H])([H])[H])C4([H])C([H])([H])C([H])([H])[C@@]3(C([H])([H])[H])[C@@]2(C([H])([H])[H])C([H])([H])[C@]1([H])OC(=O)C([H])([H])[H],0
[H]OC(=O)c1c([H])n(C2([H])C([H])([H])C2([H])[H])c2c(OC([H])([H])C([H])([H])[H])c(N3C([H])([H])C([H])([H])C([H])(N([H])[H])C3([H])[H])c(F)c(N([H])[H])c2c1=O,1
[H]OC(=C1\C(=O)N(C([H])([H])[H])C([H])([H])C1=O)/C([H])=C([H])/C(=C(\[H])C([H])(c1c([H])c([H])c([H])c([H])c1[H])C([H])([H])[H])C([H])([H])[H],0
[H]OC1=C(C(=O)/C([H])=C([H])/C(=C(\[H])c2c([H])c([H])c3c([H])c([H])c([H])c([H])c3c2[H])C([H])([H])[H])C(=O)N(C([H])([H])[H])C1([H])C([H])([H])[H],0
[H]OC1=C(C(=O)/C([H])=C([H])/C(=C(\[H])c2c([H])c([H])c(-c3c([H])c([H])c([H])c([H])c3[H])c([H])c2[H])C([H])([H])[H])C(=O)N(C([H])([H])[H])C1([H])[H],0
[H]OC(=O)c1c([H])n(C2([H])C([H])([H])C2([H])[H])c2c(OC([H])([H])[H])c(N3C([H])([H])C([H])([H])C([H])(N([H])[H])C([H])([H])C3([H])[H])c(F)c(N([H])[H])c2c1=O,1
[H]OC([H])([H])C([H])([H])O[C@]1([H])C2=C(C(=O)O)N3C(=O)[C@]([H])([C@]([H])(O[H])C([H])([H])[H])[C@@]3([H])[C@@]2([H])C([H])([H])C([H])([H])C1([H])[H],1
[H]OC(=O)c1c([H])n(C([H])([H])[H])c2c([H])c(N3C([H])([H])[C@@]4([H])N(C([H])([H])[H])[C@@]([H])(C3([H])[H])C([H])([H])C4([H])[H])c(F)c([H])c2c1=O,1
[H]N=C(c1c([H])c([H])c2c(nc(-c3c([H])c([H])c(Oc4c([H])c([H])c(-c5nc6c([H])c(C(=N[H])N([H])C([H])(C([H])([H])[H])C([H])([H])C([H])([H])[H])c([H])c([H])c6n5[H])c([H])c4[H])c([H])c3[H])n2[H])c1[H])N([H])C([H])(C([H])([H])[H])C([H])([H])C([H])([H])[H],1
[H]OC(=C1\C(=O)N([H])C([H])([H])C1=O)/C([H])=C([H])/C(=C(\[H])c1c([H])c([H])c([H])c([H])c1[H])C([H])([H])[H],0
[H]OC(=O)c1c([H])n(N2C([H])([H])C2([H])c2nc([H])c([H])c([H])c2[H])c2c(F)c(N3C([H])([H])C([H])([H])N(C([H])([H])[H])C([H])([H])C3([H])[H])c(F)c([H])c2c1=O,0
[H]OC(=O)c1c([H])n(C([H])([H])C([H])([H])[H])c2c([H])c(N3C([H])([H])[C@@]4([H])N(C([H])([H])[H])[C@@]([H])(C3([H])[H])C([H])([H])C([H])([H])C4([H])[H])c(F)c([H])c2c1=O,1
[H]OC(=O)C1=C(C([H])([H])OC(=O)N([H])[H])C([H])([H])S[C@@]2([H])N1C(=O)[C@@]2(OC([H])([H])[H])N([H])C(=O)C([H])([H])c1sc([H])c([H])c1[H],1
[H]OC(=O)c1c([H])n(-c2c([H])c([H])c(F)c([H])c2F)c2c(F)c(N3C([H])([H])[C@@]4([H])N(C([H])([H])[H])C([H])([H])[C@]3([H])C4([H])[H])c(F)c([H])c2c1=O,1
[H]OC(=O)[C@]1([H])c2c([H])c(O[H])c(C([H])([H])N([H])C([H])([H])P(=O)(O[H])O[H])c(O[H])c2-c2c([H])c(c([H])c([H])c2O[H])[C@]2([H])C(=O)N([H])[C@]([H])(C(=O)N1[H])[C@]([H])(O[H])c1c([H])c([H])c(c(Cl)c1[H])Oc1c([H])c3c([H])c(c1O[C@]1([H])O[C@]([H])(C([H])([H])O[H])[C@@]([H])(O[H])[C@]([H])(O[H])[C@@]1([H])O[C@]1([H])O[C@@]([H])(C([H])([H])[H])[C@@]([H])(O[H])[C@](N([H])C([H])([H])C([H])([H])N([H])C([H])([H])C([H])([H])C([H])([H])C([H])([H])C([H])([H])C([H])([H])C([H])([H])C([H])([H])C([H])([H])C([H])([H])[H])(C([H])([H])[H])C1([H])[H])Oc1c([H])c([H])c(c([H])c1Cl)[C@@]([H])(O[H])[C@@]([H])(N([H])C(=O)[C@]([H])(N([H])C([H])([H])[H])C([H])([H])C([H])(C([H])([H])[H])C([H])([H])[H])C(=O)N([H])[C@@]([H])(C([H])([H])C(=O)N([H])[H])C(=O)N([H])[C@@]3([H])C(=O)N2[H],1
[H]c1c([H])c(N2C(=O)O[C@@]([H])(C([H])([H])N([H])C(=O)C([H])([H])[H])C2([H])[H])c([H])c(F)c1N1C([H])([H])C([H])([H])OC([H])([H])C1([H])[H],0
[H]O[C@@]1([H])[C@]([H])(C([H])([H])[H])O[C@@]([H])(O[C@@]2([H])[C@]([H])(C([H])([H])[H])[C@@]([H])(O[C@]3([H])O[C@]([H])(C([H])([H])[H])C([H])([H])[C@]([H])(N(C([H])([H])[H])C([H])([H])[H])[C@@]3([H])O[H])[C@@](OC([H])([H])[H])(C([H])([H])[H])C([H])([H])[C@@]([H])(C([H])([H])[H])C(=O)[C@]([H])(C([H])([H])[H])[C@@]([H])(O[H])[C@@](O[H])(C([H])([H])[H])[C@@]([H])(C([H])([H])C([H])([H])[H])OC(=O)[C@]2([H])C([H])([H])[H])C([H])([H])[C@]1(OC([H])([H])[H])C([H])([H])[H],1
[H]OC1=C(C(=O)/C([H])=C([H])/C(Br)=C(\[H])c2c([H])c([H])c([H])c([H])c2[H])C(=O)N([H])C1([H])[H],0
[H]OC(=O)c1c([H])n(-c2c([H])c([H])c(F)c([H])c2F)c2c([H])c(N3C([H])([H])[C@@]4([H])N(C([H])([H])[H])C([H])([H])[C@]3([H])C4([H])[H])c(F)c([H])c2c1=O,1
[H]OC(=O)c1c([H])n(C2([H])C([H])([H])C2([H])[H])c2c(F)c(N3C([H])([H])C([H])([H])N4C([H])([H])C([H])([H])C3([H])C([H])([H])C4([H])[H])c(F)c([H])c2c1=O,1
[H]OC(=O)c1c([H])n(C2([H])C([H])([H])C2([H])[H])c2c([H])c(N3C([H])([H])[C@@]4([H])N(C([H])([H])[H])C([H])([H])[C@]3([H])C4([H])[H])c(F)c([H])c2c1=O,1
[H]OC(=O)c1c([H])n(C2([H])C([H])([H])C2([H])[H])c2c(OC([H])([H])[H])c(N3C([H])([H])C([H])(C([H])([H])[H])N([H])C([H])(C([H])([H])[H])C3([H])[H])c(F)c(N([H])[H])c2c1=O,1
[H]OC(=C1\C(=O)N(C([H])([H])[H])C([H])([H])C1=O)/C([H])=C([H])/C(=C(\[H])C([H])(C([H])([H])[H])C([H])([H])[H])C([H])([H])[H],0
[H]OC(=O)c1c([H])n(C([H])=C([H])[H])c2c([H])c(N3C([H])([H])C([H])([H])N4C([H])([H])C([H])([H])C3([H])C([H])([H])C4([H])[H])c(F)c([H])c2c1=O,1
[H]O[C@]([H])(C([H])([H])[H])[C@@]1([H])C(=O)N2C(C(=O)O)=C3[C@@]([H])(OC([H])([H])C([H])([H])N=[N+]=[N-])C([H])([H])C([H])([H])C([H])([H])[C@]3([H])[C@@]21[H],0
[H]OC(=C1\C(=O)N(C([H])([H])[H])C([H])([H])C1=O)/C([H])=C([H])/C(=C(\[H])C([H])(C([H])([H])[H])C1([H])C([H])([H])C([H])([H])C([H])([H])C([H])([H])C1([H])[H])C([H])([H])[H],0
[H]OC(=O)c1c([H])n(C2([H])C([H])([H])C2([H])[H])c2c([H])c(N3C([H])([H])[C@@]4([H])N([H])C([H])([H])[C@]3([H])C4([H])[H])c(F)c([H])c2c1=O,1
[H]OC(=O)c1c([H])n(-c2c([H])c([H])c(F)c([H])c2[H])c2c([H])c(N3C([H])([H])C4([H])N(C([H])([H])[H])[C@@]([H])(C([H])([H])C3([H])[H])C([H])([H])C4([H])[H])c(F)c([H])c2c1=O,1
[H]OC(=O)c1c([H])n(-c2c([H])c([H])c(F)c([H])c2[H])c2c([H])c(N3C([H])([H])[C@@]4([H])N([H])C([H])([H])[C@]3([H])C4([H])[H])c(F)c([H])c2c1=O,1
[H]OC(=O)c1c([H])n(C2([H])C([H])([H])C2([H])[H])c2c(Cl)c(N3C([H])([H])[C@@]4([H])N(C([H])([H])[H])C([H])([H])[C@]3([H])C4([H])[H])c(F)c([H])c2c1=O,1
[H]OC([H])([H])[C@]1([H])OC(=O)N(c2c([H])c([H])c(-c3c([H])nc(-c4nnn(C([H])([H])[H])n4)c([H])c3[H])c(F)c2[H])C1([H])[H],1
[H]O[C@]([H])(C([H])([H])[H])[C@@]1([H])C(=O)N2C(C(=O)O)=C3C([H])([H])C([H])([H])C([H])([H])C([H])([H])[C@]3([H])[C@@]21[H],1
[H]N=C(c1c([H])c([H])c2nc(-c3c([H])c([H])c(C([H])([H])C([H])([H])c4c([H])c([H])c(OC([H])([H])[H])c([H])c4[H])c([H])c3[H])n([H])c2c1[H])N([H])C([H])(C([H])([H])[H])C([H])([H])[H],0
[H]OC(=O)c1c([H])n(C2([H])C([H])([H])C2([H])[H])c2nc(N3C([H])([H])C([H])([H])C([H])([H])C([H])(N([H])[H])C3([H])[H])c(F)c([H])c2c1=O,1
[H]O/N=C(\[H])c1nc([H])c([H])n1-c1c([H])c([H])c([H])c([H])c1[H],0
CN1[C@H]2CCC[C@@H]1CN(c1cc3c(cc1F)c(=O)c(C(=O)O)cn3C1CC1)C2.Cl,1
[H]OC(=O)c1c([H])n(C2([H])C([H])([H])C2([H])[H])c2c(OC([H])([H])[H])c(N3C([H])([H])C([H])([H])C([H])(C([H])([H])N([H])[H])C3([H])[H])c(F)c([H])c2c1=O,1
[H]OC(=O)c1c([H])n(-c2c([H])c([H])c(F)c([H])c2[H])c2nc(N3C([H])([H])[C@@]4([H])N(C([H])([H])[H])C([H])([H])[C@]3([H])C4([H])[H])c(F)c([H])c2c1=O,1
[H]OC(=O)c1c([H])n(C2([H])C([H])([H])C2([H])[H])c2nc(N3C([H])([H])C4([H])N(C([H])([H])[H])[C@@]([H])(C([H])([H])C3([H])[H])C([H])([H])C4([H])[H])c(F)c([H])c2c1=O,1
[H]OC(=O)c1c([H])n(N2C([H])([H])C2([H])c2c([H])c([H])c([H])c([H])c2[H])c2c([H])c(N3C([H])([H])C([H])([H])N(C([H])([H])[H])C([H])([H])C3([H])[H])c(F)c([H])c2c1=O,0
[H]OC(=O)c1c([H])n(N2C([H])([H])C2([H])c2nc([H])c([H])c([H])c2[H])c2c([H])c(N3C([H])([H])C([H])([H])N(C([H])([H])[H])C([H])([H])C3([H])[H])c(F)c([H])c2c1=O,0
[H]OC1=C(C(=O)/C([H])=C([H])/C(=C(\[H])c2c([H])c([H])c3c([H])c([H])c([H])c([H])c3c2[H])C([H])([H])[H])C(=O)N(C([H])([H])[H])C1([H])[H],0
[H]OC(=O)c1c([H])n(C2([H])C([H])([H])C2([H])[H])c2c(OC([H])([H])[H])c(N3C([H])([H])C([H])([H])C(C([H])([H])[H])(C([H])([H])N([H])[H])C3([H])[H])c(F)c(N([H])[H])c2c1=O,1
[H]OC(=O)c1c([H])n(C2([H])C([H])([H])C2([H])[H])c2c(OC([H])([H])[H])c(N3C([H])([H])C([H])([H])N(C([H])([H])[H])C([H])([H])C3([H])[H])c(F)c([H])c2c1=O,1
[H]O[C@]([H])(C([H])([H])[H])[C@@]1([H])C(=O)N2C(C(=O)O)=C3[C@]([H])(OC([H])([H])[H])C([H])([H])C([H])([H])C([H])([H])[C@@]3([H])C21[H],0
[H]N=C(c1c([H])c([H])c2c(nc(-c3c([H])c([H])c(Oc4c([H])c([H])c(-c5nc6c([H])c(C(=N[H])N([H])C([H])(C([H])([H])[H])C([H])([H])[H])c([H])c([H])c6n5[H])c([H])c4[H])c([H])c3[H])n2[H])c1[H])N([H])C([H])(C([H])([H])[H])C([H])([H])[H],1
[H]N=C(c1c([H])c([H])c2c([H])c(-c3c([H])c([H])c(Oc4c([H])c([H])c(-c5c([H])c6c([H])c([H])c(C(=N[H])N([H])C([H])(C([H])([H])[H])C([H])([H])[H])c([H])c6n5[H])c([H])c4[H])c([H])c3[H])n([H])c2c1[H])N([H])C([H])(C([H])([H])[H])C([H])([H])[H],1
[H]OC(=O)c1c2c([H])c(C(C([H])([H])[H])(C([H])([H])[H])C([H])([H])[H])c([H])c1C([H])([H])OC([H])([H])C([H])([H])OC([H])([H])C([H])([H])Oc1c(c([H])c(C(C([H])([H])[H])(C([H])([H])[H])C([H])([H])C(C([H])([H])[H])(C([H])([H])[H])C([H])([H])[H])c([H])c1C([H])([H])OC([H])([H])[H])OC([H])([H])C([H])([H])OC([H])([H])C([H])([H])OC2([H])[H],0
[H]OC(=O)c1c([H])n(C2([H])C([H])([H])C2([H])[H])c2c(OC([H])([H])C([H])([H])[H])c(N3C([H])([H])C([H])([H])C([H])([H])C([H])(N([H])[H])C3([H])[H])c(F)c(N([H])[H])c2c1=O,1
[H]OC(=O)c1c([H])n(C2([H])C([H])([H])C2([H])[H])c2c(OC([H])([H])C([H])([H])[H])c(N3C([H])([H])C([H])([H])C([H])([H])C([H])(C([H])([H])N([H])C([H])([H])C([H])([H])[H])C3([H])[H])c(F)c([H])c2c1=O,1
[H]OC(=O)c1c([H])n(C2([H])C([H])([H])C2([H])[H])c2c(OC([H])([H])[H])c(N3C([H])([H])C([H])([H])C([H])(C([H])([H])N([H])[H])C([H])([H])C3([H])[H])c(F)c([H])c2c1=O,1
[H]OC(=O)c1c([H])n(C([H])=C([H])[H])c2c([H])c(N3C([H])([H])C4([H])N(C([H])([H])[H])[C@@]([H])(C([H])([H])C3([H])[H])C([H])([H])C4([H])[H])c(F)c([H])c2c1=O,1
[H]OC(=O)c1c([H])n(C2([H])C([H])([H])C2([H])[H])c2c(OC([H])([H])[H])c(N3C([H])([H])[C@@]4([H])N([H])C([H])([H])C([H])([H])C([H])([H])[C@@]4([H])C3([H])[H])c(F)c([H])c2c1=O,1
[H]OC(=O)c1c([H])n(C2([H])C([H])([H])C2([H])[H])c2c(F)c(N3C([H])([H])C([H])([H])C([H])([H])C([H])(C([H])([H])N([H])[H])C3([H])[H])c(F)c([H])c2c1=O,1
[H]OC(=C1\C(=O)N([H])C([H])([H])C1=O)/C([H])=C([H])/C(=C(\[H])c1c([H])c([H])c([H])c2c([H])c([H])c([H])c([H])c12)C([H])([H])[H],1
[H]OC(=C1\C(=O)N(C([H])([H])[H])C([H])([H])C1=O)/C([H])=C([H])/C([H])=C(\[H])c1c([H])c([H])c(N(C([H])([H])[H])C([H])([H])[H])c([H])c1[H],0
[H]OC(=O)c1c([H])n(C2([H])C([H])([H])C2([H])[H])c2c(OC([H])([H])[H])c(N3C([H])([H])C([H])([H])C([H])(C([H])([H])N([H])C([H])([H])C([H])([H])[H])C3([H])[H])c(F)c([H])c2c1=O,1
[H]O[C@]([H])(C([H])([H])[H])[C@@]1([H])C(=O)N2C(C(=O)O)=C3[C@@]([H])(OC([H])([H])[H])C([H])([H])C([H])([H])[C@]3([H])[C@@]21[H],1
[H]OC(=O)c1c([H])n(C([H])([H])C([H])([H])F)c2c([H])c(N3C([H])([H])C4([H])N(C([H])([H])[H])[C@@]([H])(C([H])([H])C3([H])[H])C([H])([H])C4([H])[H])c(F)c([H])c2c1=O,1
[H]OC(=O)c1c([H])n(N([H])C([H])([H])[H])c2c([H])c(N3C([H])([H])C([H])([H])N4C([H])([H])C([H])([H])C3([H])C([H])([H])C4([H])[H])c(F)c([H])c2c1=O,1
[H]OC1=C(C(=O)/C([H])=C([H])/C(Br)=C(\[H])c2c([H])c([H])c([H])c([H])c2[H])C(=O)N(C([H])([H])[H])C1([H])[H],0
CN1[C@H]2CC[C@@H]1CN(c1cc3c(cc1F)c(=O)c(C(=O)O)cn3-c1ccc(F)cc1)C2.Cl.O,0
[H]C([H])([H])C([H])([H])C([H])([H])C(=O)OC([H])([H])[C@@]([H])(C([H])([H])[H])[C@]1([H])C(=O)N(C(=O)C([H])([H])C([H])([H])C([H])([H])[H])C1([H])[H],0
C[C@@H](O)[C@H]1C(=O)N2C(C(=O)O)=C(SCCNC=N)C[C@H]12.O,0
[H]OC(=O)c1c([H])n2c3c(c(N4C([H])([H])C([H])([H])N(C([H])([H])[H])C([H])([H])C4([H])[H])c(F)c([H])c3c1=O)OC([H])([H])[C@]2([H])C([H])([H])[H],1
[H]OC(=O)c1c([H])n(C2([H])C([H])([H])C2([H])[H])c2c(OC([H])([H])C([H])([H])[H])c(N3C([H])([H])C([H])([H])C(C([H])([H])[H])(C([H])([H])N([H])[H])C3([H])[H])c(F)c([H])c2c1=O,1
[H]OC(=O)c1c([H])n(C2([H])C([H])([H])C2([H])[H])c2c(OC([H])([H])C([H])([H])[H])c(N3C([H])([H])C([H])([H])C([H])(N([H])[H])C3([H])[H])c(F)c([H])c2c1=O,1
[H]Oc1c2c(/C([H])=N/N3C([H])([H])C([H])([H])N(C([H])([H])[H])C([H])([H])C3([H])[H])c(O[H])c3c4c(c(C([H])([H])[H])c(O[H])c13)O[C@](C([H])([H])[H])(O/C([H])=C(\[H])[C@]([H])(OC([H])([H])[H])[C@@]([H])(C([H])([H])[H])[C@@]([H])(OC(=O)C([H])([H])[H])[C@]([H])(C([H])([H])[H])[C@]([H])(O[H])[C@]([H])(C([H])([H])[H])[C@@]([H])(O[H])[C@@]([H])(C([H])([H])[H])/C([H])=C([H])/C([H])=C(/C([H])([H])[H])C(=O)N2[H])C4=O,1
[H]OC(=O)c1c2c([H])c(C(C([H])([H])[H])(C([H])([H])[H])C([H])([H])[H])c([H])c1C([H])([H])OC([H])([H])C([H])([H])OC([H])([H])C([H])([H])Oc1c(c([H])c(C(C([H])([H])[H])(C([H])([H])[H])C([H])([H])C(C([H])([H])[H])(C([H])([H])[H])C([H])([H])[H])c([H])c1C([H])([H])[H])OC([H])([H])C([H])([H])OC([H])([H])C([H])([H])OC2([H])[H],0
[H]OC(=O)c1c([H])n(C2([H])C([H])([H])C2([H])[H])c2c(OC([H])([H])[H])c(N3C([H])([H])C([H])([H])N([H])C([H])([H])C3([H])[H])c(F)c([H])c2c1=O,1
[H]OC(=O)c1c2c([H])c(C(C([H])([H])[H])(C([H])([H])[H])C([H])([H])[H])c([H])c1C([H])([H])OC([H])([H])C([H])([H])OC([H])([H])C([H])([H])Oc1c(c([H])c(C(C([H])([H])[H])(C([H])([H])[H])C([H])([H])C(C([H])([H])[H])(C([H])([H])[H])C([H])([H])[H])c([H])c1C([H])([H])C([H])([H])c1c([H])c([H])c([H])c([H])c1[H])OC([H])([H])C([H])([H])OC([H])([H])C([H])([H])OC2([H])[H],1
[H]O[C@]([H])(C([H])([H])[H])[C@@]1([H])C(=O)N2C(C(=O)O)=C3C([H])([H])C([H])([H])C([H])([H])[C@@]3([H])[C@@]21[H],1
[H]O[C@]([H])(C([H])([H])[H])[C@@]1([H])C(=O)N2C(C(=O)OC([H])([H])C([H])=C([H])[H])=C3SC([H])([H])C([H])([H])C([H])([H])[C@@]3([H])[C@@]21[H],0
[H]OC(=O)C(O/N=C(\C(=O)N([H])[C@]1([H])C(=O)N(S(=O)(=O)O[H])[C@@]1([H])C([H])([H])[H])c1nc(N([H])[H])sc1[H])(C([H])([H])[H])C([H])([H])[H],0
[H]OC(=O)c1c([H])n(C([H])([H])C([H])([H])[H])c2c(F)c(N3C([H])([H])[C@@]4([H])N(C([H])([H])[H])[C@@]([H])(C3([H])[H])C([H])([H])C4([H])[H])c(F)c([H])c2c1=O,1
CN1[C@H]2CC[C@@H]1CN(c1cc3c(cc1F)c(=O)c(C(=O)O)cn3CCF)C2.Cl.O,1
[H]OC(=O)c1c([H])n(C([H])([H])C([H])([H])[H])c2c([H])c(N3C([H])([H])C([H])([H])N4C([H])([H])C([H])([H])C([H])([H])C3([H])C4([H])[H])c(F)c([H])c2c1=O,1
[H]OC(=O)c1c([H])n(C([H])([H])C([H])([H])[H])c2c([H])c(N3C([H])([H])[C@@]4([H])N(C([H])([H])[H])C([H])([H])[C@]3([H])C4([H])[H])c(F)c([H])c2c1=O,1
[H]OC(=O)c1c([H])n(C2([H])C([H])([H])C2([H])[H])c2c(F)c(N3C([H])([H])C([H])([H])C([H])([H])C([H])(N([H])[H])C3([H])[H])c(F)c([H])c2c1=O,1
[H]OC(=C1\C(=O)N(C([H])([H])[H])C([H])([H])C1=O)/C([H])=C([H])/C(=C(\[H])c1c([H])c([H])c([H])c([H])c1[H])C([H])([H])C([H])([H])C([H])([H])C([H])([H])C([H])([H])[H],0
[H]O[C@]([H])(C([H])([H])[H])[C@@]1([H])C(=O)N2C(C(=O)O)=C3[C@@]([H])(OC([H])([H])C([H])([H])C([H])([H])N([H])[H])C([H])([H])C([H])([H])C([H])([H])[C@]3([H])[C@@]21[H],0
[H]O[C@]([H])(C([H])([H])[H])[C@@]1([H])C(=O)N2C(C(=O)O)=C3[C@]([H])(C([H])([H])C([H])([H])C([H])([H])[C@@]3([H])OC([H])([H])[H])C21[H],0
[H]C([H])=C([H])c1c([H])nc([N+](=O)[O-])n1C([H])([H])[H],1
[H]C(/C(=[N+](\[O-])C([H])([H])[H])C([H])([H])[H])=C(/[H])c1c([H])nc([N+](=O)[O-])n1C([H])([H])[H],0
[H]C(/C(=N/N(C([H])([H])[H])C([H])([H])[H])C([H])([H])[H])=C(/[H])c1c([H])nc([N+](=O)[O-])n1C([H])([H])[H],0
[H]OC(=O)c1c2c([H])c([H])c([H])c1C([H])([H])OC([H])([H])C([H])([H])OC([H])([H])C([H])([H])Oc1c([H])c(C([H])([H])C([H])([H])C([H])([H])C([H])([H])C([H])([H])C([H])([H])C([H])([H])C([H])([H])C([H])([H])C([H])([H])C([H])([H])[H])c([H])c([H])c1OC([H])([H])C([H])([H])OC([H])([H])C([H])([H])OC2([H])[H],0
[H]N=C(N([H])[H])N([H])C([H])([H])C(=O)N([H])[C@]1([H])C([H])([H])N(C(=O)[C@@]2([H])N(C([H])([H])[H])C([H])([H])[C@@]([H])(SC3=C(C(=O)O[H])N4C(=O)[C@]([H])([C@]([H])(O[H])C([H])([H])[H])[C@@]4([H])[C@@]3([H])C([H])([H])[H])C2([H])[H])C([H])([H])C1([H])[H],1
[H]O[C@]([H])(C([H])([H])[H])[C@@]1([H])C(=O)N2C(C(=O)O)=C3C([H])([H])OC([H])([H])C([H])([H])[C@]3([H])[C@@]21[H],1
[H]N=C(c1c([H])c([H])c2c(nc(-c3c([H])c([H])c(C([H])([H])C([H])([H])c4c([H])c([H])c(-c5nc6c([H])c(C(=N[H])N7C([H])([H])C([H])([H])C([H])([H])C7([H])[H])c([H])c([H])c6n5[H])c([H])c4[H])c([H])c3[H])n2[H])c1[H])N1C([H])([H])C([H])([H])C([H])([H])C1([H])[H],1
[H]N=C(c1c([H])c([H])c2c(nc(-c3sc(C([H])([H])C([H])([H])c4c([H])c([H])c(-c5nc6c([H])c(C(=N[H])N([H])C([H])(C([H])([H])[H])C([H])([H])[H])c([H])c([H])c6n5[H])c([H])c4[H])c([H])c3[H])n2[H])c1[H])N([H])C([H])(C([H])([H])[H])C([H])([H])[H],1
[H]OC(=O)c1c([H])n(C([H])([H])C([H])([H])[H])c2c([H])c(N3C([H])([H])C([H])([H])N([H])C([H])([H])C3([H])[H])c(F)c([H])c2c1=O,0
[H]O[C@]([H])(C([H])([H])[H])[C@@]1([H])C(=O)N2C(C(=O)O)=C3[C@@]([H])(OC([H])([H])C([H])([H])C#N)C([H])([H])C([H])([H])C([H])([H])[C@]3([H])[C@@]21[H],1
[H]OC(=O)c1c([H])n(C2([H])C([H])([H])C2([H])[H])c2nc(N3C([H])([H])C([H])([H])C([H])(N([H])[H])C3([H])[H])c(F)c([H])c2c1=O,1
[H]N=C(c1c([H])c([H])c2c(nc(-c3c([H])c([H])c([C@]4([H])C([H])([H])[C@@]4([H])c4c([H])c([H])c(-c5nc6c([H])c(C(=N[H])N([H])C([H])(C([H])([H])[H])C([H])([H])[H])c([H])c([H])c6n5[H])c([H])c4[H])c([H])c3[H])n2[H])c1[H])N([H])C([H])(C([H])([H])[H])C([H])([H])[H],1
[H]OC(=O)C1=C(S[C@]2([H])C([H])([H])[S@+]([O-])C([H])([H])C2([H])[H])S[C@@]2([H])N1C(=O)[C@]2([H])[C@]([H])(O[H])C([H])([H])[H],1
[H]OC([H])([H])C(=O)N1C([H])([H])C([H])([H])N(c2c([H])c([H])c(N3C(=O)O[C@@]([H])(C([H])([H])N([H])C(=O)C([H])([H])[H])C3([H])[H])c([H])c2F)C([H])([H])C1([H])[H],1
[H]OC(=O)c1c([H])n(C2([H])C([H])([H])C2([H])[H])c2c(OC([H])([H])C([H])([H])[H])c(N3C([H])([H])C([H])([H])C([H])([H])C([H])(C([H])([H])N([H])[H])C3([H])[H])c(F)c([H])c2c1=O,1
[H]OC(=O)c1c([H])n(C2([H])C([H])([H])C2([H])[H])c2c(F)c(N3C([H])([H])C([H])([H])C(C([H])([H])[H])(C([H])([H])N([H])[H])C3([H])[H])c(F)c(N([H])[H])c2c1=O,1
[H]O[C@]1([H])[C@@]([H])(O[H])[C@@]([H])(SC([H])([H])[H])O[C@]([H])([C@]([H])(N([H])C(=O)[C@@]2([H])N([H])C([H])([H])C([H])([H])[C@@]([H])(C([H])([H])C([H])([H])[H])C2([H])[H])[C@@]([H])(Cl)C([H])([H])[H])[C@]1([H])O[H],1
[H]OC1=C(C(=O)/C([H])=C([H])/C([H])=C(\[H])c2c([H])c([H])c([H])c([H])c2[H])C(=O)N([H])C1([H])[H],0
[H]OC(=O)c1c([H])n(-c2c([H])c([H])c(F)c([H])c2[H])c2c([H])c(N3C([H])([H])C([H])([H])N4C([H])([H])C([H])([H])C([H])([H])C3([H])C4([H])[H])c(F)c([H])c2c1=O,1
[H]O[C@]([H])(C([H])([H])[H])[C@@]1([H])C(=O)N2C(C(=O)O)=C3C([H])([H])C([H])([H])C([H])([H])C([H])([H])[C@]3(OC([H])([H])[H])[C@@]21[H],0
[H]OC(=O)c1c([H])n(C2([H])C([H])([H])C2([H])[H])c2c(OC([H])([H])[H])c(N3C([H])([H])C([H])([H])C([H])([H])C([H])(N([H])[H])C3([H])[H])c(F)c(N([H])[H])c2c1=O,1
CC1(C)CCC2(C)CCC(C)(C)NC2=N1.CO[C@H]1CC[C@H]2C(=C(C(=O)O)N3C(=O)[C@H]([C@@H](C)O)[C@@H]23)C1,1
[H]N=C(c1c([H])c([H])c2c(nc(-c3c([H])c([H])c(/C([H])=C(\[H])c4c([H])c([H])c(-c5nc6c([H])c(C(=N[H])N([H])C([H])(C([H])([H])[H])C([H])([H])[H])c([H])c([H])c6n5[H])c([H])c4[H])c([H])c3[H])n2[H])c1[H])N([H])C([H])(C([H])([H])[H])C([H])([H])[H],1
[H]O[C@]([H])(C([H])([H])[H])[C@@]1([H])C(=O)N2C(C(=O)O)=C3[C@@]([H])(OC([H])([H])C([H])([H])N([H])[H])C([H])([H])C([H])([H])C([H])([H])[C@]3([H])[C@@]21[H],0
[H]OC(=O)c1c([H])n(N2C([H])([H])C2([H])c2c([H])c([H])c([H])c([H])c2[H])c2c(F)c(N3C([H])([H])C([H])([H])N(C([H])([H])[H])C([H])([H])C3([H])[H])c(F)c([H])c2c1=O,0
[H]OC(=O)c1c2c([H])c(C(C([H])([H])[H])(C([H])([H])[H])C([H])([H])[H])c([H])c1C([H])([H])OC([H])(C([H])([H])Oc1c([H])c([H])c(C(C([H])([H])[H])(C([H])([H])[H])C([H])([H])[H])c([H])c1[H])C([H])([H])Oc1c([H])c([H])c([H])c([H])c1OC([H])([H])C([H])([H])OC([H])([H])C([H])([H])OC([H])([H])C([H])([H])OC2([H])[H],1
[H]O[C@]([H])(C([H])([H])[H])[C@@]1([H])C(=O)N2C(C(=O)O)=C3C([H])([H])OC([H])([H])C([H])([H])[C@@]3([H])[C@@]21[H],0
[H]OC(=O)c1c([H])n(C2([H])C([H])([H])C2([H])[H])c2c([H])c(N3C([H])([H])C4([H])N(C([H])([H])[H])[C@@]([H])(C([H])([H])C3([H])[H])C([H])([H])C4([H])[H])c(F)c([H])c2c1=O,1
[H]OC1=C(C(=O)/C([H])=C([H])/C(=C(\[H])c2c([H])c([H])c(F)c3c([H])c([H])c([H])c([H])c23)C([H])([H])[H])C(=O)N(C([H])([H])[H])C1([H])[H],0
[H]OC1=C(C(=O)/C([H])=C([H])/C(=C(\[H])c2c([H])c([H])nc3c([H])c([H])c([H])c([H])c23)C([H])([H])[H])C(=O)N(C([H])([H])[H])C1([H])[H],0
[H]OC1=C(C(=O)/C([H])=C([H])/C(=C(\[H])c2c([H])c([H])c([H])c([H])c2[H])C([H])([H])[H])C(=O)N(C([H])([H])[H])C1([H])[H],0
[H]N=C(c1c([H])c([H])c2c(nc(-c3c([H])sc(C([H])([H])C([H])([H])c4c([H])c([H])c(-c5nc6c([H])c(C(=N[H])N([H])C([H])(C([H])([H])[H])C([H])([H])[H])c([H])c([H])c6n5[H])c([H])c4[H])c3[H])n2[H])c1[H])N([H])C([H])(C([H])([H])[H])C([H])([H])[H],1
[H]C(=O)c1c([H])nc([N+](=O)[O-])n1C([H])([H])[H],0
[H]C(=O)/C([H])=C(\[H])c1c([H])nc([N+](=O)[O-])n1C([H])([H])[H],0
[H]C(/C([H])=C(\[H])c1c([H])nc([N+](=O)[O-])n1C([H])([H])[H])=[N+](/[O-])C([H])([H])[H],0
[H]/C(=C(\[N+](=O)[O-])C([H])([H])C([H])([H])C([H])([H])C([H])([H])[H])c1c([H])nc([N+](=O)[O-])n1C([H])([H])[H],0
[H]N=C(c1c([H])c([H])c2c(nc(-c3c([H])c([H])c(Oc4c([H])c([H])c(-c5nc6c([H])c(C(=N[H])N7C([H])([H])C([H])(C([H])([H])[H])C([H])([H])C([H])(C([H])([H])[H])C7([H])[H])c([H])c([H])c6n5[H])c([H])c4[H])c([H])c3[H])n2[H])c1[H])N1C([H])([H])C([H])(C([H])([H])[H])C([H])([H])C([H])(C([H])([H])[H])C1([H])[H],1
[H]N=C(c1c([H])c([H])c2c(nc(-c3c([H])c([H])c(Oc4c([H])c([H])c(-c5nc6c([H])c(C(=N[H])N7C([H])([H])C([H])([H])OC([H])([H])C7([H])[H])c([H])c([H])c6n5[H])c([H])c4[H])c([H])c3[H])n2[H])c1[H])N1C([H])([H])C([H])([H])OC([H])([H])C1([H])[H],1
[H]N=C(c1c([H])c([H])c2c(nc(-c3c([H])c([H])c(Oc4c([H])c([H])c(-c5nc6c([H])c(C(=N[H])N([H])C([H])(C([H])([H])[H])C([H])([H])[H])c([H])c([H])c6n5[H])c(Cl)c4[H])c([H])c3[H])n2[H])c1[H])N([H])C([H])(C([H])([H])[H])C([H])([H])[H],1
[H]OC(=O)c1c([H])n(-c2c([H])c([H])c(F)c([H])c2F)c2c(Cl)c(N3C([H])([H])[C@@]4([H])N(C([H])([H])[H])C([H])([H])[C@]3([H])C4([H])[H])c(F)c([H])c2c1=O,1
[H]OC(=O)c1c([H])n(C2([H])C([H])([H])C2([H])[H])c2c(OC([H])([H])[H])c(N3C([H])([H])C([H])([H])[C@]([H])(N([H])[H])C3([H])[H])c(F)c([H])c2c1=O,1
[H]c1nc([N+](=O)[O-])n(C([H])([H])[H])c1C(OC(=O)N([H])c1c([H])c([H])c([H])c([H])c1[H])(C([H])([H])[H])C([H])([H])[H],0
[H]c1nc([N+](=O)[O-])n(C([H])([H])[H])c1C(OC(=O)Oc1c([H])c([H])c([H])c([H])c1[H])(C([H])([H])[H])C([H])([H])[H],0
[H]OC(=O)c1c([H])n(C2([H])C([H])([H])C2([H])[H])c2c([H])c(N3C([H])([H])C([H])([H])C(C([H])([H])[H])(C([H])([H])N([H])[H])C3([H])[H])c(F)c([H])c2c1=O,1
[H]OC1=C(C(=O)/C([H])=C([H])/C(=C(\[H])c2c(O[H])c([H])c([H])c3c([H])c([H])c([H])c([H])c23)C([H])([H])[H])C(=O)N(C([H])([H])[H])C1([H])[H],0
[H]OC(=O)c1c([H])n(C2([H])C([H])([H])C2([H])[H])c2c([H])c(N3C([H])([H])[C@]([H])(C([H])([H])[H])N([H])[C@]([H])(C([H])([H])[H])C3([H])[H])c(F)c([H])c2c1=O,1
[H]OC([H])([H])C1=C(C(=O)O)N2C(=O)[C@]([H])([C@]([H])(O[H])C([H])([H])[H])[C@@]2([H])S1,1
[H]OC(=O)c1c([H])n(N2C([H])([H])C2([H])c2c([H])c([H])c(F)c([H])c2[H])c2c(F)c(N3C([H])([H])C([H])([H])N(C([H])([H])[H])C([H])([H])C3([H])[H])c(F)c([H])c2c1=O,0
[H]N=C(c1c([H])c([H])c2c(nc(-c3c([H])c([H])c(C([H])([H])C([H])([H])c4c([H])c([H])c(-c5nc6c([H])c(C(=N[H])N([H])C([H])(C([H])([H])[H])C([H])([H])[H])c([H])c([H])c6n5[H])c([H])c4[H])c([H])c3[H])n2[H])c1[H])N([H])C([H])(C([H])([H])[H])C([H])([H])[H],1
[H]N=C(c1c([H])c([H])c2c(nc(-c3nc([H])c(C([H])([H])C([H])([H])c4c([H])c([H])c(-c5nc6c([H])c(C(=N[H])N([H])C([H])(C([H])([H])[H])C([H])([H])[H])c([H])c([H])c6n5[H])c([H])c4[H])c([H])c3[H])n2[H])c1[H])N([H])C([H])(C([H])([H])[H])C([H])([H])[H],0
[H]N=C(c1c([H])c([H])c2c(nc(-c3c([H])c([H])c(N([H])S(=O)(=O)c4c([H])c([H])c(-c5nc6c([H])c(C(=N[H])N([H])C([H])(C([H])([H])[H])C([H])([H])[H])c([H])c([H])c6n5[H])c([H])c4[H])c([H])c3[H])n2[H])c1[H])N([H])C([H])(C([H])([H])[H])C([H])([H])[H],0
[H]OC(=O)c1c([H])n(C2([H])C([H])([H])C2([H])[H])c2c([H])c(N3C([H])([H])[C@@]4([H])N(C([H])([H])[H])[C@@]([H])(C3([H])[H])C([H])([H])C4([H])[H])c(F)c([H])c2c1=O,1
[H]OC(=O)c1c([H])n(C2([H])C([H])([H])C2([H])[H])c2c([H])c(N3C([H])([H])C([H])([H])N(C(=O)OC([H])([H])C4=C(C(=O)O)N5C(=O)[C@]([H])([C@]([H])(O[H])C([H])([H])[H])[C@@]5([H])S4)C([H])([H])C3([H])[H])c(F)c([H])c2c1=O,1
[H]OC(=O)c1c([H])n(C2([H])C([H])([H])C2([H])[H])c2c(F)c(N3C([H])([H])[C@]([H])(C([H])([H])[H])N([H])[C@]([H])(C([H])([H])[H])C3([H])[H])c(F)c(N([H])[H])c2c1=O,1
[H]OC(=O)c1c([H])n(C2([H])C([H])([H])C2([H])[H])c2c([H])c(N3C([H])([H])C([H])([H])C([H])(N([H])[H])C3([H])[H])c(F)c([H])c2c1=O,1
[H]OC1=C(C(=O)/C([H])=C([H])/C(=C(\[H])C2([H])OC([H])([H])C([H])([H])C([H])([H])C2([H])[H])C([H])([H])[H])C(=O)N(C([H])([H])[H])C1([H])[H],0
[H]N=C(c1c([H])c([H])c2c(nc(-c3c([H])c([H])c(OC([H])([H])c4c([H])c([H])c(-c5nc6c([H])c(C(=N[H])N([H])C([H])(C([H])([H])[H])C([H])([H])[H])c([H])c([H])c6n5[H])c([H])c4[H])c([H])c3[H])n2[H])c1[H])N([H])C([H])(C([H])([H])[H])C([H])([H])[H],0
CCn1cc(C(=O)O)c(=O)c2cc(F)c(N3CCN4CCC3CC4)c(F)c21.Cl.O,1
[H]OC(=O)c1c([H])n(C([H])([H])C([H])([H])[H])c2c([H])c(N3C([H])([H])[C@@]4([H])N([H])C([H])([H])[C@]3([H])C4([H])[H])c(F)c([H])c2c1=O,1
[H]N=C(c1c([H])c([H])c2c(nc(-c3c([H])c([H])c(Oc4c([H])c([H])c(-c5nc6c([H])c(C(=N[H])N7C([H])([H])C([H])([H])SC([H])([H])C7([H])[H])c([H])c([H])c6n5[H])c([H])c4[H])c([H])c3[H])n2[H])c1[H])N1C([H])([H])C([H])([H])SC([H])([H])C1([H])[H],1
[H]OC([H])([H])[C@@]([H])(N([H])C(=O)C([H])(Cl)Cl)[C@]([H])(O[H])c1c([H])c([H])c([N+](=O)[O-])c([H])c1[H],0
[H]O/N=C(\[H])c1n(C([H])([H])c2c([H])c([H])c([H])c([H])c2[H])c([H])c([H])[n+]1-c1c([H])c([H])c(C([H])([H])[H])c([H])c1[H],0
[H]OC1=C(C(=O)/C([H])=C([H])/C([H])=C(\[H])c2c([H])c([H])c([H])c([H])c2[N+](=O)[O-])C(=O)N(C([H])([H])[H])C1([H])[H],0
[H]Oc1c2c(/C([H])=N/N([H])C(=O)C([H])([H])N3C([H])([H])C([H])([H])N(c4c([H])c([H])c(C([H])([H])C([H])([H])[H])c([H])c4[H])C([H])([H])C3([H])[H])c(O[H])c3c4c(c(C([H])([H])[H])c(O[H])c13)O[C@](C([H])([H])[H])(O/C([H])=C(\[H])[C@]([H])(OC([H])([H])[H])[C@@]([H])(C([H])([H])[H])[C@@]([H])(OC(=O)C([H])([H])[H])[C@]([H])(C([H])([H])[H])[C@]([H])(O[H])[C@]([H])(C([H])([H])[H])[C@@]([H])(O[H])[C@@]([H])(C([H])([H])[H])/C([H])=C([H])/C([H])=C(/C([H])([H])[H])C(=O)N2[H])C4=O,1
[H]/C(=C(\[N+](=O)[O-])C([H])([H])[H])c1c([H])nc([N+](=O)[O-])n1C([H])([H])[H],0
[H]O[C@]([H])(C([H])([H])[H])[C@@]1([H])C(=O)N2C(C(=O)O)=C3C([H])([H])C([H])([H])C([H])([H])O[C@]3([H])[C@@]21[H],1
[H]OC(=O)c1c2c([H])c(C(C([H])([H])[H])(C([H])([H])[H])C([H])([H])[H])c([H])c1C([H])([H])OC([H])(C([H])([H])Oc1c([H])c([H])c([H])c([H])c1[H])C([H])([H])Oc1c([H])c([H])c([H])c([H])c1OC([H])([H])C([H])([H])OC([H])([H])C([H])([H])OC([H])([H])C([H])([H])OC2([H])[H],0
[H]OC(=O)C([H])([H])[C@@]1([H])C(=O)N([H])C([H])([H])C(=O)N([H])[C@]([H])(C([H])([H])O[H])C(=O)N([H])[C@@]([H])([C@]([H])(C([H])([H])[H])C([H])([H])C(=O)O[H])C(=O)N([H])[C@@]([H])(C([H])([H])C(=O)c2c([H])c([H])c([H])c([H])c2N([H])[H])C(=O)O[C@]([H])(C([H])([H])[H])[C@]([H])(N([H])C(=O)[C@@]([H])(N([H])C(=O)[C@@]([H])(N([H])C(=O)[C@@]([H])(N([H])C(=O)C([H])([H])C([H])([H])C([H])([H])C([H])([H])C([H])([H])C([H])([H])C([H])([H])C([H])([H])C([H])([H])[H])C([H])([H])c2c([H])n([H])c3c([H])c([H])c([H])c([H])c23)C([H])([H])C(=O)N([H])[H])C([H])([H])C(=O)O[H])C(=O)N([H])C([H])([H])C(=O)N([H])[C@@]([H])(C([H])([H])C([H])([H])C([H])([H])N([H])[H])C(=O)N([H])[C@@]([H])(C([H])([H])C(=O)O[H])C(=O)N([H])[C@]([H])(C([H])([H])[H])C(=O)N1[H],1
[H]OC(=O)c1c2c([H])c([H])c([H])c1C([H])([H])OC([H])([H])C([H])([H])OC([H])([H])C([H])([H])Oc1c([H])c(C(C([H])([H])[H])(C([H])([H])[H])C([H])([H])C(C([H])([H])[H])(C([H])([H])[H])C([H])([H])[H])c([H])c([H])c1OC([H])([H])C([H])([H])OC([H])([H])C([H])([H])OC2([H])[H],0
[H]O/N=C(\[H])c1nc([H])c([H])n1-c1c([H])c([H])c(C([H])([H])[H])c([H])c1[H],0
Cl.O.O=C(O)c1cn(CCF)c2c(F)c(N3CCN4CCC3CC4)c(F)cc2c1=O,1
[H]/C(=C(/[H])C([H])([H])[H])c1c([H])c(C([H])([H])c2c([H])nc(N([H])[H])nc2N([H])[H])c([H])c(C([H])([H])C([H])([H])C([H])([H])[H])c1OC([H])([H])[H],0
Cl.O.O=C(O)c1cn(CCF)c2cc(N3CCN4CCC3CC4)c(F)cc2c1=O,1
[H]OC(=O)c1c([H])n(C2([H])C([H])([H])C2([H])[H])c2c(OC([H])([H])C([H])([H])[H])c(N3C([H])([H])C([H])([H])C(C([H])([H])[H])(C([H])([H])N([H])[H])C3([H])[H])c(F)c(N([H])[H])c2c1=O,1
[H]OC(=O)c1c([H])n(-c2c([H])c([H])c(F)c([H])c2[H])c2c([H])c(N3C([H])([H])[C@@]4([H])N(C([H])([H])[H])C([H])([H])[C@]3([H])C4([H])[H])c(F)c([H])c2c1=O,1
[H]N=C(c1c([H])c([H])c2c(nc(-c3c([H])c([H])c(Oc4c([H])c([H])c(-c5nc6c([H])c(C(=N[H])N([H])C([H])(C([H])([H])[H])C([H])([H])[H])c([H])c([H])c6n5[H])c(C(F)(F)F)c4[H])c([H])c3[H])n2[H])c1[H])N([H])C([H])(C([H])([H])[H])C([H])([H])[H],1
[H]C([H])=C([H])C([H])([H])c1c([H])c(C([H])([H])c2c([H])nc(N([H])[H])nc2N([H])[H])c([H])c(C([H])([H])C([H])=C([H])[H])c1OC([H])([H])[H],0
[H]OC(=O)c1c([H])n(C2([H])C([H])([H])C2([H])[H])c2c(F)c(N3C([H])([H])C4([H])N(C([H])([H])[H])[C@@]([H])(C([H])([H])C3([H])[H])C([H])([H])C4([H])[H])c(F)c([H])c2c1=O,1
[H]Oc1c2c(/C([H])=N/N([H])C(=O)C([H])([H])N3C([H])([H])C([H])([H])N(c4c([H])c([H])c([N+](=O)[O-])c([H])c4[H])C([H])([H])C3([H])[H])c(O[H])c3c4c(c(C([H])([H])[H])c(O[H])c13)O[C@](C([H])([H])[H])(O/C([H])=C(\[H])[C@]([H])(OC([H])([H])[H])[C@@]([H])(C([H])([H])[H])[C@@]([H])(OC(=O)C([H])([H])[H])[C@]([H])(C([H])([H])[H])[C@]([H])(O[H])[C@]([H])(C([H])([H])[H])[C@@]([H])(O[H])[C@@]([H])(C([H])([H])[H])/C([H])=C([H])/C([H])=C(/C([H])([H])[H])C(=O)N2[H])C4=O,1
[H]Oc1c2c(/C([H])=N/N([H])C(=O)C([H])([H])N3C([H])([H])C([H])([H])N(c4c([H])c([H])c(C#N)c([H])c4[H])C([H])([H])C3([H])[H])c(O[H])c3c4c(c(C([H])([H])[H])c(O[H])c13)O[C@](C([H])([H])[H])(O/C([H])=C(\[H])[C@]([H])(OC([H])([H])[H])[C@@]([H])(C([H])([H])[H])[C@@]([H])(OC(=O)C([H])([H])[H])[C@]([H])(C([H])([H])[H])[C@]([H])(O[H])[C@]([H])(C([H])([H])[H])[C@@]([H])(O[H])[C@@]([H])(C([H])([H])[H])/C([H])=C([H])/C([H])=C(/C([H])([H])[H])C(=O)N2[H])C4=O,1
[H]O/N=C(\[H])c1nc([H])c([H])n1-c1c([H])c([H])c(F)c([H])c1[H],0
[H]O[C@]([H])(C([H])([H])[H])[C@@]1([H])C(=O)N2C(C(=O)O)=C3[C@@]([H])(OC([H])([H])C([H])([H])OC([H])([H])[H])C([H])([H])C([H])([H])C([H])([H])[C@]3([H])[C@@]21[H],1
[H]OC(=O)c1c([H])n(C2([H])C([H])([H])C2([H])[H])c2c(OC([H])([H])[H])c(N3C([H])([H])C([H])([H])C([H])(N([H])[H])C3([H])[H])c(F)c(N([H])[H])c2c1=O,1
[H]/C(=C(/[H])C([H])([H])[H])c1c([H])c(C([H])([H])c2c([H])nc(N([H])[H])nc2N([H])[H])c([H])c(/C([H])=C(\[H])C([H])([H])[H])c1OC([H])([H])[H],0
[H]OC(=O)c1c([H])n(C2([H])C([H])([H])C2([H])[H])c2c(OC([H])([H])[H])c(N3C([H])([H])C([H])([H])[C@@]([H])(N([H])[H])C3([H])[H])c(F)c([H])c2c1=O,1
[H]N=C(c1c([H])c([H])c2c(nc(-c3c([H])nc(C([H])([H])C([H])([H])c4c([H])c([H])c(-c5nc6c([H])c(C(=N[H])N([H])C([H])(C([H])([H])[H])C([H])([H])[H])c([H])c([H])c6n5[H])c([H])c4[H])c([H])c3[H])n2[H])c1[H])N([H])C([H])(C([H])([H])[H])C([H])([H])[H],1
[H]OC1=C(C(=O)/C([H])=C([H])/C(=C(\[H])C2([H])C([H])([H])C([H])([H])C([H])([H])C([H])([H])C2([H])[H])C([H])([H])[H])C(=O)N(C([H])([H])[H])C1([H])[H],0
[H]OC1=C(C(=O)/C([H])=C([H])/C(Cl)=C(\[H])c2c([H])c([H])c([H])c([H])c2[H])C(=O)N(C([H])([H])[H])C1([H])[H],0
[H]c1c([H])c(-c2nnc(N([H])C(=O)c3c([H])c([H])c(Cl)c([H])c3[H])o2)c([H])c([H])c1F,0
[H]OC(=O)c1c([H])n(-c2c([H])c([H])c(F)c([H])c2F)c2c(F)c(N3C([H])([H])[C@@]4([H])N([H])C([H])([H])[C@]3([H])C4([H])[H])c(F)c([H])c2c1=O,1
[H]OC(=O)c1c([H])n(C([H])=C([H])[H])c2c([H])c(N3C([H])([H])[C@@]4([H])N(C([H])([H])[H])[C@@]([H])(C3([H])[H])C([H])([H])C4([H])[H])c(F)c([H])c2c1=O,1
[H]OC(=O)c1c([H])n(C2([H])C([H])([H])C2([H])[H])c2c(F)c(N3C([H])([H])[C@@]4([H])N([H])C([H])([H])[C@]3([H])C4([H])[H])c(F)c([H])c2c1=O,1
[H]OC(=O)C1=C2C([H])([H])[C@@]([H])(C([H])([H])C([H])([H])OC([H])([H])[H])C([H])([H])C([H])([H])[C@]2([H])[C@@]2([H])N1C(=O)[C@]2([H])[C@]([H])(O[H])C([H])([H])[H],0
[H]OC(=O)c1c([H])n(C2([H])C([H])([H])C2([H])[H])c2c(Cl)c(N3C([H])([H])[C@@]4([H])N([H])C([H])([H])[C@]3([H])C4([H])[H])c(F)c([H])c2c1=O,1
[H]c1nc([N+](=O)[O-])n(C([H])([H])[H])c1C(OC(=O)c1c([H])c([H])c([H])c([H])c1[H])(C([H])([H])[H])C([H])([H])[H],0
[H]O[C@]([H])(C([H])([H])[H])[C@@]1([H])C(=O)N2C(C(=O)O)=C3[C@@]([H])(OC([H])([H])[H])C([H])([H])C([H])([H])C([H])([H])[C@@]3([H])C21[H],0
[H]O[C@]([H])(C([H])([H])[H])[C@@]1([H])C(=O)N2C(C(=O)O)=C3C([H])([H])C([H])([H])C([H])([H])C([H])([H])[C@@]3([H])[C@@]21[H],1
[H]O[C@]([H])(c1c([H])c([H])c(S(=O)(=O)C([H])([H])[H])c([H])c1[H])[C@]([H])(N([H])C(=O)C([H])(Cl)Cl)C([H])([H])F,0
[H]OC(=C1\C(=O)N(C([H])([H])[H])C([H])([H])C1=O)/C([H])=C([H])/C(=C(\[H])c1c(C([H])([H])OC([H])([H])C([H])([H])OC([H])([H])[H])c([H])c([H])c2c([H])c([H])c([H])c([H])c12)C([H])([H])[H],0
[H]OC([H])([H])C([H])([H])C([H])([H])O[C@]1([H])C2=C(C(=O)O)N3C(=O)[C@]([H])([C@]([H])(O[H])C([H])([H])[H])[C@@]3([H])[C@@]2([H])C([H])([H])C([H])([H])C1([H])[H],0
[H]OC(=O)c1c([H])n(C([H])([H])C([H])([H])F)c2c(F)c(N3C([H])([H])C([H])([H])N(C([H])([H])[H])C([H])([H])C3([H])[H])c(F)c([H])c2c1=O,1
[H]N=C(c1c([H])c([H])c2c(nc(-c3c([H])c([H])c(Oc4c([H])c([H])c(-c5nc6c([H])c(C(=N[H])N7C([H])([H])C([H])([H])C([H])([H])C([H])([H])C([H])([H])C7([H])[H])c([H])c([H])c6n5[H])c([H])c4[H])c([H])c3[H])n2[H])c1[H])N1C([H])([H])C([H])([H])C([H])([H])C([H])([H])C([H])([H])C1([H])[H],1
[H]N=C(c1c([H])c([H])c2c(nc(-c3c([H])c([H])c(N(c4c([H])c([H])c(-c5nc6c([H])c(C(=N[H])N([H])C([H])(C([H])([H])[H])C([H])([H])[H])c([H])c([H])c6n5[H])c([H])c4[H])C([H])([H])[H])c([H])c3[H])n2[H])c1[H])N([H])C([H])(C([H])([H])[H])C([H])([H])[H],1
[H]OC(=O)c1c([H])n(C2([H])C([H])([H])C2([H])[H])c2c(F)c(N3C([H])([H])C([H])([H])C([H])(N([H])[H])C3([H])[H])c(F)c([H])c2c1=O,1
[H]c1nc([H])n(C([H])([H])C([H])([H])N2C([H])([H])C([H])([H])OC([H])([H])C2([H])[H])c1[N+](=O)[O-],1
[H]OC(=O)c1c2c([H])c(C(C([H])([H])[H])(C([H])([H])[H])C([H])([H])[H])c([H])c1C([H])([H])OC([H])([H])C([H])([H])OC([H])([H])C([H])([H])OC([H])([H])C([H])([H])Oc1c([H])c(C(C([H])([H])[H])(C([H])([H])[H])C([H])([H])C(C([H])([H])[H])(C([H])([H])[H])C([H])([H])[H])c([H])c([H])c1OC([H])([H])C([H])([H])OC([H])([H])C([H])([H])OC([H])([H])C([H])([H])OC2([H])[H],0
[H]C([H])=C([H])C([H])([H])c1c([H])c(C([H])([H])c2c([H])nc(N([H])[H])nc2N([H])[H])c([H])c(C([H])([H])C([H])([H])C([H])([H])[H])c1OC([H])([H])[H],0
[H]O[C@]([H])(C([H])([H])[H])[C@@]1([H])C(=O)N2C(C(=O)O)=C3[C@@]([H])(OC([H])([H])C([H])([H])C([H])([H])N=[N+]=[N-])C([H])([H])C([H])([H])C([H])([H])[C@]3([H])[C@@]21[H],0
[H]C(/C(=N/N([H])C(=S)N([H])[H])C([H])([H])[H])=C(/[H])c1c([H])nc([N+](=O)[O-])n1C([H])([H])[H],0
[H]OC1([H])C([H])([H])N(/N=C(C(/[H])=C(\[H])c2c([H])nc([N+](=O)[O-])n2C([H])([H])[H])\C([H])([H])[H])C([H])([H])C([H])([H])C1([H])[H],0
[H]N=C(c1c([H])c([H])c2c(nc(-c3c([H])c([H])c(Oc4c([H])c([H])c(-c5nc6c([H])c(C(=N[H])N([H])C7([H])C([H])([H])C([H])([H])C([H])([H])C7([H])[H])c([H])c([H])c6n5[H])c([H])c4[H])c([H])c3[H])n2[H])c1[H])N([H])C1([H])C([H])([H])C([H])([H])C([H])([H])C1([H])[H],1
[H]N=C(c1c([H])c([H])c2c(nc(-c3c([H])c([H])c(Oc4c([H])c([H])c(-c5nc6c([H])c(C(=N[H])N([H])C([H])(C([H])([H])[H])C([H])([H])[H])c([H])c([H])c6n5[H])c([H])c4Cl)c([H])c3[H])n2[H])c1[H])N([H])C([H])(C([H])([H])[H])C([H])([H])[H],1
[H]c1nc([N+](=O)[O-])n(C([H])([H])[H])c1C(=O)C([H])([H])[H],0
[H]C(=N\c1nc([H])c(C([H])([H])[H])n1C([H])([H])[H])/C([H])=C(\[H])c1c([H])nc([N+](=O)[O-])n1C([H])([H])[H],0
Br.CC(/C=C/c1cnc([N+](=O)[O-])n1C)=N\NC1=NCCN1,0
[H]c1nc([N+](=O)[O-])n(C([H])([H])[H])c1C(OC(=O)N([H])N([H])[H])(C([H])([H])[H])C([H])([H])[H],0
[H]c1nc(N([H])C(=O)c2c([H])c([H])c([H])c([H])c2OC(=O)C([H])([H])[H])sc1[N+](=O)[O-],1
[H]OC([H])([H])C([H])([H])N1C([H])([H])C([H])([H])N(/N=C(C(/[H])=C(\[H])c2c([H])nc([N+](=O)[O-])n2C([H])([H])[H])\C([H])([H])[H])C([H])([H])C1([H])[H],0
[H]/C(c1c([H])nc([N+](=O)[O-])n1C([H])([H])[H])=[N+](/[O-])C([H])([H])[H],0
[H]OC([H])(c1c([H])nc([N+](=O)[O-])n1C([H])([H])[H])C([H])([H])[N+](=O)[O-],0
[H]/C(C(=O)OC([H])([H])C([H])([H])[H])=C(/[H])c1c([H])nc([N+](=O)[O-])n1C([H])([H])[H],0
[H]N=C(c1c([H])c([H])c2c(nc(-c3c([H])c([H])c(C([H])([H])C([H])([H])c4c([H])c([H])c(-c5nc6c([H])c(C(=N[H])N([H])C7([H])C([H])([H])C([H])([H])C([H])([H])C7([H])[H])c([H])c([H])c6n5[H])c([H])c4[H])c([H])c3[H])n2[H])c1[H])N([H])C1([H])C([H])([H])C([H])([H])C([H])([H])C1([H])[H],0
[H]OC([H])([H])C(O[H])(c1c([H])nc([N+](=O)[O-])n1C([H])([H])[H])C([H])([H])[H],0
[H]Oc1c2c(/C([H])=N/N([H])C(=O)C([H])([H])N3C([H])([H])C([H])([H])N(c4c([H])c([H])c(F)c([H])c4[H])C([H])([H])C3([H])[H])c(O[H])c3c4c(c(C([H])([H])[H])c(O[H])c13)O[C@](C([H])([H])[H])(O/C([H])=C(\[H])[C@]([H])(OC([H])([H])[H])[C@@]([H])(C([H])([H])[H])[C@@]([H])(OC(=O)C([H])([H])[H])[C@]([H])(C([H])([H])[H])[C@]([H])(O[H])[C@]([H])(C([H])([H])[H])[C@@]([H])(O[H])[C@@]([H])(C([H])([H])[H])/C([H])=C([H])/C([H])=C(/C([H])([H])[H])C(=O)N2[H])C4=O,1
[H]O[C@]1([H])[C@@](C([H])=C([H])[H])(C([H])([H])[H])C([H])([H])[C@@]([H])(OC(=O)C([H])([H])SC2([H])C([H])([H])C([H])([H])N(C(=O)C([H])([H])C([H])([H])n3c([H])nc4c(N5C([H])([H])C([H])([H])N([H])C([H])([H])C5([H])[H])nc(N([H])[H])nc43)C([H])([H])C2([H])[H])[C@@]2(C([H])([H])[H])C3([H])C(=O)C([H])([H])C([H])([H])[C@@]3(C([H])([H])C([H])([H])[C@@]2([H])C([H])([H])[H])[C@@]1([H])C([H])([H])[H],1
[H]N=C(c1c([H])c([H])c2c(nc(-c3c([H])c([H])c(C([H])([H])c4c([H])c([H])c(-c5nc6c([H])c(C(=N[H])N([H])C([H])(C([H])([H])[H])C([H])([H])[H])c([H])c([H])c6n5[H])c([H])c4[H])c([H])c3[H])n2[H])c1[H])N([H])C([H])(C([H])([H])[H])C([H])([H])[H],1
[H]N=C(c1c([H])c([H])c2c(nc(-c3c([H])c([H])c(C#Cc4c([H])c([H])c(-c5nc6c([H])c(C(=N[H])N([H])C([H])(C([H])([H])[H])C([H])([H])[H])c([H])c([H])c6n5[H])c([H])c4[H])c([H])c3[H])n2[H])c1[H])N([H])C([H])(C([H])([H])[H])C([H])([H])[H],0
[H]N=C(c1c([H])c([H])c2c(nc(-c3c([H])c([H])c(N([H])c4c([H])c([H])c(-c5nc6c([H])c(C(=N[H])N([H])C([H])(C([H])([H])[H])C([H])([H])[H])c([H])c([H])c6n5[H])c([H])c4[H])c([H])c3[H])n2[H])c1[H])N([H])C([H])(C([H])([H])[H])C([H])([H])[H],1
[H]N=C(c1c([H])c([H])c2c(nc(-c3c([H])c([H])c(N(c4c([H])c([H])c([H])c([H])c4[H])c4c([H])c([H])c(-c5nc6c([H])c(C(=N[H])N([H])C([H])(C([H])([H])[H])C([H])([H])[H])c([H])c([H])c6n5[H])c([H])c4[H])c([H])c3[H])n2[H])c1[H])N([H])C([H])(C([H])([H])[H])C([H])([H])[H],1
[H]OC([H])(c1c([H])nc([N+](=O)[O-])n1C([H])([H])[H])C([H])([N+](=O)[O-])C([H])([H])[H],0
[H]OC(=O)c1c([H])n(C2([H])C([H])([H])C2([H])[H])c2c(Cl)c(N3C([H])([H])C([H])([H])C([H])([H])C([H])([H])[C@@]([H])(N([H])[H])C3([H])[H])c(F)c([H])c2c1=O,1
[H]Oc1c2c(/C([H])=N/N([H])C(=O)C([H])([H])N3C([H])([H])C([H])([H])N(c4c([H])c([H])c(C([H])(C([H])([H])[H])C([H])([H])[H])c([H])c4[H])C([H])([H])C3([H])[H])c(O[H])c3c4c(c(C([H])([H])[H])c(O[H])c13)O[C@](C([H])([H])[H])(O/C([H])=C(\[H])[C@]([H])(OC([H])([H])[H])[C@@]([H])(C([H])([H])[H])[C@@]([H])(OC(=O)C([H])([H])[H])[C@]([H])(C([H])([H])[H])[C@]([H])(O[H])[C@]([H])(C([H])([H])[H])[C@@]([H])(O[H])[C@@]([H])(C([H])([H])[H])/C([H])=C([H])/C([H])=C(/C([H])([H])[H])C(=O)N2[H])C4=O,1
[H]Oc1c2c(/C([H])=N/N([H])C(=O)C([H])([H])N3C([H])([H])C([H])([H])N(c4c([H])c([H])c(OC([H])([H])[H])c([H])c4[H])C([H])([H])C3([H])[H])c(O[H])c3c4c(c(C([H])([H])[H])c(O[H])c13)O[C@](C([H])([H])[H])(O/C([H])=C(\[H])[C@]([H])(OC([H])([H])[H])[C@@]([H])(C([H])([H])[H])[C@@]([H])(OC(=O)C([H])([H])[H])[C@]([H])(C([H])([H])[H])[C@]([H])(O[H])[C@]([H])(C([H])([H])[H])[C@@]([H])(O[H])[C@@]([H])(C([H])([H])[H])/C([H])=C([H])/C([H])=C(/C([H])([H])[H])C(=O)N2[H])C4=O,1
[H]Oc1c2c(/C([H])=N/N([H])C(=O)C([H])([H])N3C([H])([H])C([H])([H])N(c4c([H])c([H])c(Oc5c([H])c([H])c([H])c([H])c5[H])c([H])c4[H])C([H])([H])C3([H])[H])c(O[H])c3c4c(c(C([H])([H])[H])c(O[H])c13)O[C@](C([H])([H])[H])(O/C([H])=C(\[H])[C@]([H])(OC([H])([H])[H])[C@@]([H])(C([H])([H])[H])[C@@]([H])(OC(=O)C([H])([H])[H])[C@]([H])(C([H])([H])[H])[C@]([H])(O[H])[C@]([H])(C([H])([H])[H])[C@@]([H])(O[H])[C@@]([H])(C([H])([H])[H])/C([H])=C([H])/C([H])=C(/C([H])([H])[H])C(=O)N2[H])C4=O,1
[H]Oc1c2c(/C([H])=N/N([H])C(=O)C([H])([H])N3C([H])([H])C([H])([H])N(c4c([H])c([H])c(C(F)(F)F)c([H])c4[H])C([H])([H])C3([H])[H])c(O[H])c3c4c(c(C([H])([H])[H])c(O[H])c13)O[C@](C([H])([H])[H])(O/C([H])=C(\[H])[C@]([H])(OC([H])([H])[H])[C@@]([H])(C([H])([H])[H])[C@@]([H])(OC(=O)C([H])([H])[H])[C@]([H])(C([H])([H])[H])[C@]([H])(O[H])[C@]([H])(C([H])([H])[H])[C@@]([H])(O[H])[C@@]([H])(C([H])([H])[H])/C([H])=C([H])/C([H])=C(/C([H])([H])[H])C(=O)N2[H])C4=O,1
[H]Oc1c2c(/C([H])=N/N([H])C(=O)C([H])([H])N3C([H])([H])C([H])([H])N(c4c([H])c([H])c(Cl)c([H])c4[H])C([H])([H])C3([H])[H])c(O[H])c3c4c(c(C([H])([H])[H])c(O[H])c13)O[C@](C([H])([H])[H])(O/C([H])=C(\[H])[C@]([H])(OC([H])([H])[H])[C@@]([H])(C([H])([H])[H])[C@@]([H])(OC(=O)C([H])([H])[H])[C@]([H])(C([H])([H])[H])[C@]([H])(O[H])[C@]([H])(C([H])([H])[H])[C@@]([H])(O[H])[C@@]([H])(C([H])([H])[H])/C([H])=C([H])/C([H])=C(/C([H])([H])[H])C(=O)N2[H])C4=O,1
[H]Oc1c2c(/C([H])=N/N([H])C(=O)C([H])([H])N3C([H])([H])C([H])([H])N(c4c([H])c([H])c(Br)c([H])c4[H])C([H])([H])C3([H])[H])c(O[H])c3c4c(c(C([H])([H])[H])c(O[H])c13)O[C@](C([H])([H])[H])(O/C([H])=C(\[H])[C@]([H])(OC([H])([H])[H])[C@@]([H])(C([H])([H])[H])[C@@]([H])(OC(=O)C([H])([H])[H])[C@]([H])(C([H])([H])[H])[C@]([H])(O[H])[C@]([H])(C([H])([H])[H])[C@@]([H])(O[H])[C@@]([H])(C([H])([H])[H])/C([H])=C([H])/C([H])=C(/C([H])([H])[H])C(=O)N2[H])C4=O,1
[H]c1nc([N+](=O)[O-])n(C([H])([H])[H])c1C([H])(C([H])([H])[H])C([H])([H])[H],0
[H]C([H])=C(c1c([H])nc([N+](=O)[O-])n1C([H])([H])[H])C([H])([H])[H],0
[H]O/N=C(\[H])c1n(C([H])([H])c2c([H])c([H])c([H])c([H])c2[H])c([H])c([H])[n+]1-c1c([H])c([H])c(F)c([H])c1[H],0
[H]OC([H])([H])[C@@]([H])(O[H])[C@@]1([H])OC(=O)[C@]([H])(C([H])([H])OC([H])([H])[H])[C@@]2([H])C([H])=C([H])[C@]3([H])[C@]4([H])[C@]2(O[C@@]3([H])[C@]([H])(O[H])[C@]([H])(C([H])([H])[H])[C@@]4([H])O[H])/C(C([H])([H])[H])=C(\[H])[C@@]1([H])C([H])([H])[H],0
CNC(C)[C@@H]1CC[C@@H](N)[C@@H](O[C@@H]2[C@@H](N)C[C@@H](N)[C@H](O[C@H]3OC[C@](C)(O)[C@H](NC)[C@H]3O)[C@H]2O)O1.CN[C@@H]1[C@@H](O)[C@@H](O[C@@H]2[C@@H](O)[C@H](O[C@H]3O[C@H](C(C)N)CC[C@H]3N)[C@@H](N)C[C@H]2N)OC[C@]1(C)O.CN[C@@H]1[C@@H](O)[C@@H](O[C@@H]2[C@@H](O)[C@H](O[C@H]3O[C@H](CN)CC[C@H]3N)[C@@H](N)C[C@H]2N)OC[C@]1(C)O,1
[H]/C(C(=O)C([H])([H])[H])=C(/[H])c1c([H])nc([N+](=O)[O-])n1C([H])([H])[H],0
[H]OC([H])([H])C([H])([H])n1nc(C([H])([H])[H])c([H])c1-c1c([H])nc([N+](=O)[O-])n1C([H])([H])[H],0
[H]c1nc([N+](=O)[O-])n(C([H])([H])C([H])([H])OS(=O)(=O)c2c([H])c([H])c(C([H])([H])[H])c([H])c2[H])c1C([H])([H])[H],0
[H]OC([H])([H])[C@@]([H])(O[H])[C@@]1([H])OC(=O)[C@]([H])(C([H])([H])OC([H])([H])[H])[C@@]2([H])C([H])=C([H])[C@]3([H])[C@]4([H])[C@]2(O[C@@]3([H])[C@]([H])(O[H])[C@]([H])(C([H])([H])OC([H])([H])[H])[C@@]4([H])O[H])/C(C([H])([H])[H])=C(\[H])[C@@]1([H])C([H])([H])[H],0
[H]c1nc([N+](=O)[O-])n(C([H])([H])[H])c1C(OC(=O)N([H])[H])(C([H])([H])[H])C([H])([H])[H],0
[H]c1nc(Cl)c([H])c([H])c1C(=O)N([H])c1nnc(-c2c([H])c([H])c(C(F)(F)F)c([H])c2[H])o1,0
[H]O/N=C(\[H])c1n(C([H])([H])c2c([H])c([H])c([H])c([H])c2[H])c([H])c([H])[n+]1C([H])([H])c1c([H])c([H])c([H])c([H])c1[H],0
