canonical_smiles,standard_value
[H]C(=C(C([H])([H])[H])C([H])([H])[H])C([H])([H])N1C(=O)/C(=N/N([H])C(=O)c2c([H])c([H])c([H])c([H])c2[H])c2c([H])c([H])c([H])c([H])c21,0
[H]C(=C(C([H])([H])[H])C([H])([H])[H])C([H])([H])N1C(=O)/C(=N/N([H])C(=O)c2c([H])c([H])c(Br)c([H])c2[H])c2c([H])c([H])c([H])c([H])c21,0
[H]C(=C(C([H])([H])[H])C([H])([H])[H])C([H])([H])N1C(=O)/C(=N/N([H])C(=O)c2c([H])c([H])c([H])c(OC([H])([H])[H])c2[H])c2c([H])c([H])c([H])c([H])c21,0
[H]C(=C(C([H])([H])[H])C([H])([H])[H])C([H])([H])N1C(=O)/C(=N/N([H])C(=O)c2c([H])c([H])c(OC([H])([H])[H])c(OC([H])([H])[H])c2[H])c2c([H])c([H])c([H])c([H])c21,1
[H]Oc1c([H])c([H])c(C(=O)C([H])([H])C([H])([H])c2c([H])c([H])c(OC([H])([H])[H])c([H])c2OC([H])([H])[H])c([H])c1[H],0
[H]Oc1c([H])c(O[H])c([H])c(/C([H])=C(\[H])c2c([H])c([H])c(OC([H])([H])[H])c([H])c2[H])c1[H],0
[H]Oc1c([H])c([H])c(/C([H])=C(\[H])c2c([H])c(OC([H])([H])[H])c([H])c(O[H])c2C([H])(c2c([H])c([H])c(OC([H])([H])[H])c([H])c2[H])C([H])([H])C([H])([H])c2c([H])c([H])c(O[H])c([H])c2OC([H])([H])[H])c([H])c1[H],0
[H]Oc1c([H])c([H])c(C(=O)C([H])([H])C([H])([H])c2c([H])c(C([H])(c3c([H])c([H])c(OC([H])([H])[H])c([H])c3[H])C([H])([H])C([H])([H])c3c([H])c([H])c(O[H])c([H])c3OC([H])([H])[H])c(O[H])c([H])c2OC([H])([H])[H])c([H])c1[H],0
[H]c1c([H])c([N+](=O)[O-])c2nonc2c1N(C([H])([H])[H])C([H])([H])[H],0
[H]c1c([H])c(C2(C([H])([H])[H])SC([H])([H])c3c([H])c(C([H])([H])[H])c(C([H])([H])[H])c([H])c3C([H])([H])S2)c([H])c([H])c1OC([H])([H])[H],0
[H]c1c([H])c(C(=O)N([H])c2sc([N+](=O)[O-])c([H])c2[N+](=O)[O-])c([H])c(C(F)(F)F)c1[H],1
[H]C(=C(C([H])([H])[H])C([H])([H])[H])C([H])([H])N1C(=O)/C(=N/N([H])C(=O)c2c([H])c([H])c([H])c(C(F)(F)F)c2[H])c2c([H])c([H])c([H])c([H])c21,0
[H]C(=C(C([H])([H])[H])C([H])([H])[H])C([H])([H])N1C(=O)/C(=N/N([H])C(=O)c2c([H])c([H])c(Cl)c([H])c2[H])c2c([H])c([H])c([H])c([H])c21,0
[H]c1oc([H])c(C(=O)N([H])c2sc([N+](=O)[O-])c([H])c2[N+](=O)[O-])c1[H],1
[H]c1c([H])c([H])c(C(=O)N([H])c2nc(Cl)c([N+](=O)[O-])s2)c([H])c1[H],0
[H]/C(=C(/[H])[N+](=O)[O-])c1c(F)c([H])c(Cl)c([H])c1F,1
[H]/C(=C(/[H])[N+](=O)[O-])c1c(F)c(F)c(F)c(F)c1F,0
[H]/C(=C(/[H])[N+](=O)[O-])c1c([H])c(Cl)c([H])c(Cl)c1[H],1
[H]/C(=C(/[H])[N+](=O)[O-])c1c([H])c(C(F)(F)F)c([H])c(C(F)(F)F)c1[H],1
[H]Oc1c([H])c([H])c(/C([H])=C(\[H])C(=O)c2c([H])c([H])c(O[H])c([H])c2OC([H])([H])[H])c([H])c1[H],0
[H]/C(=C(/[H])[N+](=O)[O-])c1c([H])c(C(F)(F)F)c([H])c([H])c1F,1
[H]Oc1c([H])c([H])c(C(=O)C([H])([H])C([H])([H])c2c([H])c([H])c(O[H])c([H])c2O[H])c([H])c1[H],0
[H]OC([H])([H])C([H])([H])n1c(C([H])([H])[H])nc([H])c1[N+](=O)[O-],0
[H]C(=C(C([H])([H])[H])C([H])([H])[H])C([H])([H])N1C(=O)/C(=N/N([H])C(=O)c2c([H])c([H])c(OC([H])([H])[H])c(F)c2[H])c2c([H])c([H])c([H])c([H])c21,1
[H]C(=C(C([H])([H])[H])C([H])([H])[H])C([H])([H])N1C(=O)/C(=N/N([H])C(=O)c2c([H])c(C([H])([H])[H])c([H])c(C([H])([H])[H])c2[H])c2c([H])c([H])c([H])c([H])c21,0
[H]C(=C(C([H])([H])[H])C([H])([H])[H])C([H])([H])N1C(=O)/C(=N/N([H])C(=O)c2c([H])c(OC([H])([H])[H])c([H])c(OC([H])([H])[H])c2[H])c2c([H])c([H])c([H])c([H])c21,1
[H]Oc1c([H])c([H])c(C(=O)C([H])([H])C([H])([H])c2c([H])c(C([H])(c3c([H])c([H])c(O[H])c([H])c3[H])C([H])([H])C([H])([H])c3c([H])c([H])c(O[H])c([H])c3OC([H])([H])[H])c(O[H])c([H])c2OC([H])([H])[H])c([H])c1[H],0
[H]Oc1c([H])c([H])c([C@@]2([H])Oc3c(C([H])([H])[H])c(O[H])c([H])c([H])c3C([H])([H])C2([H])[H])c([H])c1[H],0
[H]Oc1c([H])c([H])c(/C([H])=C(\[H])c2c([H])c(O[H])c([H])c(O[H])c2C([H])(c2c([H])c([H])c(O[H])c([H])c2[H])C([H])([H])C([H])([H])c2c([H])c([H])c(O[H])c([H])c2OC([H])([H])[H])c([H])c1[H],0
[H]Oc1c([H])c([H])c(/C([H])=C(\[H])c2c([H])c(O[H])c([H])c(OC([H])([H])[H])c2C([H])(c2c([H])c([H])c(O[H])c([H])c2[H])C([H])([H])C([H])([H])c2c([H])c([H])c(O[H])c([H])c2OC([H])([H])[H])c([H])c1[H],0
[H]Oc1c([H])c([H])c(C(=O)C([H])([H])C([H])([H])c2c(OC([H])([H])[H])c([H])c(O[H])c([H])c2OC([H])([H])[H])c([H])c1[H],0
[H]OC(=O)[C@]1([H])N2C(=O)[C@@]([H])(N([H])C(=O)[C@@]([H])(c3c([H])c([H])c(O[H])c([H])c3[H])N([H])[H])[C@@]2([H])SC1(C([H])([H])[H])C([H])([H])[H],1
[H]Oc1c([H])c([H])c(C(=O)C([H])([H])C([H])([H])c2c([H])c([H])c(O[H])c([H])c2OC([H])([H])[H])c([H])c1[H],0
[H]Oc1c([H])c([H])c([C@]2([H])Oc3c(C([H])([H])[H])c(OC([H])([H])[H])c([H])c([H])c3C([H])([H])C2([H])[H])c([H])c1[H],0
[H]c1nc(N([H])C(=O)c2c([H])c([H])c([H])c([H])c2OC(=O)C([H])([H])[H])sc1[N+](=O)[O-],0
[H]c1c([H])c(C(=O)N([H])c2nc(Cl)c([N+](=O)[O-])s2)c([H])c(C(F)(F)F)c1[H],0
[H]C(=C(C([H])([H])[H])C([H])([H])[H])C([H])([H])N1C(=O)/C(=N/N([H])C(=O)c2c([H])c([H])c(OC([H])([H])[H])c([H])c2[H])c2c([H])c([H])c([H])c([H])c21,0
[H]Oc1c([H])c([H])c(/C([H])=C(\[H])c2c([H])c(OC([H])([H])[H])c(C([H])(c3c([H])c([H])c(OC([H])([H])[H])c([H])c3[H])C([H])([H])C([H])([H])c3c([H])c([H])c(O[H])c([H])c3OC([H])([H])[H])c(OC([H])([H])[H])c2[H])c([H])c1[H],0
[H]Oc1c([H])c([H])c(C([H])([H])C2([H])C([H])([H])Oc3c(OC([H])([H])[H])c(O[H])c([H])c([H])c3C2([H])[H])c([H])c1[H],0
[H]Oc1c([H])c([H])c(C(=O)C([H])([H])C([H])([H])c2c([H])c(C([H])(c3c([H])c([H])c(O[H])c([H])c3[H])C([H])([H])C([H])([H])c3c([H])c([H])c(O[H])c([H])c3OC([H])([H])[H])c(OC([H])([H])[H])c([H])c2OC([H])([H])[H])c([H])c1[H],0
[H]C(=C(C([H])([H])[H])C([H])([H])[H])C([H])([H])N1C(=O)/C(=N/N([H])C(=O)c2c([H])c([H])c(C([H])(C([H])([H])[H])C([H])([H])[H])c([H])c2[H])c2c([H])c([H])c([H])c([H])c21,0
[H]C(=C(C([H])([H])[H])C([H])([H])[H])C([H])([H])N1C(=O)/C(=N/N([H])C(=O)c2c([H])c([H])c([H])c(Br)c2[H])c2c([H])c([H])c([H])c([H])c21,0
[H]Oc1c([H])c(O[H])c2c(c1[H])O/C(=C(/[H])c1c([H])c([H])c(OC([H])([H])c3c([H])c([H])c([H])c([H])c3[H])c(OC([H])([H])[H])c1[H])C2=O,0
[H]Oc1c([H])c([H])c2c(c1[H])O[C@]([H])(c1c([H])c([H])c(OC([H])([H])[H])c([H])c1[H])C([H])([H])C2([H])[H],0
[H]Oc1c([H])c([H])c([C@@]2([H])Oc3c(C([H])([H])[H])c(OC([H])([H])[H])c([H])c(O[H])c3C([H])([H])C2([H])[H])c([H])c1[H],0
[H]Oc1c([H])c([H])c(C(=O)C([H])([H])C([H])([H])C2(O[H])C(OC([H])([H])[H])=C([H])C(=O)C([H])=C2OC([H])([H])[H])c([H])c1[H],0
[H]OC(=O)[C@@]([H])(OC([H])([H])/C([H])=C(\C([H])([H])[H])C([H])([H])C([H])([H])/C([H])=C(\[H])C(C([H])([H])[H])(C([H])([H])[H])C([H])([H])C([H])([H])C(=C([H])[H])C([H])([H])/C([H])=C(\C([H])([H])[H])C([H])([H])C([H])([H])C([H])=C(C([H])([H])[H])C([H])([H])[H])C([H])([H])OP(=O)(O[H])O[C@@]1([H])O[C@]([H])(C(=O)N([H])[H])[C@](O[H])(C([H])([H])[H])[C@]([H])(OC(=O)N([H])[H])[C@@]1([H])O[C@]1([H])O[C@]([H])(C([H])([H])O[C@]2([H])O[C@]([H])(C([H])([H])O[H])[C@@]([H])(O[H])[C@]([H])(O[H])[C@@]2([H])O[H])[C@@]([H])(O[C@]2([H])O[C@]([H])(C([H])([H])[H])[C@@]([H])(O[C@]3([H])O[C@]([H])(C(=O)N([H])C4=C(O[H])C([H])([H])C([H])([H])C4=O)[C@]([H])(O[H])[C@]([H])(O[H])[C@@]3([H])O[H])[C@]([H])(O[H])[C@@]2([H])N([H])C(=O)C([H])([H])[H])[C@]([H])(O[H])[C@@]1([H])N([H])C(=O)C([H])([H])[H],1
[H]Oc1c([H])c(O[H])c2c(c1[H])O/C(=C(/[H])c1c([H])c([H])c([H])c([H])c1[H])C2=O,0
[H]OC(=O)/C([H])=C(\[H])c1c([H])c(C(F)(F)F)c([H])c(C(F)(F)F)c1[H],0
[H]C1=C([N+](=O)[O-])C([H])(c2c([H])c([H])c(F)c([H])c2[H])Oc2c([H])c([H])c(Cl)c([H])c21,1
[H]C1=C([N+](=O)[O-])C([H])(c2c([H])c([H])c(SC([H])([H])[H])c([H])c2[H])Oc2c([H])c([H])c([H])c([H])c21,1
[H]c1nc(N([H])C(=O)c2sc([H])c([H])c2[H])sc1[N+](=O)[O-],1
[H]c1nc(N([H])C(=O)C([H])([H])C([H])([H])C([H])([H])C([H])([H])C([H])([H])[H])sc1[N+](=O)[O-],1
[H]c1nc(N([H])C(=O)c2c([H])oc([H])c2[H])sc1[N+](=O)[O-],1
[H]c1c([H])c([H])c(C(=O)N([H])c2sc([N+](=O)[O-])c([H])c2[N+](=O)[O-])c([H])c1[H],1
[H]c1sc(C(=O)N([H])c2sc([N+](=O)[O-])c([H])c2[N+](=O)[O-])c([H])c1[H],1
[H]N(C(=O)C([H])([H])C([H])([H])C([H])([H])C([H])([H])C([H])([H])[H])c1nc(Cl)c([N+](=O)[O-])s1,1
[H]N([H])C(=O)[C@@]([H])(N([H])C(=O)C([H])([H])C([H])([H])C([H])([H])C([H])([H])C([H])([H])C([H])([H])C([H])([H])C([H])([H])C([H])([H])C([H])([H])C([H])([H])N([H])C(=O)[C@@]([H])(N([H])C(=O)[C@@]([H])(N([H])C(=O)C([H])([H])C([H])([H])C([H])([H])C([H])([H])C([H])([H])C([H])([H])C([H])([H])C([H])([H])C([H])([H])C([H])([H])C([H])([H])N([H])C(=O)[C@@]([H])(N([H])C(=O)[C@@]([H])(N([H])C(=O)C([H])([H])C([H])([H])C([H])([H])C([H])([H])C([H])([H])C([H])([H])C([H])([H])C([H])([H])C([H])([H])C([H])([H])C([H])([H])[H])C([H])([H])C([H])([H])C([H])([H])C([H])([H])N([H])[H])C([H])([H])C([H])([H])C([H])([H])C([H])([H])N([H])[H])C([H])([H])C([H])([H])C([H])([H])C([H])([H])N([H])[H])C([H])([H])C([H])([H])C([H])([H])C([H])([H])N([H])[H])C([H])([H])C([H])([H])C([H])([H])C([H])([H])N([H])[H],0
[H]c1nc(N([H])C(=O)c2c([H])c([H])c([H])c(C(F)(F)F)c2[H])sc1[N+](=O)[O-],1
[H]c1c([N+](=O)[O-])sc(N([H])C(=O)C([H])([H])C([H])([H])C([H])([H])C([H])([H])C([H])([H])[H])c1[N+](=O)[O-],1
[H]/C(=C(/[H])[N+](=O)[O-])c1c([H])c([H])c(I)c([H])c1[H],1
[H]/C(=C(/[H])[N+](=O)[O-])c1c([H])c([H])c(Br)c([H])c1[H],1
[H]/C(=C(\[N+](=O)[O-])C([H])([H])[H])c1c([H])c([H])c([H])c(OC([H])([H])[H])c1[H],1
[H]c1c([H])c([H])c(C2=C(C(=O)OC([H])([H])[H])C([H])([H])c3c([H])c([N+](=O)[O-])c([H])c([H])c3O2)c(Cl)c1[H],0
[H]Oc1c([H])c([H])c(/C([H])=C(\[H])c2c([H])c(O[H])c([H])c(O[H])c2[H])c([H])c1[H],0
[H]Oc1c([H])c([H])c(C(=O)C([H])([H])C([H])([H])c2c(O[H])c([H])c(O[H])c([H])c2OC([H])([H])[H])c([H])c1[H],0
[H]Oc1c([H])c([H])c(C([H])(c2c([H])c3c(c(C([H])([H])[H])c2O[H])O[C@@]([H])(c2c([H])c([H])c(O[H])c([H])c2[H])C([H])([H])C3([H])[H])C([H])([H])C([H])([H])c2c([H])c([H])c(O[H])c([H])c2OC([H])([H])[H])c([H])c1[H],0
[H]/C(=C(/[H])[N+](=O)[O-])c1c([H])c([H])c(Cl)c(C(F)(F)F)c1[H],1
[H]c1nc(N([H])C(=O)c2c([H])c([H])c([H])c([H])c2[H])sc1[N+](=O)[O-],1
[H]c1sc(C(=O)N([H])c2nc(Cl)c([N+](=O)[O-])s2)c([H])c1[H],0
[H]/C(=C(/[H])[N+](=O)[O-])c1c([H])c([H])c(F)c([H])c1[H],1
[H]/C(=C(/[H])[N+](=O)[O-])c1c([H])c([H])c([H])c([H])c1C(F)(F)F,1
[H]/C(=C(/[H])[N+](=O)[O-])c1c([H])c([H])c(F)c([H])c1Br,1
[H]C1=C([N+](=O)[O-])C([H])(c2c([H])c([H])c(F)c([H])c2[H])Oc2c([H])c([H])c3c([H])c([H])c([H])c([H])c3c21,1
[H]C(=C(C([H])([H])[H])C([H])([H])[H])C([H])([H])N1C(=O)/C(=N/N([H])C(=O)c2c([H])c([H])c([H])c(Cl)c2[H])c2c([H])c([H])c([H])c([H])c21,0
[H]C(=C(C([H])([H])[H])C([H])([H])[H])C([H])([H])N1C(=O)/C(=N/N([H])C(=O)c2c([H])c([H])c([H])c([H])c2OC([H])([H])[H])c2c([H])c([H])c([H])c([H])c21,0
[H]/C(=C(/[H])[N+](=O)[O-])c1c([H])c([H])c([H])c([H])c1I,1
[H]/C(=C(/[H])[N+](=O)[O-])c1c([H])c([H])c([H])c(C(F)(F)F)c1[H],1
[H]C1=C([N+](=O)[O-])C([H])(c2c([H])c([H])c(I)c([H])c2[H])Oc2c(Cl)c([H])c(Cl)c([H])c21,1
[H]C1=C([N+](=O)[O-])C([H])(c2c([H])c([H])c(Cl)c([H])c2[H])Oc2c([H])c([H])c(Cl)c([H])c21,1
[H]C1=C([N+](=O)[O-])C([H])(c2c([H])c([H])c(F)c([H])c2[H])Oc2c(Cl)c([H])c(Cl)c([H])c21,1
[H]C(=C(C([H])([H])[H])C([H])([H])[H])C([H])([H])N1C(=O)/C(=N/N([H])C(=O)c2c([H])c([H])c(C(C([H])([H])[H])(C([H])([H])[H])C([H])([H])[H])c([H])c2[H])c2c([H])c([H])c([H])c([H])c21,0
[H]C(=C(C([H])([H])[H])C([H])([H])[H])C([H])([H])N1C(=O)/C(=N/N([H])C(=O)c2c([H])c([H])c(Oc3c([H])c([H])c([H])c([H])c3[H])c([H])c2[H])c2c([H])c([H])c([H])c([H])c21,0
[H]C(=C(C([H])([H])[H])C([H])([H])[H])C([H])([H])N1C(=O)/C(=N/N([H])C(=O)c2c([H])c([H])c(C([H])([H])[H])c([H])c2[H])c2c([H])c([H])c([H])c([H])c21,0
[H]C(=C(C([H])([H])[H])C([H])([H])[H])C([H])([H])N1C(=O)/C(=N/N([H])C(=O)c2c([H])c([H])c(C(F)(F)F)c([H])c2[H])c2c([H])c([H])c([H])c([H])c21,0
[H]OC([H])([H])/C(=C(/[H])C([H])([H])C([H])([H])[C@]1(C([H])([H])[H])C2([H])C([H])([H])[C@]3([H])C1(C([H])([H])[H])[C@]3([H])C2([H])[H])C([H])([H])[H],0
[H]c1sc(N([H])/C(=N/C([H])([H])C([H])([H])C([H])([H])[H])N([H])[H])nc1-c1oc(C([H])([H])N([H])C(=O)C([H])([H])[H])c([H])c1[H],0
[H]O[C@@]1([H])[C@]2([H])C(=C([H])[H])C(=O)O[C@@]2([H])C([H])([H])[C@]2(C([H])([H])[H])[C@]1([H])C(=C([H])[H])C([H])([H])C([H])([H])[C@@]2([H])O[H],0
[H]OC([H])([H])/C(=C(/[H])C([H])([H])C([H])([H])[C@@]1(C([H])([H])[H])C(=C([H])[H])[C@@]2([H])C([H])([H])C([H])([H])[C@]1([H])C2([H])[H])C([H])([H])[H],0
[H]OC([H])([H])/C(=C(\[H])C([H])([H])C([H])([H])C(=C([H])[H])[C@]1([H])C([H])([H])C([H])=C(C([H])([H])[H])C([H])([H])C1([H])[H])C([H])([H])[H],0
[H]c1nc(C([H])([H])SC([H])([H])C([H])([H])/N=C(\N([H])C#N)N([H])C([H])([H])[H])c(C([H])([H])[H])n1[H],0
[H]c1sc(N([H])/C(=N/c2c([H])c([H])c([H])c([H])c2OC([H])([H])[H])N([H])[H])nc1-c1oc(C([H])([H])N([H])C(=O)C([H])([H])[H])c([H])c1[H],1
[H]c1sc(N([H])/C(=N/C([H])([H])C([H])([H])C([H])(C([H])([H])[H])C([H])([H])[H])N([H])[H])nc1-c1nc(C([H])([H])N([H])C(=O)C([H])([H])[H])c([H])c([H])c1[H],1
[H]OC([H])(C#Cc1c([H])sc(C2([H])N=C(c3oc([H])c([H])c3[H])c3c(nc([H])c([H])c3[H])N=C2N([H])C([H])([H])[H])c1[H])C([H])([H])[H],0
[H]O[C@@]1([H])C(c2c([H])c([H])c(OC([H])([H])[H])c(OC([H])([H])[H])c2[H])=C([H])Oc2c([H])c(OC([H])([H])[H])c([H])c([H])c21,0
[H]c1c([H])c(C(=O)N([H])C([H])([H])[H])c([H])c(N([H])C(=O)C([H])([H])c2c([H])c([H])c([H])c(C([H])([H])[H])c2[H])c1[H],1
[H]c1sc2c([H])c([H])c([H])c([H])c2c1C([H])([H])C(=O)N([H])c1c([H])c([H])c([H])c(C(=O)N([H])C([H])([H])[H])c1[H],1
[H]O[C@@]1([H])[C@]([H])(C([H])([H])[H])O[C@@]([H])(O[C@@]2([H])[C@]([H])(C([H])([H])[H])[C@@]([H])(O[C@]3([H])O[C@]([H])(C([H])([H])[H])C([H])([H])[C@]([H])(N(C([H])([H])[H])C([H])([H])[H])[C@@]3([H])O[H])[C@@](OC([H])([H])[H])(C([H])([H])[H])C([H])([H])[C@@]([H])(C([H])([H])[H])C(=O)[C@]([H])(C([H])([H])[H])[C@@]([H])(O[H])[C@@](O[H])(C([H])([H])[H])[C@@]([H])(C([H])([H])C([H])([H])[H])OC(=O)[C@]2([H])C([H])([H])[H])C([H])([H])[C@]1(OC([H])([H])[H])C([H])([H])[H],0
[H]c1c([H])c(C(=O)N([H])C([H])([H])[H])c([H])c(N([H])C(=O)C([H])([H])Oc2c([H])c([H])c3c([H])c([H])c([H])c([H])c3c2[H])c1[H],1
[H]c1c([H])c(C(=O)N([H])C([H])([H])[H])c([H])c(N([H])C(=O)OC([H])([H])c2c([H])c([H])c(Cl)c([H])c2[H])c1[H],1
[H]OC(=O)c1c([H])n(C2([H])C([H])([H])C2([H])[H])c2c([H])c(N3C([H])([H])C([H])([H])N(C([H])(P(=O)(O[H])O[H])P(=O)(O[H])O[H])C([H])([H])C3([H])[H])c(F)c([H])c2c1=O,0
[H]c1nc(C([H])([H])N([H])C(=O)C([H])([H])[H])nc(-c2nc(N([H])/C(=N/C([H])([H])C([H])([H])C([H])([H])C([H])([H])[H])N([H])[H])sc2[H])c1[H],0
[H]Oc1c([H])c([H])c(C2([H])N([H])N(C(=O)C([H])([H])[H])C([H])(c3c([H])c([H])c(Cl)c([H])c3[H])C2([H])[H])c([H])c1[H],0
[H]Oc1c([H])c([H])c([H])c(O[H])c1C1([H])N([H])N(C(=O)C([H])([H])[H])C([H])(c2c([H])c([H])c(C([H])([H])[H])c([H])c2[H])C1([H])[H],0
CNC(=O)CNC(=O)[C@@H](N)CCB1O[C@@]2(C)CCC3C[C@@]2(O1)C3(C)C,0
[H]N=C(N([H])c1nc(-c2oc(C([H])([H])N([H])C(=O)C([H])([H])[H])c([H])c2[H])c([H])s1)N([H])C([H])([H])C([H])([H])c1sc([H])c([H])c1[H],1
[H]c1sc(N([H])/C(=N/C([H])([H])[H])N([H])[H])nc1-c1c([H])c([H])c([H])c(C([H])([H])N([H])C(=O)C([H])([H])[H])c1[H],0
[H]c1sc(N([H])/C(=N/C([H])([H])C([H])([H])OC([H])([H])[H])N([H])[H])nc1-c1oc(C([H])([H])N([H])C(=O)C([H])([H])[H])c([H])c1[H],1
[H]OC(=O)c1c([H])n(C2([H])C([H])([H])C2([H])[H])c2c(F)c(N3C([H])([H])[C@]([H])(C([H])([H])[H])N([H])[C@]([H])(C([H])([H])[H])C3([H])[H])c(F)c(N([H])[H])c2c1=O,0
[H]C1=C([H])C(C([H])([H])[H])(C([H])([H])[H])Oc2c([H])c([H])c3c(c21)O[C@]1([H])C([H])([H])Oc2c([H])c(OC([H])([H])[H])c(OC([H])([H])[H])c([H])c2[C@]1([H])C3=O,1
[H]c1sc(N([H])/C(=N/C([H])([H])C([H])([H])c2c([H])c([H])c([H])c([H])c2OC([H])([H])[H])N([H])[H])nc1-c1nc(C([H])([H])N([H])C(=O)C([H])([H])[H])sc1[H],1
[H]c1nc2c([H])c([H])c(Cl)c([H])c2c(C([H])([H])n2nc3c(c2-c2c([H])c(C#N)c([H])n2C([H])([H])[H])c(=O)n(C([H])([H])[H])c(=O)n3C([H])([H])C2([H])C([H])([H])C2([H])[H])c1[H],1
[H]c1nc2c([H])c([H])c(Cl)c([H])c2c(C([H])([H])n2nc3c(c2-c2c([H])c([S+]([O-])C([H])([H])[H])c([H])n2C([H])([H])[H])c(=O)n(C([H])([H])[H])c(=O)n3C([H])([H])C2([H])C([H])([H])C2([H])[H])c1[H],0
[H]c1c([H])c([H])c(C([H])([H])C([H])([H])/N=C(\N([H])[H])N([H])c2nc3c(s2)C([H])([H])C([H])([H])Oc2c([H])c([H])c(C([H])([H])N([H])C(=O)C([H])([H])[H])c([H])c2-3)c(OC([H])([H])[H])c1[H],0
[H]c1c([H])c(C(=O)N([H])C([H])([H])[H])c([H])c(N([H])C(=O)C([H])([H])c2c([H])c([H])c([H])c(Br)c2[H])c1[H],1
[H]OC(=O)c1c([H])n(C2([H])C([H])([H])C2([H])[H])c2c(F)c(N3C([H])([H])C([H])([H])OC([H])(C([H])([H])N([H])C([H])([H])[H])C3([H])[H])c(F)c([H])c2c1=O,0
COC(=O)[C@@H](N)CCB(O)O,0
[H]c1nc([H])c2c([H])c([H])c([H])c(OC([H])([H])c3c([H])c(N([H])[H])c([H])c([H])c3Cl)c2c1[H],1
[H]c1c([H])c(C(=O)N([H])C([H])([H])[H])c([H])c(N([H])C(=O)C([H])([H])c2c([H])c([H])c([H])c3c([H])c([H])c([H])c([H])c23)c1[H],1
[H]c1nc(C2=NC([H])(c3sc([H])c([H])c3[H])C(N([H])C([H])([H])[H])=Nc3nc([H])c([H])c([H])c32)oc1[H],1
[H]Oc1c([H])c([H])c([H])c([H])c1C1([H])N([H])N(C(=O)C([H])([H])[H])C([H])(c2c([H])c([H])c(Cl)c([H])c2[H])C1([H])[H],0
[H]c1c([H])c([H])c(C2([H])N([H])N(C(=O)C([H])([H])[H])C([H])(c3c([H])c([H])c(Cl)c([H])c3[H])C2([H])[H])c([H])c1[H],0
[H]Oc1c(Br)c([H])c(/C([H])=N/N([H])C(=O)c2c([H])c([H])c(C(C([H])([H])[H])(C([H])([H])[H])C([H])([H])[H])c([H])c2[H])c(O[H])c1Br,0
[H]Oc1c(Br)c([H])c(/C([H])=N/N([H])C(=O)c2c([H])c([H])c3c(c2[H])C([H])([H])c2c([H])c([H])c([H])c([H])c2-3)c(O[H])c1Br,0
[H]Oc1c(Br)c([H])c(/C([H])=N/N([H])C(=O)c2c([H])c([H])c3c([H])c(O[H])c([H])c([H])c3c2[H])c(O[H])c1Br,0
[H]Oc1c(Br)c([H])c(/C([H])=N/N([H])C(=O)c2c([H])c([H])c3c([H])c(Br)c([H])c([H])c3c2[H])c(O[H])c1Br,0
[H]Oc1c(Br)c([H])c(/C([H])=N/N([H])C(=O)c2c([H])c([H])c([H])c(Br)c2[H])c(O[H])c1Br,0
[H]Oc1c(Br)c([H])c(/C([H])=N/N([H])C(=O)c2c([H])c([H])c3c([H])c([H])c([H])c([H])c3c2[H])c(O[H])c1Br,0
[H]c1nc([H])c2c([H])c([H])c([H])c(OC([H])([H])c3c([H])c([H])c([H])c(N([H])[H])c3[H])c2c1[H],1
[H]c1sc(C2([H])N=C(c3c([H])c([H])c([H])c([H])c3[H])c3c([H])c([H])c([H])c([H])c3N=C2N([H])C([H])([H])C([H])([H])C([H])([H])[H])c([H])c1[H],0
[H]c1nc2c(c([H])c1[H])C(c1sc([H])c([H])c1[H])=NC([H])(c1sc([H])c([H])c1[H])C(N([H])C([H])([H])[H])=N2,1
[H]c1nc(C2=NC([H])(c3sc([H])c([H])c3[H])C(N([H])C([H])([H])[H])=Nc3nc([H])c([H])c([H])c32)sc1[H],1
[H]c1c([H])c([H])c(C([H])([H])C([H])([H])C(=O)N([H])c2c([H])c([H])c([H])c(C(=O)N([H])C([H])([H])[H])c2[H])c(OC([H])([H])[H])c1[H],1
[H]c1c([H])c([H])c(C([H])([H])C([H])([H])C(=O)N([H])c2c([H])c([H])c([H])c(C(=O)N([H])C([H])([H])[H])c2[H])c([H])c1[H],0
[H]c1nc([H])c2c([H])c([H])c([H])c(OC([H])([H])c3c(Cl)c([H])c([H])c([H])c3Cl)c2c1[H],1
[H]c1c(OC([H])([H])[H])c([H])c2c(c([H])c([H])n2C([H])([H])C([H])([H])C([H])([H])C([H])([H])C([H])([H])C([H])([H])C([H])([H])C([H])([H])C(=O)C([H])([H])[H])c1OC([H])([H])[H],0
[H]N=C(N([H])c1nc(-c2oc(C([H])([H])N([H])C(=O)C([H])([H])[H])c([H])c2[H])c([H])s1)N([H])C([H])([H])C1([H])C([H])([H])C([H])([H])C([H])([H])C([H])([H])C1([H])[H],1
[H]c1nc([H])c2c([H])c([H])c([H])c(OC([H])([H])c3c([H])c([H])c([H])c(N([H])[H])c3Cl)c2c1[H],1
[H]c1c([H])c(OC([H])([H])C([H])([H])C([H])([H])N([H])/C(=N/C([H])([H])C([H])([H])N([H])C(=O)c2c([H])c([H])c(/[N+]([O-])=N/C#N)c([H])c2[H])N([H])C#N)c([H])c(C([H])([H])N2C([H])([H])C([H])([H])C([H])([H])C([H])([H])C2([H])[H])c1[H],0
[H]c1c([H])c(C(=O)N([H])C([H])([H])[H])c([H])c(N([H])C(=O)C([H])([H])c2c([H])c([H])c([H])c(F)c2[H])c1[H],0
[H]c1c([H])c(C(=O)N([H])OC([H])([H])[H])c([H])c(N([H])C(=O)C([H])([H])c2c([H])c([H])c([H])c(Br)c2[H])c1[H],0
[H]c1sc(N([H])/C(=N/C([H])([H])C([H])([H])OC([H])([H])C([H])([H])C([H])([H])[H])N([H])[H])nc1-c1oc(C([H])([H])N([H])C(=O)C([H])([H])[H])c([H])c1[H],1
[H]c1c([H])c(C(=O)N([H])C([H])([H])[H])c([H])c(N([H])C(=O)OC([H])([H])c2c([H])c([H])c([H])c3c([H])c([H])c([H])c([H])c23)c1[H],1
[H]c1sc(N([H])/C(=N/C([H])([H])[H])N([H])[H])nc1-c1nc(C([H])([H])N([H])C(=O)C([H])([H])[H])c([H])c([H])c1[H],0
[H]Oc1c([H])c([H])c(C2([H])N([H])N(C(=O)C([H])([H])[H])C([H])(c3c([H])c([H])c(C([H])([H])[H])c([H])c3[H])C2([H])[H])c(O[H])c1[H],0
[H]Oc1c([H])c([H])c([H])c([H])c1C1([H])N([H])N(C(=O)C([H])([H])[H])C([H])(c2c([H])c([H])c(OC([H])([H])[H])c(OC([H])([H])[H])c2[H])C1([H])[H],0
[H]Oc1c([H])c([H])c(C2([H])N([H])N(C(=O)C([H])([H])[H])C([H])(c3c([H])c([H])c(OC([H])([H])[H])c([H])c3O[H])C2([H])[H])c(O[H])c1[H],0
[H]c1nc([H])c(C([H])([H])N([H])C(=O)c2nn(-c3c([H])c([H])c(OC([H])([H])[H])c([H])c3[H])c(C(=O)N([H])c3c([H])c([H])c([H])c([H])c3[H])c2[H])c([H])c1[H],0
[H]N=C(N([H])c1nc(-c2c([H])c([H])c([H])c(C([H])([H])N([H])C(=O)C([H])([H])[H])c2[H])c([H])s1)N([H])C([H])([H])C([H])([H])c1nc([H])c([H])c([H])c1[H],1
[H]c1sc(N([H])/C(=N/C([H])([H])C([H])([H])c2c([H])c([H])c([H])c([H])c2OC([H])([H])[H])N([H])[H])nc1-c1oc(C([H])([H])N([H])C(=O)C([H])([H])[H])c(-c2c([H])c([H])c([H])c([H])c2[H])c1[H],0
[H]c1sc(N([H])/C(=N/C([H])([H])C([H])([H])SC([H])([H])[H])N([H])[H])nc1-c1nc(C([H])([H])N([H])C(=O)C([H])([H])[H])c([H])c([H])c1[H],1
[H]c1c([H])c([H])c(N([H])C(=O)c2c([H])c(C(=O)N([H])C([H])([H])c3c([H])c([H])c(C([H])([H])[H])c([H])c3[H])nn2-c2c([H])c([H])c(Cl)c([H])c2[H])c([H])c1[H],0
[H]/C(=C(\[H])C([H])([H])N([H])c1c(N([H])C([H])([H])C([H])([H])C#N)c(=O)c1=O)C([H])([H])Oc1c([H])sc(C([H])([H])N2C([H])([H])C([H])([H])C([H])([H])C([H])([H])C2([H])[H])c1[H],0
[H]c1c([H])c(C(=O)N([H])C([H])([H])[H])c([H])c(N([H])C(=O)C([H])([H])c2c([H])c([H])c(Cl)c([H])c2[H])c1[H],1
[H]c1c([H])c(C(=O)N([H])C([H])([H])[H])c([H])c(N([H])C(=O)C([H])([H])c2c([H])c([H])c3c([H])c([H])c([H])c([H])c3c2[H])c1[H],1
[H]c1c([H])c([H])c(C([H])([H])C(=O)N([H])c2c([H])c([H])c([H])c(C(=O)N([H])C([H])([H])[H])c2[H])c(Cl)c1[H],0
[H]c1c(Cl)c([H])c2c(C([H])([H])n3nc4c(c3-c3nc(S(=O)(=O)C([H])([H])[H])c([H])n3C([H])([H])[H])c(=O)n(C([H])([H])[H])c(=O)n4C([H])([H])C3([H])C([H])([H])C3([H])[H])c([H])n([H])c2c1[H],0
[H]c1nc2c([H])c([H])c(Cl)c([H])c2c(C([H])([H])n2nc3c(c2-c2c([H])c(S(=O)(=O)N([H])[H])c([H])n2C([H])([H])[H])c(=O)n(C([H])([H])[H])c(=O)n3C([H])([H])C2([H])C([H])([H])C2([H])[H])c1[H],0
[H]c1nc2c([H])c([H])c(Cl)c([H])c2c(C([H])([H])n2nc3c(c2-c2c([H])c(S(=O)(=O)N([H])OC([H])([H])[H])c([H])n2C([H])([H])[H])c(=O)n(C([H])([H])[H])c(=O)n3C([H])([H])C2([H])C([H])([H])C2([H])[H])c1[H],0
[H]c1nc([H])c2c([H])c([H])c([H])c(OC([H])([H])c3c([H])c([H])c([H])c(N([H])C(=O)C([H])([H])[H])c3[H])c2c1[H],1
[H]c1c([H])c(C(=O)N([H])C([H])([H])[H])c([H])c(N([H])C(=O)C([H])([H])c2c([H])c([H])c([H])c(OC([H])([H])[H])c2[H])c1[H],1
[H]c1sc(N([H])/C(=N/C([H])([H])C([H])([H])OC([H])([H])C([H])([H])[H])N([H])[H])nc1-c1oc(C([H])([H])N([H])C(=O)C([H])([H])[H])c([H])c1[H],1
[H]OC(=O)c1c([H])n(C2([H])C([H])([H])C2([H])[H])c2c([H])c(N3C([H])([H])C([H])([H])N([H])C([H])([H])C3([H])[H])c(F)c([H])c2c1=O,1
[H]c1c([H])c(C(=O)N([H])C([H])([H])[H])c([H])c(N([H])C(=O)C([H])([H])c2c([H])c([H])c([H])c(Cl)c2[H])c1[H],1
[H]Oc1c([H])c([H])c(C2([H])N([H])N(C(=O)C([H])([H])[H])C([H])(c3c([H])c([H])c([H])c([H])c3Cl)C2([H])[H])c([H])c1[H],0
[H]Oc1c([H])c([H])c(C2([H])N([H])N(C(=O)C([H])([H])[H])C([H])(c3c([H])c([H])c([H])c([H])c3OC([H])([H])[H])C2([H])[H])c([H])c1[H],0
[H]Oc1c([H])c([H])c(C2([H])N([H])N(C(=O)C([H])([H])[H])C([H])(c3c([H])c([H])c(Cl)c([H])c3[H])C2([H])[H])c(O[H])c1[H],0
[H]c1c([H])c(C(=O)N([H])[H])c([H])c(N([H])C(=O)C([H])([H])c2c([H])c([H])c([H])c(Br)c2[H])c1[H],0
[H]S/C(=N\C([H])([H])/C(=C(/[H])C([H])([H])C([H])([H])/C(=C(\[H])C([H])([H])/N=C(\S[H])N([H])C([H])([H])C([H])([H])c1c([H])c([H])c([H])c([H])c1[H])C([H])([H])[H])C([H])([H])C([H])([H])/C([H])=C(\C([H])([H])[H])C([H])([H])C([H])([H])C([H])=C(C([H])([H])[H])C([H])([H])[H])N([H])C([H])([H])C([H])([H])c1c([H])c([H])c([H])c([H])c1[H],0
[H]c1nc([H])c2c([H])c([H])c([H])c(OC([H])([H])c3c([H])c([H])c([H])c4nonc34)c2c1[H],1
[H]N=C(N([H])c1nc(-c2oc(C([H])([H])N([H])C(=O)C([H])([H])[H])c([H])c2[H])c([H])s1)N([H])C([H])([H])C([H])([H])c1c([H])c([H])nc([H])c1[H],1
[H]c1sc(N([H])/C(=N/C([H])([H])C([H])([H])c2c([H])c([H])c(OC([H])([H])[H])c([H])c2[H])N([H])[H])nc1-c1nc(C([H])([H])N([H])C(=O)C([H])([H])[H])c([H])c([H])c1[H],1
[H]OC(=O)c1c([H])n(C2([H])C([H])([H])C2([H])[H])c2c([H])c(N3C([H])([H])C([H])([H])N(C([H])([H])C([H])(P(=O)(O[H])O[H])P(=O)(O[H])O[H])C([H])([H])C3([H])[H])c(F)c([H])c2c1=O,1
[H]N=C(N([H])c1nc(-c2oc(C([H])([H])N([H])C(=O)C([H])([H])[H])c([H])c2[H])c([H])s1)N([H])C([H])([H])C1([H])C([H])([H])C1([H])[H],1
[H]Oc1c([H])c(O[H])c2c(c1[H])OC([H])(c1c([H])c([H])c(O[H])c(O[H])c1[H])C([H])(O[H])C2=O,0
[H]Oc1c([H])c([H])c(-c2oc3c([H])c(O[H])c([H])c(O[H])c3c(=O)c2OC([H])([H])[H])c([H])c1O[H],0
[H]Oc1c([H])c(O[H])c2c(=O)c(O[H])c(-c3c([H])c([H])c(OC([H])([H])[H])c([H])c3[H])oc2c1[H],0
[H]O[C@]1([H])/C(C([H])([H])[H])=C(\[H])[C@]2([H])OC(=O)C(=C([H])[H])[C@@]2([H])[C@]([H])(O[H])/C([H])=C(\C([H])([H])[H])C([H])([H])C1([H])[H],0
[H]N=C(N([H])c1nc(-c2oc(C([H])([H])N([H])C(=O)C([H])([H])[H])c([H])c2[H])c([H])s1)N([H])C([H])([H])C1([H])C([H])([H])C([H])([H])C([H])([H])C1([H])[H],1
[H]c1sc(N([H])/C(=N/C([H])([H])c2c([H])c([H])c([H])c([H])c2OC([H])([H])[H])N([H])[H])nc1-c1oc(C([H])([H])N([H])C(=O)C([H])([H])[H])c([H])c1[H],1
[H]OC(=O)/C([H])=C(\[H])c1c([H])c([H])c(OC([H])([H])C([H])=C(C([H])([H])[H])C([H])([H])[H])c(OC([H])([H])[H])c1[H],0
[H]Oc1c([H])c2c(c(C([H])=C([H])[H])c1C([H])([H])[H])C([H])([H])C([H])([H])[C@]([H])(C(=C([H])[H])C([H])([H])[H])[C@@]2(C([H])([H])[H])C([H])([H])C([H])([H])C(=O)OC([H])([H])[H],0
[H]Oc1c(OC([H])([H])[H])c([H])c2c(c([H])c(OC([H])([H])[H])c3c([H])c(C([H])([H])[H])c(O[H])c([H])c32)c1C([H])([H])[H],0
[H]C([H])=C([H])C1=C(C([H])([H])[H])C(=O)C([H])=C2[C@]13O[C@@]3([H])C([H])([H])[C@]([H])(C(=C([H])[H])C([H])([H])[H])[C@@]2(C([H])([H])[H])C([H])([H])C([H])([H])C(=O)OC([H])([H])[H],0
[H]c1nc([H])c2c([H])c([H])c([H])c(OC([H])([H])c3c(Cl)c([H])c([H])c(N([H])[H])c3Cl)c2c1[H],1
[H]c1c([H])c(C([H])([H])N([H])C(=O)C([H])([H])[H])c([H])c2c1OC([H])([H])c1sc(N=C(N([H])[H])N([H])[H])nc1-2,0
[H]N=C(N([H])c1nc(-c2c([H])c([H])c([H])c(C([H])([H])N([H])C(=O)C([H])([H])[H])c2[H])c([H])s1)N([H])C([H])([H])C([H])([H])OC([H])([H])c1c([H])c([H])c([H])c([H])c1[H],0
[H]C#CC([H])([H])n1c(=O)c2c(-c3c([H])nc([H])n3C([H])([H])[H])n(C([H])([H])c3c([H])c([H])nc4c([H])c([H])c(Cl)c([H])c34)nc2n(C([H])([H])C2([H])C([H])([H])C2([H])[H])c1=O,1
[H]C#CC([H])([H])n1c(=O)c2c(-c3c([H])c(C#N)c([H])n3C([H])([H])[H])n(C([H])([H])c3c([H])c(C#N)nc4c([H])c([H])c(Cl)c([H])c34)nc2n(C([H])([H])C2([H])C([H])([H])C2([H])[H])c1=O,1
[H]OC(=O)c1c([H])n2c3c(c(N4C([H])([H])C([H])([H])N(C([H])([H])[H])C([H])([H])C4([H])[H])c(F)c([H])c3c1=O)OC([H])([H])[C@]2([H])C([H])([H])[H],0
[H]OC(=O)c1c([H])n(C2([H])C([H])([H])C2([H])[H])c2c([H])c(N3C([H])([H])C([H])([H])OC([H])(C([H])([H])N(C([H])([H])[H])C([H])([H])[H])C3([H])[H])c(F)c([H])c2c1=O,0
[H]N=C(N([H])c1nc(-c2oc(C([H])([H])N([H])C(=O)C([H])([H])[H])c([H])c2[H])c([H])s1)N([H])C([H])([H])c1c([H])c([H])c([H])c([H])c1[H],1
[H]Oc1c([H])c([H])c([H])c2c([H])nc([H])c([H])c12,0
[H]N=C(N([H])c1nc(-c2c([H])c([H])c([H])c(C([H])([H])N([H])C(=O)C([H])([H])[H])c2[H])c([H])s1)N([H])C([H])([H])C([H])([H])C#N,0
[H]OC(=O)c1c([H])n(C2([H])C([H])([H])C2([H])[H])c2c(OC([H])([H])[H])c(N3C([H])([H])C([H])([H])OC([H])(C([H])([H])N(C([H])([H])[H])C([H])([H])[H])C3([H])[H])c(F)c([H])c2c1=O,0
[H]O/C([H])=C(/[H])C(=O)c1c([H])c([H])c(OC([H])([H])[H])c([H])c1[H],0
[H]c1oc(N([H])/C(=N/C([H])([H])C([H])([H])C([H])([H])C([H])([H])[H])N([H])[H])nc1-c1nc(C([H])([H])N([H])C(=O)C([H])([H])[H])c([H])c([H])c1[H],0
[H]N=C(N([H])c1nc(-c2oc(C([H])([H])N([H])C(=O)C([H])([H])[H])c([H])c2[H])c([H])s1)N([H])C([H])([H])c1c([H])c([H])c([H])c([H])c1Cl,1
[H]c1c([H])c(C(=O)N([H])C([H])([H])[H])c([H])c(N([H])C(=O)C([H])([H])c2c([H])c([H])c([H])c([N+](=O)[O-])c2[H])c1[H],0
[H]c1sc(N([H])/C(=N/C([H])([H])C([H])([H])OC([H])([H])[H])N([H])[H])nc1-c1c([H])c([H])c([H])c(C([H])([H])N([H])C(=O)C([H])([H])[H])c1[H],1
[H]Oc1c([H])c([H])c(C2([H])N([H])N(C(=O)C([H])([H])[H])C([H])(c3c([H])c([H])c(OC([H])([H])[H])c([H])c3[H])C2([H])[H])c([H])c1[H],0
[H]c1nc([H])c2c([H])c([H])c([H])c(OC([H])([H])c3c([H])c([H])c([H])c([H])c3[H])c2c1[H],1
[H]c1sc(N([H])/C(=N/C([H])([H])C([H])([H])SC([H])([H])[H])N([H])[H])nc1-c1oc(C([H])([H])N([H])C(=O)C([H])([H])[H])c([H])c1[H],1
[H]O[C@]1([H])[C@]([H])(OC2([H])[C@@]([H])(C([H])([H])[H])C([H])(O[C@]3([H])O[C@]([H])(C([H])([H])[H])[C@]([H])(O[H])[C@](OC([H])([H])[H])(C([H])([H])[H])C3([H])[H])[C@@]([H])(C([H])([H])[H])C(=O)O[C@]([H])(C([H])([H])C([H])([H])[H])[C@](O[H])(C([H])([H])[H])[C@]([H])(O[H])[C@@]([H])(C([H])([H])[H])/C(=N/OC([H])([H])Oc3c([H])c([H])c(OC([H])([H])[H])c([H])c3[H])[C@]([H])(C([H])([H])[H])C([H])([H])[C@]2(OC([H])([H])[H])C([H])([H])[H])O[C@]([H])(C([H])([H])[H])C([H])([H])[C@]1([H])N(C([H])([H])[H])C([H])([H])[H],1
[H]N=C(N([H])c1nc(-c2oc(C([H])([H])N([H])C(=O)C([H])([H])[H])c([H])c2[H])c([H])s1)N([H])C1([H])C([H])([H])C([H])([H])C([H])([H])C([H])([H])C1([H])[H],1
[H]Oc1c([H])c([H])c(C2([H])N([H])N(C(=O)C([H])([H])[H])C([H])(c3c([H])c([H])c(OC([H])([H])[H])c([H])c3[H])C2([H])[H])c(O[H])c1[H],0
[H]Oc1c([H])c([H])c([H])c([H])c1C1([H])N([H])N(OC([H])([H])[H])C([H])(c2c([H])c([H])c(Cl)c([H])c2[H])C1([H])[H],0
[H]c1nc([H])c([H])c(SC([H])([H])c2c([H])c([H])c([H])c(SC([H])([H])C([H])([H])OC(=O)N([H])c3c([H])c([H])c([H])c([H])c3[H])c2C([H])([H])[H])c1[H],1
[H]OC([H])([H])/C([H])=C(\C([H])([H])[H])C([H])([H])C([H])([H])/C([H])=C(\C([H])([H])/N=C(\S[H])N([H])C([H])([H])C([H])([H])c1c([H])c([H])c([H])c([H])c1[H])C([H])([H])C([H])([H])/C([H])=C(\C([H])([H])[H])C([H])([H])C([H])([H])C([H])=C(C([H])([H])[H])C([H])([H])[H],0
[H]c1nc(SC([H])([H])c2c([H])c([H])c([H])c(SC([H])([H])C([H])([H])OC(=O)N([H])c3c([H])c([H])c([H])c([H])c3[H])c2C([H])([H])[H])sc1[H],1
COC(=O)[C@H](CCB1O[C@@]2(C)CCC3C[C@@]2(O1)C3(C)C)NC(=O)OCc1ccccc1,0
[H]OC(=O)c1c([H])c([H])c(OC([H])([H])C([H])=C(C([H])([H])[H])C([H])([H])[H])c([H])c1[H],0
Cc1ccc(COC(=O)c2ccc(-c3ccc(OC(=O)c4ccc(CN=C(N)N)cc4)cc3)cc2)cc1.Cl,1
[H]c1nc2c(c([H])c1[H])C(c1c([H])c([H])c([H])c([H])c1[H])=NC([H])(c1sc([H])c([H])c1[H])C(N([H])C([H])([H])[H])=N2,1
[H]OO[C@@]12C(C([H])=C([H])[H])=C(C([H])([H])[H])C(=O)C([H])=C1[C@](C([H])([H])[H])(C([H])([H])C([H])([H])C(=O)OC([H])([H])[H])[C@@]([H])(C(=C([H])[H])C([H])([H])[H])C([H])([H])C2([H])[H],0
[H]C1=C([H])C(C([H])([H])[H])(C([H])([H])[H])Oc2c([H])c([H])c3c(=O)c4c(oc3c21)C([H])([H])Oc1c([H])c(OC([H])([H])[H])c(OC([H])([H])[H])c([H])c1-4,0
[H]c1nc([H])c2c([H])c([H])c([H])c(OC([H])([H])c3c([H])c([H])c([H])c(N([H])C(=O)C([H])([H])[H])c3Cl)c2c1[H],1
[H]OC(=C(/[H])C(=O)/C([H])=C(\[H])c1c([H])c([H])c(O[H])c(OC([H])([H])[H])c1[H])/C([H])=C(\[H])c1c([H])c([H])c(O[H])c(OC([H])([H])[H])c1[H],0
[H]c1c(OC([H])([H])[H])c([H])c2c(c1OC([H])([H])[H])C(=O)OC2([H])C([H])([H])C([H])([H])C([H])([H])C([H])([H])C([H])([H])C([H])([H])C([H])([H])C([H])([H])C([H])([H])C([H])(OC(=O)C([H])([H])[H])C([H])([H])C([H])([H])C(=O)C([H])([H])[H],1
[H]OC([H])(C([H])([H])[H])C([H])([H])C([H])([H])C([H])([H])C([H])([H])C([H])([H])C([H])([H])C([H])([H])C([H])([H])C([H])([H])C([H])([H])C([H])([H])C([H])([H])C1([H])OC(=O)c2c(OC([H])([H])[H])c([H])c(OC([H])([H])[H])c([H])c21,0
[H]c1nc2c([H])c([H])c(Cl)c([H])c2c(C([H])([H])n2nc3c(c2-c2c([H])nc([H])n2C([H])([H])[H])c(=O)n(C([H])([H])[H])c(=O)n3C([H])([H])C([H])(C([H])([H])[H])C([H])([H])[H])c1[H],0
[H]c1nc2c([H])c([H])c(Cl)c([H])c2c(C([H])([H])n2nc3c(c2-c2c(C([H])([H])[H])nc([H])n2[H])c(=O)n(C([H])([H])[H])c(=O)n3C([H])([H])C2([H])C([H])([H])C2([H])[H])c1[H],0
[H]c1nc2c([H])c([H])c(Cl)c([H])c2c(C([H])([H])n2nc3c(c2-c2c([H])nc([H])n2C([H])([H])[H])c(=O)n(C([H])([H])C#CC([H])([H])[H])c(=O)n3C([H])([H])C2([H])C([H])([H])C2([H])[H])c1[H],0
[H]c1nc2c([H])c([H])c(Cl)c([H])c2c(C([H])([H])n2nc3c(c2-c2c([H])nc([H])n2C([H])([H])[H])c(=O)n(C([H])([H])C([H])([H])[H])c(=O)n3C([H])([H])C2([H])C([H])([H])C2([H])[H])c1[H],0
[H]/C(=N\N([H])C(=O)N([H])[H])C([H])([H])C(=O)c1c([H])c([H])c(OC([H])([H])[H])c([H])c1[H],0
[H]c1nc2c([H])c([H])c(Cl)c([H])c2c(C([H])([H])n2nc3c(c2-c2c([H])nc([H])n2C([H])([H])[H])c(=O)n(C([H])([H])[H])c(=O)n3C([H])([H])C2([H])C([H])([H])C2([H])[H])c1[H],1
[H]c1nc2c([H])c([H])c(Cl)c([H])c2c(C([H])([H])n2nc3c(c2-c2c([H])c(C#N)c([H])n2C([H])([H])[H])c(=O)n(C([H])([H])[H])c(=O)n3C([H])([H])C([H])(C([H])([H])[H])C([H])([H])[H])c1[H],0
[H]C([H])=C([H])C([H])([H])n1c(=O)c2c(-c3c([H])nc([H])n3C([H])([H])[H])n(C([H])([H])c3c([H])c([H])nc4c([H])c([H])c(Cl)c([H])c34)nc2n(C([H])([H])C2([H])C([H])([H])C2([H])[H])c1=O,1
[H]c1nc2c([H])c([H])c(Cl)c([H])c2c(C([H])([H])n2nc3c(c2-c2c([H])c(C#N)c([H])n2C([H])([H])[H])c(=O)n(C2([H])C([H])([H])C2([H])[H])c(=O)n3C([H])([H])C2([H])C([H])([H])C2([H])[H])c1[H],1
[H]OC([H])([H])C([H])([H])n1c(=O)c2c(-c3c([H])c(C#N)c([H])n3C([H])([H])[H])n(C([H])([H])c3c([H])c([H])nc4c([H])c([H])c(Cl)c([H])c34)nc2n(C([H])([H])C2([H])C([H])([H])C2([H])[H])c1=O,0
[H]c1nc2c([H])c([H])c(Cl)c([H])c2c(C([H])([H])n2nc3c(c2-c2c([H])c(C#N)c([H])n2C([H])([H])[H])c(=O)n(C([H])(C([H])([H])[H])C([H])([H])[H])c(=O)n3C([H])([H])C2([H])C([H])([H])C2([H])[H])c1[H],0
[H]c1nc2c([H])c([H])c(Cl)c([H])c2c(C([H])([H])n2nc3c(c2-c2c([H])c(C#N)c([H])n2C([H])([H])[H])c(=O)n(C([H])([H])C#CC([H])([H])n2c([H])nc([H])c2[H])c(=O)n3C([H])([H])C2([H])C([H])([H])C2([H])[H])c1[H],0
[H]C#CC([H])([H])n1c(=O)c2c(-c3nc(C#N)c([H])n3C([H])([H])[H])n(C([H])([H])c3c([H])c([H])nc4c([H])c([H])c(Cl)c([H])c34)nc2n(C([H])([H])C2([H])C([H])([H])C2([H])[H])c1=O,1
[H]c1nc2c([H])c([H])c(Cl)c([H])c2c(C([H])([H])n2nc3c(c2-c2nc(C#N)c([H])n2C([H])([H])[H])c(=O)n(C([H])([H])[H])c(=O)n3C([H])([H])C2([H])C([H])([H])C2([H])[H])c1[H],0
[H]c1nc2c([H])c([H])c(Cl)c([H])c2c(C([H])([H])n2nc3c(c2-c2c(C([H])([H])[H])oc(C#N)c2[H])c(=O)n(C([H])([H])[H])c(=O)n3C([H])([H])C2([H])C([H])([H])C2([H])[H])c1[H],1
[H]c1nc(-c2c3c(=O)n(C([H])([H])[H])c(=O)n(C([H])([H])C4([H])C([H])([H])C4([H])[H])c3nn2C([H])([H])c2c([H])c([H])nc3c([H])c([H])c(Cl)c([H])c23)n(C([H])([H])[H])n1,0
[H]C#CC([H])([H])n1c(=O)c2c(-c3c([H])c(C#N)c([H])n3C([H])([H])[H])n(C([H])([H])c3c([H])c([H])nc4c([H])c([H])c(Cl)c([H])c34)nc2n(C([H])([H])C2([H])C([H])([H])C2([H])[H])c1=O,1
[H]c1nc2c([H])c([H])c(Cl)c([H])c2c(C([H])([H])n2nc3c(c2-c2nc(C#N)c([H])n2C([H])([H])[H])c(=O)n(C2([H])C([H])([H])C2([H])[H])c(=O)n3C([H])([H])C2([H])C([H])([H])C2([H])[H])c1[H],0
[H]O/N=C(\[H])C([H])([H])C(=O)c1c([H])c([H])c(OC([H])([H])[H])c([H])c1[H],0
[H]/C(=N\OC([H])([H])[H])C([H])([H])C(=O)c1c([H])c([H])c(OC([H])([H])[H])c([H])c1[H],0
[H]c1c([H])c2c([H])c3c([H])c(C([H])([H])OC([H])([H])[H])oc3c([H])c2oc1=O,0
[H]c1oc2c([H])c3oc(=O)c([H])c(C(F)(F)F)c3c([H])c2c1[H],0
[H]c1nc([H])c2c([H])c([H])c([H])c(OC([H])([H])c3c(Cl)c([H])c([H])c([N+](=O)[O-])c3Cl)c2c1[H],1
[H]c1nc([H])c2c([H])c([H])c([H])c(OC([H])([H])c3c([H])c(Cl)c([H])c(N([H])C(=O)C([H])([H])[H])c3Cl)c2c1[H],1
[H]c1sc(N([H])/C(=N/C([H])([H])C([H])([H])C([H])([H])C([H])([H])[H])N([H])[H])nc1-c1sc(C([H])([H])N([H])C(=O)C([H])([H])[H])c([H])c1[H],1
[H]/C(=C(\[H])C([H])([H])N([H])c1c(N([H])C([H])([H])C(F)(F)C(F)(F)C(F)(F)F)c(=O)c1=O)C([H])([H])Oc1c([H])sc(C([H])([H])N2C([H])([H])C([H])([H])C([H])([H])C([H])([H])C2([H])[H])c1[H],0
[H]c1sc(N([H])/C(=N/C([H])([H])c2c([H])c([H])c([H])c([H])c2OC([H])([H])C([H])([H])[H])N([H])[H])nc1-c1oc(C([H])([H])N([H])C(=O)C([H])([H])[H])c([H])c1[H],1
[H]c1c(OC([H])([H])[H])c([H])c2c(c([H])c([H])n2C([H])([H])C([H])([H])C([H])([H])C([H])([H])C([H])([H])C([H])([H])C([H])([H])C([H])([H])C([H])([H])C([H])([H])C([H])([H])C([H])([H])C(=O)C([H])([H])[H])c1OC([H])([H])[H],0
[H]c1nc2c([H])c([H])c(Cl)c([H])c2c(C([H])([H])n2nc3c(c2-c2c([H])c(C#N)c([H])n2C([H])([H])[H])c(=O)n(C([H])([H])C#CC([H])([H])N2C([H])([H])C([H])([H])OC([H])([H])C2([H])[H])c(=O)n3C([H])([H])C2([H])C([H])([H])C2([H])[H])c1[H],0
[H]c1sc(N([H])/C(=N/C([H])([H])C([H])([H])[H])N([H])[H])nc1-c1c([H])c([H])c([H])c(C([H])([H])N([H])C(=O)C([H])([H])[H])c1[H],0
[H]N=C(N([H])c1nc(-c2c([H])c([H])c([H])c(C([H])([H])N([H])C(=O)C([H])([H])[H])c2[H])c([H])s1)N([H])C([H])([H])C([H])([H])O[H],0
[H]c1sc(N([H])/C(=N/C([H])([H])C([H])([H])c2c([H])c([H])c([H])c([H])c2OC([H])([H])[H])N([H])[H])nc1-c1c([H])c([H])c([H])c(C([H])([H])N([H])C(=O)C([H])([H])[H])c1[H],1
[H]c1c(Cl)c([H])c2c(C([H])([H])n3nc4c(c3-c3c([H])c(S(=O)(=O)C([H])([H])[H])c([H])n3C([H])([H])[H])c(=O)n(C([H])([H])[H])c(=O)n4C([H])([H])C3([H])C([H])([H])C3([H])[H])c([H])n(C([H])([H])[H])c2c1[H],0
[H]c1c(OC([H])([H])[H])c([H])c2c(c([H])c([H])n2C([H])([H])C([H])([H])C([H])([H])C([H])([H])C([H])([H])C([H])([H])C([H])([H])C([H])([H])C([H])([H])C(=O)C([H])([H])C([H])([H])C(=O)C([H])([H])[H])c1OC([H])([H])[H],0
[H]c1nc2c([H])c([H])c(Cl)c([H])c2c(C([H])([H])n2nc3c(c2-c2c([H])c(C#N)c([H])n2C([H])([H])[H])c(=O)n(C([H])([H])C2([H])C([H])([H])C2([H])[H])c(=O)n3C([H])([H])C2([H])C([H])([H])C2([H])[H])c1[H],1
[H]c1nc2c([H])c([H])c(Cl)c([H])c2c(C([H])([H])n2nc3c(c2-c2c([H])c(C#N)c([H])n2C([H])([H])[H])c(=O)n(C([H])([H])C([H])([H])[H])c(=O)n3C([H])([H])C2([H])C([H])([H])C2([H])[H])c1[H],1
[H]c1nc2c([H])c([H])c(Cl)c([H])c2c(C([H])([H])n2nc3c(c2-c2c([H])c(C#N)c([H])n2C([H])([H])[H])c(=O)n(C([H])([H])C#CC([H])([H])[H])c(=O)n3C([H])([H])C2([H])C([H])([H])C2([H])[H])c1[H],1
[H]C#CC([H])(n1c(=O)c2c(-c3c([H])c(C#N)c([H])n3C([H])([H])[H])n(C([H])([H])c3c([H])c([H])nc4c([H])c([H])c(Cl)c([H])c34)nc2n(C([H])([H])C2([H])C([H])([H])C2([H])[H])c1=O)C([H])([H])[H],0
[H]c1sc(N([H])/C(=N/C([H])([H])C([H])([H])c2c([H])c([H])c(OC([H])([H])[H])c([H])c2[H])N([H])[H])nc1-c1c([H])c([H])c([H])c(C([H])([H])N([H])C(=O)C([H])([H])[H])c1[H],1
[H]N=C(N([H])c1nc(-c2oc(C([H])([H])N([H])C(=O)C([H])([H])[H])c([H])c2[H])c([H])s1)N([H])C([H])([H])C([H])([H])c1oc([H])c([H])c1[H],1
[H]c1oc(-c2nc(N([H])/C(=N/C([H])([H])C([H])([H])c3c([H])c([H])c([H])c([H])c3OC([H])([H])[H])N([H])[H])sc2[H])c([H])c1C([H])([H])N([H])C(=O)C([H])([H])[H],0
[H]N=C(N([H])c1nc(-c2c([H])c([H])c([H])c(C([H])([H])N([H])C(=O)C([H])([H])[H])c2[H])c([H])s1)N([H])C([H])([H])c1c([H])c([H])c([H])c([H])c1[H],1
[H]c1c([H])c(C([H])([H])N([H])C(=O)C([H])([H])[H])c([H])c2c1OC([H])([H])C([H])([H])c1sc(N=C(N([H])[H])N([H])[H])nc1-2,0
[H]OC1([H])C([H])([H])N(C2=Nc3c([H])c([H])c([H])c([H])c3C(c3c([H])c([H])c([H])c([H])c3[H])=NC2([H])c2sc([H])c([H])c2[H])C1([H])[H],1
[H]c1nc2c(c([H])c1[H])C(c1c([H])c([H])n([H])c1[H])=NC([H])(c1sc([H])c([H])c1[H])C(N([H])C([H])([H])[H])=N2,1
[H]c1oc(N([H])/C(=N/C([H])([H])C([H])([H])c2c([H])c([H])c([H])c([H])c2OC([H])([H])[H])N([H])[H])nc1-c1c([H])c([H])c([H])c(C([H])([H])N([H])C(=O)C([H])([H])[H])c1[H],1
[H]O[C@]1([H])C(c2c([H])c([H])c(OC([H])([H])[H])c(OC([H])([H])[H])c2[H])=C([H])Oc2c([H])c(OC([H])([H])[H])c([H])c([H])c21,0
[H]c1c(OC([H])([H])[H])c([H])c2c(c1OC([H])([H])[H])C(=O)O[C@]2([H])C([H])([H])C([H])([H])C([H])([H])C([H])([H])C([H])([H])[C@]1([H])O[C@]2(O[C@]([H])(C([H])([H])[H])C([H])([H])C2([H])[H])C([H])([H])C([H])([H])C1([H])[H],1
[H]O[C@@]1([H])[C@]2([H])C(=C([H])[H])C(=O)O[C@@]2([H])C([H])([H])[C@]2(C([H])([H])[H])[C@]1([H])C(C([H])([H])[H])=C([H])C([H])([H])[C@@]2([H])O[H],0
[H]Oc1c([H])c([H])c(-c2oc3c([H])c(OC([H])([H])[H])c([H])c(O[H])c3c(=O)c2O[H])c([H])c1O[H],0
[H]O[C@]1([H])C(=C([H])[H])C([H])([H])[C@]2([H])OC(=O)C(=C([H])[H])[C@@]2([H])[C@]([H])(O[H])/C([H])=C(\C([H])([H])[H])C([H])([H])C1([H])[H],0
[H]c1nc([H])c(C([H])([H])N([H])C(=O)c2nn(-c3c([H])c([H])c(Cl)c([H])c3[H])c(C(=O)N([H])c3c([H])c([H])c(N4C([H])([H])C([H])([H])C([H])([H])C([H])([H])C4([H])[H])c([H])c3[H])c2[H])c([H])c1[H],1
[H]OC(=O)c1c([H])n(C2([H])C([H])([H])C2([H])[H])c2c(F)c(N3C([H])([H])C([H])([H])OC([H])(C([H])([H])N([H])[H])C3([H])[H])c(F)c([H])c2c1=O,0
[H]c1c([H])c(C(=O)N([H])C([H])([H])C([H])([H])[H])c([H])c(N([H])C(=O)C([H])([H])c2c([H])c([H])c([H])c(Br)c2[H])c1[H],0
[H]c1sc(N=C(N([H])[H])N([H])[H])nc1-c1c([H])c([H])c([H])c(C([H])([H])N([H])C(=O)C([H])([H])[H])c1[H],0
[H]c1c([H])c(C(=O)N([H])C([H])([H])[H])c([H])c(N([H])C(=O)C([H])([H])c2c([H])c([H])c(Br)c([H])c2[H])c1[H],1
[H]c1nc([H])c(C([H])([H])N([H])C(=O)c2nn(-c3c([H])c([H])c(Cl)c([H])c3[H])c(C(=O)N([H])c3c([H])c([H])c([H])c([H])c3[H])c2[H])c([H])c1[H],0
[H]c1sc(N([H])/C(=N/C([H])([H])C([H])([H])c2c([H])c([H])c([H])c(OC([H])([H])[H])c2[H])N([H])[H])nc1-c1nc(C([H])([H])N([H])C(=O)C([H])([H])[H])c([H])c([H])c1[H],1
[H]c1oc(N([H])/C(=N/C([H])([H])C([H])([H])C([H])([H])C([H])([H])[H])N([H])[H])nc1-c1oc(C([H])([H])N([H])C(=O)C([H])([H])[H])c([H])c1[H],0
[H]OC(=O)c1c([H])n(C2([H])C([H])([H])C2([H])[H])c2c(F)c(N3C([H])([H])C([H])([H])OC([H])(C([H])([H])N(C([H])([H])[H])C([H])([H])[H])C3([H])[H])c(F)c([H])c2c1=O,0
[H]c1sc(N([H])/C(=N/C([H])([H])C([H])([H])OC([H])([H])[H])N([H])[H])nc1-c1nc(C([H])([H])N([H])C(=O)C([H])([H])[H])c([H])c([H])c1[H],0
[H]c1sc(N([H])/C(=N/C([H])([H])C([H])([H])c2c([H])c([H])c([H])c(OC([H])([H])[H])c2[H])N([H])[H])nc1-c1oc(C([H])([H])N([H])C(=O)C([H])([H])[H])c([H])c1[H],1
[H]c1c(-c2nc(N=C(N([H])[H])N([H])[H])sc2C([H])([H])[H])oc(C([H])([H])N([H])C(=O)C([H])([H])[H])c1[H],0
[H]c1c(C([H])([H])[H])c([H])c2c(C([H])([H])n3nc4c(c3-c3c([H])c(C(=O)N([H])OC([H])([H])[H])c([H])n3C([H])([H])[H])c(=O)n(C([H])([H])[H])c(=O)n4C([H])([H])C3([H])C([H])([H])C3([H])[H])c([H])n([H])c2c1[H],0
[H]OC1=C2C(=O)c3c(O[H])c([H])c([H])c([H])c3[C@](O[H])(C([H])([H])[H])[C@@]2([H])C([H])([H])[C@]2([H])[C@@]1(O[H])C(=O)C(C(=O)N([H])[H])=C(O[H])[C@@]2([H])N(C([H])([H])[H])C([H])([H])[H],1
[H]c1nc([H])c(C2([H])N=C(c3oc([H])c([H])c3[H])c3c(nc([H])c([H])c3[H])N=C2N([H])C([H])([H])[H])s1,0
[H]N=C(N([H])c1nc(-c2oc(C([H])([H])N([H])C(=O)C([H])([H])[H])c([H])c2[H])c([H])s1)N([H])C([H])([H])C([H])([H])C1([H])C([H])([H])C([H])([H])C([H])([H])C([H])([H])C1([H])[H],1
[H]c1nc(-c2nc(N([H])/C(=N/C([H])([H])C([H])([H])c3c([H])c([H])c([H])c([H])c3OC([H])([H])[H])N([H])[H])sc2[H])oc1C([H])([H])N([H])C(=O)C([H])([H])[H],1
[H]c1sc(N([H])/C(=N/C([H])([H])c2c([H])c([H])c([H])c(OC([H])([H])[H])c2[H])N([H])[H])nc1-c1oc(C([H])([H])N([H])C(=O)C([H])([H])[H])c([H])c1[H],1
[H]c1nc([H])c([H])c(-c2c3c(=O)n(C([H])([H])[H])c(=O)n(C([H])([H])C([H])(C([H])([H])[H])C([H])([H])[H])c3nn2C([H])([H])c2c([H])c([H])c([H])c3c([H])c([H])c([H])c([H])c23)c1[H],0
[H]O[C@]12C(C([H])=C([H])[H])=C(C([H])([H])[H])C(=O)C([H])=C1[C@](C([H])([H])[H])(C([H])([H])C([H])([H])C(=O)OC([H])([H])[H])[C@@]([H])(C(=C([H])[H])C([H])([H])[H])C([H])([H])C2([H])[H],0
[H]c1c(OC([H])([H])[H])c([H])c2c(c1OC([H])([H])[H])C(=O)OC2([H])C([H])([H])C([H])([H])C([H])([H])C([H])([H])C([H])([H])C([H])([H])C([H])([H])C([H])([H])C([H])([H])C([H])([H])C([H])([H])C([H])([H])C(=O)C([H])([H])[H],0
[H]c1c([H])c(C(=O)N([H])C([H])([H])[H])c([H])c(N([H])C(=O)OC([H])([H])c2c([H])c([H])c3c([H])c([H])c([H])c([H])c3c2[H])c1[H],1
[H]C#CC([H])([H])N([H])C(=N[H])N([H])c1nc(-c2oc(C([H])([H])N([H])C(=O)C([H])([H])[H])c([H])c2[H])c([H])s1,0
[H]c1c(Cl)c([H])c2c(C([H])([H])n3nc4c(c3-c3c([H])c([S+]([O-])C([H])([H])[H])c([H])n3C([H])([H])[H])c(=O)n(C([H])([H])[H])c(=O)n4C([H])([H])C3([H])C([H])([H])C3([H])[H])c([H])n([H])c2c1[H],0
[H]N=C(N([H])c1nc(-c2oc(C([H])([H])N([H])C(=O)C([H])([H])[H])c([H])c2[H])c([H])s1)N([H])C([H])([H])C([H])([H])c1c([H])c([H])c([H])c([H])c1[H],1
[H]OC(=O)c1c([H])n(C2([H])C([H])([H])C2([H])[H])c2c(OC([H])(F)F)c(-c3c([H])c([H])c4c(c3[H])C([H])([H])N([H])[C@]4([H])C([H])([H])[H])c([H])c([H])c2c1=O,1
[H]OC([H])([H])C#CC([H])([H])n1c(=O)c2c(-c3c([H])nc([H])n3C([H])([H])[H])n(C([H])([H])c3c([H])c([H])nc4c([H])c([H])c(Cl)c([H])c34)nc2n(C([H])([H])C2([H])C([H])([H])C2([H])[H])c1=O,0
[H]c1nc([H])n(C([H])([H])[H])c1-c1c2c(=O)n(C([H])([H])[H])c(=O)n(C([H])([H])C([H])(C([H])([H])[H])C([H])([H])[H])c2nn1C([H])([H])c1c([H])c([H])c([H])c2c([H])c([H])c([H])c([H])c12,0
[H]c1sc(N([H])/C(=N/C([H])([H])C([H])([H])OC([H])([H])C([H])([H])[H])N([H])C([H])([H])C([H])([H])OC([H])([H])C([H])([H])[H])nc1-c1oc(C([H])([H])N([H])C(=O)C([H])([H])[H])c([H])c1[H],0
[H]c1c([H])c(C(=O)N([H])C([H])([H])[H])c([H])c(N([H])C(=O)C([H])([H])c2c([H])c([H])c3c(c2[H])OC([H])([H])O3)c1[H],1
[H]c1sc(N([H])/C(=N/C([H])([H])C([H])([H])C([H])([H])C([H])([H])[H])N([H])[H])nc1-c1c([H])c([H])c([H])c(C([H])([H])N([H])C(=O)C([H])([H])[H])c1[H],1
[H]c1oc(N([H])/C(=N/C([H])([H])C([H])([H])C([H])([H])C([H])([H])[H])N([H])[H])nc1-c1c([H])c([H])c([H])c(C([H])([H])N([H])C(=O)C([H])([H])[H])c1[H],0
[H]O[C@]1([H])[C@]([H])(OC2([H])[C@@]([H])(C([H])([H])[H])C(=O)[C@@]([H])(C([H])([H])[H])C(=O)O[C@]([H])(C([H])([H])C([H])([H])[H])[C@](O[H])(C([H])([H])[H])[C@]([H])(O[H])[C@@]([H])(C([H])([H])[H])/C(=N/OC([H])([H])Oc3c([H])c([H])c(OC([H])([H])[H])c([H])c3[H])[C@]([H])(C([H])([H])[H])C([H])([H])[C@]2(OC([H])([H])[H])C([H])([H])[H])O[C@]([H])(C([H])([H])[H])C([H])([H])[C@]1([H])N(C([H])([H])[H])C([H])([H])[H],1
[H]c1c([H])c(C([H])([H])N([H])C(=O)C([H])([H])[H])c([H])c2c1OC([H])([H])C([H])([H])c1sc(N([H])/C(=N/C([H])([H])C([H])([H])C([H])([H])C([H])([H])[H])N([H])[H])nc1-2,0
[H]N=C(N([H])c1nc(-c2nc(C([H])([H])N([H])C(=O)C([H])([H])[H])c([H])c([H])c2[H])c([H])s1)N([H])C([H])([H])C(F)(F)F,0
[H]c1sc(N([H])/C(=N/C([H])([H])C([H])([H])C([H])([H])C([H])([H])[H])N([H])[H])nc1-c1nc(C([H])([H])N([H])C(=O)C([H])([H])[H])c([H])c([H])c1[H],1
[H]N=C(N([H])c1nc(-c2oc(C([H])([H])N([H])C(=O)C([H])([H])[H])c([H])c2[H])c([H])s1)N([H])C([H])([H])C([H])([H])c1c([H])c([H])c([H])c([H])c1[N+](=O)[O-],1
[H]N=C(N([H])c1nc(-c2c([H])c([H])c([H])c(C([H])([H])N([H])C(=O)C([H])([H])[H])c2[H])c([H])s1)N([H])C([H])([H])C([H])([H])N([H])C(=O)c1c([H])c([H])c([H])c([H])c1[H],0
[H]OC(=O)[C@]12C(=C3C([H])=C([H])[C@]4([H])[C@@]5(C([H])([H])[H])C([H])([H])C([H])([H])[C@@]([H])(O[H])C(C([H])([H])[H])(C([H])([H])[H])[C@]5([H])C([H])([H])C([H])([H])[C@@]4(C([H])([H])[H])[C@]3(C([H])([H])[H])C([H])([H])C1([H])[H])C([H])([H])C(C([H])([H])[H])(C([H])([H])[H])C([H])([H])C2([H])[H],0
[H]c1nc([H])c2c(n1)C(c1c([H])c([H])c([H])c([H])c1[H])=NC([H])(c1sc([H])c([H])c1[H])C(N([H])C([H])([H])[H])=N2,0
[H]O[C@]1([H])[C@]([H])(OC2([H])[C@@]([H])(C([H])([H])[H])C([H])(O[C@]3([H])O[C@]([H])(C([H])([H])[H])[C@]([H])(O[H])[C@](OC([H])([H])[H])(C([H])([H])[H])C3([H])[H])[C@@]([H])(C([H])([H])[H])C(=O)O[C@]([H])(C([H])([H])C([H])([H])[H])[C@](O[H])(C([H])([H])[H])[C@]([H])(O[H])[C@@]([H])(C([H])([H])[H])/C(=N/OC([H])([H])Oc3c([H])c([H])c([H])c([H])c3OC([H])([H])[H])[C@]([H])(C([H])([H])[H])C([H])([H])[C@]2(O[H])C([H])([H])[H])O[C@]([H])(C([H])([H])[H])C([H])([H])[C@]1([H])N(C([H])([H])[H])C([H])([H])[H],1
[H]OC(=O)c1c([H])c([H])c(N([H])C(=O)c2c([H])c3c([H])c(Br)c([H])c(Cl)c3oc2=O)c([H])c1[H],0
[H]OC(=O)c1c([H])c([H])c(N([H])C(=O)c2c([H])c3c([H])c(OC([H])([H])[H])c([H])c([H])c3oc2=O)c([H])c1[H],0
[H]OC(=O)c1c([H])c([H])c(N([H])C(=O)c2c([H])c3c([H])c([H])c(O[H])c([H])c3oc2=O)c([H])c1[H],0
[H]c1c([H])c(N([H])C(=O)c2c([H])c3c([H])c(Br)c([H])c(Br)c3oc2=O)c([H])c([H])c1C(=O)OC([H])([H])C([H])([H])[H],0
[H]c1c(OC([H])([H])[H])c([H])c2c(c1OC([H])([H])[H])C(=O)O[C@]2([H])C([H])([H])C([H])([H])C([H])([H])C([H])([H])C([H])([H])C([H])([H])[C@]1([H])O[C@]2(O[C@@]([H])(C([H])([H])[H])C([H])([H])C2([H])[H])C([H])([H])C1([H])[H],1
[H]C([H])=C(C([H])([H])[H])[C@]1([H])C(=O)c2c(oc([H])c2C([H])([H])[H])C(=O)[C@]1(C([H])=C([H])[H])C([H])([H])[H],0
[H]O[C@]1([H])[C@]([H])(OC2([H])[C@@]([H])(C([H])([H])[H])C([H])(O[C@]3([H])O[C@]([H])(C([H])([H])[H])[C@]([H])(O[H])[C@](OC([H])([H])[H])(C([H])([H])[H])C3([H])[H])[C@@]([H])(C([H])([H])[H])C(=O)O[C@]([H])(C([H])([H])C([H])([H])[H])[C@](O[H])(C([H])([H])[H])[C@]([H])(O[H])[C@@]([H])(C([H])([H])[H])/C(=N/OC([H])([H])Oc3c([H])c([H])c([H])c([H])c3OC([H])([H])[H])[C@]([H])(C([H])([H])[H])C([H])([H])[C@]2(OC([H])([H])[H])C([H])([H])[H])O[C@]([H])(C([H])([H])[H])C([H])([H])[C@]1([H])N(C([H])([H])[H])C([H])([H])[H],1
[H]c1sc(N([H])/C(=N/C([H])([H])C([H])([H])N(C([H])([H])[H])C([H])([H])[H])N([H])[H])nc1-c1c([H])c([H])c([H])c(C([H])([H])N([H])C(=O)C([H])([H])[H])c1[H],0
[H]c1oc2c([H])c(OC([H])([H])C([H])([H])[H])c([H])c([H])c2c(=O)c1-c1c([H])c([H])c(OC([H])([H])C([H])([H])[H])c(OC([H])([H])C([H])([H])[H])c1[H],0
[H]c1nc2c([H])c([H])c(Cl)c([H])c2c(C([H])([H])n2nc3c(c2-c2nc(C#N)c([H])n2C([H])([H])[H])c(=O)n(C([H])([H])C2([H])C([H])([H])C2([H])[H])c(=O)n3C([H])([H])C2([H])C([H])([H])C2([H])[H])c1[H],1
[H]c1c([H])c(OC([H])([H])C([H])([H])C([H])([H])N([H])/C(=N/C([H])([H])C([H])([H])C([H])([H])C([H])([H])N([H])C(=O)c2c([H])c([H])c(/[N+]([O-])=N/C#N)c([H])c2[H])N([H])C#N)c([H])c(C([H])([H])N2C([H])([H])C([H])([H])C([H])([H])C([H])([H])C2([H])[H])c1[H],0
[H]c1c([H])c([H])c(C([H])([H])N([H])C(=O)c2nn(-c3c([H])c([H])c(OC([H])([H])[H])c([H])c3[H])c(C(=O)N([H])c3c([H])c([H])c(C(=O)N4C([H])([H])C([H])([H])C([H])([H])C4([H])[H])c([H])c3[H])c2[H])c([H])c1[H],0
Cl.N=C(N)NCc1ccc(C(=O)Oc2ccccc2)cc1,0
[H]N=C(N([H])c1nc(-c2oc(C([H])([H])N([H])C(=O)C([H])([H])[H])c([H])c2[H])c([H])s1)N([H])C([H])([H])c1oc([H])c([H])c1[H],1
[H]N=C(N([H])c1nc(-c2oc(C([H])([H])N([H])C(=O)C([H])([H])[H])c([H])c2[H])c([H])s1)N([H])C([H])([H])C([H])([H])c1c([H])c([H])c([H])c([H])c1N([H])C(=O)C([H])([H])[H],0
[H]c1sc(N([H])/C(=N/C([H])(C([H])([H])[H])C([H])([H])[H])N([H])[H])nc1-c1oc(C([H])([H])N([H])C(=O)C([H])([H])[H])c([H])c1[H],0
[H]c1c([H])c(Cl)c(Cl)c(OC([H])([H])C(=O)N([H])c2c([H])c([H])c([H])c(C(=O)N([H])C([H])([H])[H])c2[H])c1[H],1
[H]Oc1c([H])c(O[H])c2c(c1[H])O[C@]([H])(c1c([H])c([H])c(O[H])c(O[H])c1[H])C([H])([H])C2=O,0
[H]Oc1c([H])c([H])c(-c2oc3c([H])c(O[H])c([H])c(O[H])c3c(=O)c2O[H])c([H])c1O[H],0
[H]O[C@@]1([H])C([H])([H])C([H])=C(C([H])([H])[H])[C@@]2([H])[C@]1(C([H])([H])[H])C([H])([H])[C@]1([H])OC(=O)C(=C([H])[H])[C@@]1([H])[C@]2([H])O[H],0
[H]c1oc2c([H])c3oc(=O)c([H])c(-c4c([H])c([H])c([H])c([H])c4[H])c3c([H])c2c1[H],0
[H]c1sc(C2([H])N=C(c3c([H])c([H])c([H])c([H])c3[H])c3c([H])c([H])c([H])c([H])c3N=C2N([H])C([H])([H])[H])c([H])c1[H],1
[H]c1sc(C2([H])N=C(c3c([H])c([H])c([H])c([H])c3[H])c3c([H])c(Cl)c([H])c([H])c3N=C2N([H])C([H])([H])[H])c([H])c1[H],0
[H]c1nc2c(c([H])c1[H])C(c1oc([H])c([H])c1[H])=NC([H])(c1oc([H])c([H])c1[H])C(N([H])C([H])([H])[H])=N2,0
[H]c1c(Br)c([H])c2c([H])c(C(=O)N([H])C3([H])C([H])([H])C([H])([H])N(C(=O)OC([H])([H])C([H])([H])[H])C([H])([H])C3([H])[H])c(=O)oc2c1[H],0
[H]c1sc(N([H])/C(=N/C([H])([H])C([H])([H])C([H])([H])[H])N([H])[H])nc1-c1nc(C([H])([H])N([H])C(=O)C([H])([H])[H])c([H])c([H])c1[H],0
[H]/C(=N\N([H])C(=S)N([H])[H])C([H])([H])C(=O)c1c([H])c([H])c(OC([H])([H])[H])c([H])c1[H],0
[H]c1sc(N([H])/C(=N/C([H])([H])C([H])([H])[H])N([H])[H])nc1-c1oc(C([H])([H])N([H])C(=O)C([H])([H])[H])c([H])c1[H],0
[H]c1c(OC([H])([H])[H])c([H])c2c(c1OC([H])([H])[H])C([H])([H])C(=O)N2C([H])([H])C([H])([H])C([H])([H])C([H])([H])C([H])([H])[C@]1([H])O[C@]2(O[C@@]([H])(C([H])([H])[H])C([H])([H])C2([H])[H])C([H])([H])C([H])([H])C1([H])[H],0
[H]OC(=O)c1c([H])n(C2([H])C([H])([H])C2([H])[H])c2c(F)c(N3C([H])([H])C([H])([H])OC([H])(C([H])([H])N(C([H])([H])C([H])([H])[H])C([H])([H])C([H])([H])[H])C3([H])[H])c(F)c([H])c2c1=O,0
[H]OC(=O)c1c([H])c([H])c(/[N+]([O-])=N/C#N)c([H])c1[H],1
[H]c1nc2c([H])c([H])c(Cl)c([H])c2c(C([H])([H])n2nc3c(c2-c2c([H])c(C#N)c([H])n2C([H])([H])[H])c(=O)n(C([H])([H])C#CC([H])([H])n2nc([H])c([H])c2[H])c(=O)n3C([H])([H])C2([H])C([H])([H])C2([H])[H])c1[H],0
[H]c1nc2c([H])c([H])c(Cl)c([H])c2c(C([H])([H])n2nc3c(c2-c2c([H])c(C#N)c([H])n2C([H])([H])[H])c(=O)n(C([H])([H])C([H])([H])n2nc([H])c([H])c2[H])c(=O)n3C([H])([H])C2([H])C([H])([H])C2([H])[H])c1[H],0
[H]c1nc([H])n(C([H])([H])C#CC([H])([H])n2c(=O)c3c(-c4c([H])c(C#N)c([H])n4C([H])([H])[H])n(C([H])([H])c4c([H])c([H])nc5c([H])c([H])c(Cl)c([H])c45)nc3n(C([H])([H])C3([H])C([H])([H])C3([H])[H])c2=O)n1,0
[H]c1nc2c([H])c([H])c(Cl)c([H])c2c(C([H])([H])n2nc3c(c2-c2c([H])c(C#N)c([H])n2C([H])([H])[H])c(=O)n(C([H])([H])C([H])([H])n2nnc([H])c2[H])c(=O)n3C([H])([H])C2([H])C([H])([H])C2([H])[H])c1[H],0
[H]C([H])=C([H])C([H])([H])n1c(=O)c2c(-c3nc(C#N)c([H])n3C([H])([H])[H])n(C([H])([H])c3c([H])c([H])nc4c([H])c([H])c(Cl)c([H])c34)nc2n(C([H])([H])C2([H])C([H])([H])C2([H])[H])c1=O,0
[H]OC(=O)c1c([H])n(C2([H])C([H])([H])C2([H])[H])c2c(F)c(N3C([H])([H])C([H])([H])OC([H])(C([H])([H])N([H])C([H])([H])C([H])([H])C([H])([H])[H])C3([H])[H])c(F)c([H])c2c1=O,0
[H]N=C(N([H])c1nc(-c2oc(C([H])([H])N([H])C(=O)C([H])([H])[H])c([H])c2[H])c([H])s1)N([H])C([H])([H])C([H])=C([H])[H],1
[H]N=C(N([H])c1nc(-c2oc(C([H])([H])N([H])C(=O)C([H])([H])[H])c([H])c2[H])c([H])s1)N([H])C([H])([H])C([H])([H])O[H],0
[H]c1nc([H])c2c([H])c([H])c([H])c(OC([H])([H])c3c([H])c(N([H])C(=O)C([H])([H])[H])c([H])c([H])c3Cl)c2c1[H],1
[H]Oc1c(Br)c([H])c(/C([H])=N/N([H])C(=O)c2c([H])c(C(F)(F)F)c([H])c(C(F)(F)F)c2[H])c(O[H])c1Br,0
[H]Oc1c(Br)c([H])c(/C([H])=N/N([H])C(=O)c2c([H])c([H])c(Br)c([H])c2[H])c(O[H])c1Br,0
[H]N=C(N([H])c1nc(-c2c([H])c([H])c([H])c(C([H])([H])N([H])C(=O)C([H])([H])[H])c2[H])c([H])s1)N([H])C([H])([H])C([H])([H])c1c([H])c([H])c([H])c([H])c1[H],1
[H]N=C(N([H])c1nc(-c2c([H])c([H])c([H])c(C([H])([H])N([H])C(=O)C([H])([H])[H])c2[H])c([H])s1)N([H])C([H])([H])C([H])([H])C([H])([H])c1c([H])c([H])c([H])c([H])c1[H],1
[H]OC(=O)c1c([H])c([H])c(N([H])C(=O)c2c([H])c3c([H])c(O[H])c([H])c([H])c3oc2=O)c([H])c1[H],0
[H]Oc1c([H])c([H])c2oc(=O)c(C(=O)N([H])c3c([H])c([H])c(C(=O)OC([H])([H])C([H])([H])[H])c([H])c3[H])c([H])c2c1[H],0
[H]c1c([H])c(N([H])C(=O)c2c([H])c3c([H])c(OC([H])([H])[H])c([H])c([H])c3oc2=O)c([H])c([H])c1C(=O)OC([H])([H])C([H])([H])[H],0
[H]OC(=O)c1c([H])c([H])c(N([H])C(=O)c2c([H])c3c([H])c([N+](=O)[O-])c([H])c([H])c3oc2=O)c([H])c1[H],0
[H]Oc1c([H])c([H])c2c([H])c(C(=O)N([H])c3c([H])c([H])c(C(=O)OC([H])([H])C([H])([H])[H])c([H])c3[H])c(=O)oc2c1[H],0
[H]OC([H])([H])[C@@]([H])(N([H])C(=O)C([H])(Cl)Cl)[C@]([H])(O[H])c1c([H])c([H])c([N+](=O)[O-])c([H])c1[H],0
[H]c1sc(C2([H])N=C(c3c([H])c([H])c([H])c([H])c3[H])c3c([H])c([H])c([H])c([H])c3N=C2N([H])C2([H])C([H])([H])C2([H])[H])c([H])c1[H],0
[H]c1nc2c([H])c([H])c(Cl)c([H])c2c(C([H])([H])n2nc3c(c2-c2c([H])nc([H])n2C([H])([H])[H])c(=O)n(C([H])(C([H])([H])[H])C([H])([H])[H])c(=O)n3C([H])([H])C2([H])C([H])([H])C2([H])[H])c1[H],0
[H]c1nc2c([H])c([H])c(Cl)c([H])c2c(C([H])([H])n2nc3c(c2-c2nnc([H])n2C([H])([H])[H])c(=O)n(C([H])([H])[H])c(=O)n3C([H])([H])C2([H])C([H])([H])C2([H])[H])c1[H],0
[H]c1nc2c([H])c([H])c(Cl)c([H])c2c(C([H])([H])n2nc3c(c2-c2oc(C#N)c([H])c2C([H])([H])[H])c(=O)n(C([H])([H])[H])c(=O)n3C([H])([H])C2([H])C([H])([H])C2([H])[H])c1[H],1
[H]OC(=O)[C@]12C(=C3C([H])=C([H])[C@]4([H])[C@@]5(C([H])([H])[H])C([H])([H])C([H])([H])[C@]([H])(OS(=O)(=O)O[H])C(C([H])([H])[H])(C([H])([H])[H])[C@]5([H])C([H])([H])C([H])([H])[C@@]4(C([H])([H])[H])[C@]3(C([H])([H])[H])C([H])([H])C1([H])[H])C([H])([H])C(C([H])([H])[H])(C([H])([H])[H])C([H])([H])C2([H])[H],0
[H]c1nc([H])c2c([H])c([H])c([H])c(OC([H])([H])c3c(Cl)c([H])c([H])c(N([H])C(=O)C([H])([H])[H])c3Cl)c2c1[H],1
[H]N=C(N([H])c1nc(-c2oc(C([H])([H])N([H])C(=O)C([H])([H])[H])c([H])c2[H])c([H])s1)N([H])C([H])([H])c1c([H])c([H])c([H])c([H])c1C([H])([H])[H],1
[H]c1c([H])c([H])c(C([H])([H])N([H])C(=O)c2nn(-c3c([H])c([H])c(Cl)c([H])c3[H])c(C(=O)N([H])c3c([H])c([H])c(C(=O)N([H])[H])c([H])c3[H])c2[H])c([H])c1[H],0
[H]Oc1c([H])c([H])c(-c2c([H])c([H])c(C(=O)OC([H])([H])c3c([H])c([H])c(C([H])([H])[H])c([H])c3[H])c([H])c2[H])c([H])c1[H],0
[H]c1sc(N([H])/C(=N/C([H])([H])C([H])([H])c2c([H])c([H])c([H])c([H])c2OC([H])([H])[H])N([H])[H])nc1-c1nc(C([H])([H])N([H])C(=O)C([H])([H])[H])c([H])c([H])c1[H],1
[H]N=C(N([H])c1nc(-c2c([H])c([H])c([H])c(C([H])([H])N([H])C(=O)C([H])([H])[H])c2[H])c([H])s1)N([H])C([H])([H])C([H])([H])c1nc([H])n([H])c1[H],0
[H]c1c([H])c(OC([H])([H])C([H])([H])C([H])([H])N([H])/C(=N/C([H])([H])C([H])([H])C([H])([H])C([H])([H])C([H])([H])C([H])([H])N([H])C(=O)c2c([H])c([H])c(/[N+]([O-])=N/C#N)c([H])c2[H])N([H])C#N)c([H])c(C([H])([H])N2C([H])([H])C([H])([H])C([H])([H])C([H])([H])C2([H])[H])c1[H],1
[H]c1nc2c([H])c([H])c(Cl)c([H])c2c(C([H])([H])n2nc3c(c2-c2c([H])c(C#N)c([H])n2C([H])([H])[H])c(=O)n(C([H])([H])C#N)c(=O)n3C([H])([H])C2([H])C([H])([H])C2([H])[H])c1[H],0
[H]c1c([H])c(C(=O)N([H])C([H])([H])[H])c([H])c(N([H])C(=O)C([H])([H])c2c([H])n([H])c3c([H])c([H])c([H])c([H])c23)c1[H],1
[H]c1c([H])c([H])c2c(c1[H])c([C@@]([H])(C([H])([H])[H])[C@]1([H])OC(N([H])C([H])([H])[H])=NC1=O)c([H])n2[H],1
[H]c1nc2c([H])c([H])c(Cl)c([H])c2c(C([H])([H])n2nc3c(c2-c2nc(C#N)c([H])n2C([H])([H])[H])c(=O)n(C([H])([H])C([H])([H])[H])c(=O)n3C([H])([H])C2([H])C([H])([H])C2([H])[H])c1[H],1
[H]OC(=O)c1c([H])n(C2([H])C([H])([H])C2([H])[H])c2c(F)c(N3C([H])([H])C([H])([H])OC([H])(C([H])([H])C([H])([H])N([H])[H])C3([H])[H])c(F)c([H])c2c1=O,0
[H]/C(=C(\[H])C([H])([H])N([H])c1c(N([H])C([H])([H])C([H])([H])F)c(=O)c1=O)C([H])([H])Oc1c([H])sc(C([H])([H])N2C([H])([H])C([H])([H])C([H])([H])C([H])([H])C2([H])[H])c1[H],1
[H]N=C(N([H])c1nc(-c2nc(C([H])([H])N([H])C(=O)C([H])([H])[H])c([H])c([H])c2[H])c([H])s1)N([H])C([H])([H])C([H])([H])c1c([H])c([H])c([H])c([H])c1[H],1
[H]c1sc(C2([H])N=C(c3c([H])c([H])c([H])c([H])c3[H])c3c([H])c([H])c([H])c([H])c3N=C2N([H])C([H])([H])C([H])([H])[H])c([H])c1[H],0
[H]c1sc(C2([H])N=C(c3c([H])c([H])c([H])c([H])c3[H])c3c([H])c([H])c([H])c([H])c3N=C2N2C([H])([H])C([H])([H])C([H])([H])C2([H])[H])c([H])c1[H],0
[H]c1sc(C2([H])N=C(c3c([H])c([H])c([H])c([H])c3[H])c3c(nc(C([H])([H])[H])c([H])c3[H])N=C2N([H])C([H])([H])[H])c([H])c1[H],1
[H]c1nc2c(c([H])c1[H])C(c1oc([H])c([H])c1[H])=NC([H])(c1sc([H])c([H])c1[H])C(N([H])C([H])([H])[H])=N2,1
[H]c1sc(N([H])/C(=N/C([H])([H])C([H])([H])C([H])([H])OC([H])([H])[H])N([H])[H])nc1-c1c([H])c([H])c([H])c(C([H])([H])N([H])C(=O)C([H])([H])[H])c1[H],1
[H]Oc1c(O[H])c(=N\C([H])([H])/C([H])=C(/[H])C([H])([H])Oc2c([H])sc(C([H])([H])N3C([H])([H])C([H])([H])C([H])([H])C([H])([H])C3([H])[H])c2[H])/c1=N/C([H])([H])[H],0
[H]c1oc2c(OC([H])([H])[H])c3oc(=O)c([H])c([H])c3c([H])c2c1[H],0
[H]c1sc(C2([H])N=C(c3c([H])c([H])c([H])c([H])c3[H])c3c([H])c([H])c([H])c([H])c3N=C2N([H])[H])c([H])c1[H],0
[H]c1nc2c(c([H])c1[H])C(c1oc([H])c([H])c1[H])=NC([H])(c1sc([H])c([H])c1Cl)C(N([H])C([H])([H])[H])=N2,1
[H]c1nc(C([H])([H])[H])n(C([H])([H])C([H])([H])N([H])C([H])([H])c2no[n+]([O-])c2C#N)c1[N+](=O)[O-],0
[H]c1sc(N([H])/C(=N/C([H])([H])C([H])([H])c2c([H])c([H])c(OC([H])([H])[H])c([H])c2[H])N([H])[H])nc1-c1oc(C([H])([H])N([H])C(=O)C([H])([H])[H])c([H])c1[H],1
[H]c1c([H])c(C(=O)N(C([H])([H])[H])C([H])([H])[H])c([H])c(N([H])C(=O)C([H])([H])c2c([H])c([H])c([H])c(Br)c2[H])c1[H],0
[H]c1oc2c([H])c3oc(=O)c([H])c(C([H])([H])OC(=O)C([H])([H])[H])c3c([H])c2c1[H],0
[H]c1sc(N([H])/C(=N/C([H])([H])C([H])([H])c2c([H])c([H])c([H])c([H])c2OC([H])([H])[H])N([H])[H])nc1-c1oc(C([H])([H])[H])c(C([H])([H])N([H])C(=O)C([H])([H])[H])c1[H],1
[H]c1sc(N([H])/C(=N/C([H])([H])C([H])([H])C([H])([H])C([H])([H])[H])N([H])[H])nc1-c1nc(C([H])([H])N([H])C(=O)C([H])([H])[H])sc1[H],1
[H]OC(=O)c1c([H])n(C2([H])C([H])([H])C2([H])[H])c2c(Cl)c(N3C([H])([H])C([H])([H])OC([H])(C([H])([H])N(C([H])([H])[H])C([H])([H])[H])C3([H])[H])c(F)c([H])c2c1=O,0
[H]c1c([H])c([H])c(N([H])C(=O)c2c([H])c(C(=O)N([H])C([H])([H])c3c([H])c([H])c([H])c([H])c3[H])nn2-c2c([H])c([H])c(Cl)c([H])c2[H])c([H])c1[H],0
[H]N=c1c(O[H])c(O[H])/c1=N\C([H])([H])/C([H])=C(/[H])C([H])([H])Oc1c([H])sc(C([H])([H])N(C([H])([H])[H])C([H])([H])[H])c1[H],0
[H]c1sc(N([H])/C(=N/C([H])([H])C([H])([H])c2c([H])c([H])c([H])c([H])c2OC([H])([H])[H])N([H])[H])nc1-c1oc(C([H])([H])N([H])C(=O)C([H])([H])[H])c([H])c1[H],1
[H]c1sc(N([H])/C(=N/C([H])([H])C([H])([H])[H])N([H])[H])nc1-c1nc(C([H])([H])N([H])C(=O)C([H])([H])[H])c([H])c([H])c1[H],0
[H]c1sc(N([H])/C(=N/C([H])([H])C([H])([H])Oc2c([H])c([H])c([H])c([H])c2OC([H])([H])[H])N([H])[H])nc1-c1oc(C([H])([H])N([H])C(=O)C([H])([H])[H])c([H])c1[H],0
[H]OC([H])([H])/C(=C(/[H])C([H])([H])C([H])([H])/C(=C(\[H])C([H])([H])O[H])C([H])([H])[H])C([H])([H])C([H])([H])/C([H])=C(\C([H])([H])[H])C([H])([H])C([H])([H])C([H])=C(C([H])([H])[H])C([H])([H])[H],0
[H]Oc1c([H])c2c(c3c1C(=O)[C@@]1([H])c4c([H])c(OC([H])([H])[H])c(OC([H])([H])[H])c([H])c4OC([H])([H])[C@@]1([H])O3)C([H])=C([H])C(C([H])([H])[H])(C([H])([H])[H])O2,1
[H]c1nc2c([H])c([H])c(Cl)c([H])c2c(C([H])([H])n2nc3c(c2-c2c([H])nc([H])n2C([H])([H])[H])c(=O)n(C2([H])C([H])([H])C2([H])[H])c(=O)n3C([H])([H])C2([H])C([H])([H])C2([H])[H])c1[H],0
[H]c1nc2c([H])c([H])c(Cl)c([H])c2c(C([H])([H])n2nc3c(c2-c2c([H])nc([H])n2C([H])([H])[H])c(=O)n(C([H])([H])C#CC([H])([H])N2C([H])([H])C([H])([H])OC([H])([H])C2([H])[H])c(=O)n3C([H])([H])C2([H])C([H])([H])C2([H])[H])c1[H],0
[H]c1sc(N([H])/C(=N/C([H])([H])C([H])([H])C([H])([H])C([H])([H])OC([H])([H])C([H])([H])[H])N([H])[H])nc1-c1oc(C([H])([H])N([H])C(=O)C([H])([H])[H])c([H])c1[H],1
[H]c1c([H])c([H])c(C([H])([H])Oc2c([H])c([H])c([H])c(C([H])([H])C(=O)N([H])c3c([H])c([H])c([H])c(C(=O)N([H])C([H])([H])[H])c3[H])c2[H])c([H])c1[H],1
[H]OC(=O)c1c([H])n([C@]2([H])C([H])([H])[C@]2([H])F)c2c(Cl)c(N3C([H])([H])C4(C([H])([H])C4([H])[H])[C@]([H])(N([H])[H])C3([H])[H])c(F)c([H])c2c1=O,1
[H]c1sc(N([H])/C(=N/C([H])([H])C([H])([H])c2c([H])c([H])c([H])c([H])c2OC([H])([H])[H])N([H])[H])nc1-c1nc(C([H])([H])N([H])C(=O)C([H])([H])[H])n([H])c1[H],0
[H]c1sc(N([H])/C(=N/C([H])([H])C([H])([H])C([H])([H])C([H])([H])[H])N([H])[H])nc1-c1oc(C([H])([H])N([H])C(=O)C([H])([H])[H])c([H])c1[H],1
[H]O[C@]1([H])[C@]([H])(OC2([H])[C@@]([H])(C([H])([H])[H])C(=O)[C@@]([H])(C([H])([H])[H])C(=O)O[C@]([H])(C([H])([H])C([H])([H])[H])[C@](O[H])(C([H])([H])[H])[C@]([H])(O[H])[C@@]([H])(C([H])([H])[H])/C(=N/OC([H])([H])Oc3c([H])c([H])c([H])c([H])c3OC([H])([H])[H])[C@]([H])(C([H])([H])[H])C([H])([H])[C@]2(OC([H])([H])[H])C([H])([H])[H])O[C@]([H])(C([H])([H])[H])C([H])([H])[C@]1([H])N(C([H])([H])[H])C([H])([H])[H],1
[H]Oc1c([H])c([H])c(-c2oc3c([H])c(O[H])c([H])c(O[H])c3c(=O)c2O[C@]2([H])O[C@]([H])(C([H])([H])O[H])[C@@]([H])(O[H])[C@]([H])(O[H])[C@@]2([H])O[H])c([H])c1O[H],0
[H]c1sc(N([H])/C(=N/OC([H])([H])C([H])([H])[H])N([H])[H])nc1-c1c([H])c([H])c([H])c(C([H])([H])N([H])C(=O)C([H])([H])[H])c1[H],0
[H]C([H])=C(C([H])([H])[H])[C@]1([H])Oc2c([H])c([H])c3c(c2C1([H])[H])O[C@]1([H])C([H])([H])Oc2c([H])c(OC([H])([H])[H])c(OC([H])([H])[H])c([H])c2[C@]1([H])C3=O,1
[H]C([H])=C(C([H])([H])[H])[C@]1([H])Oc2c([H])c([H])c3c(=O)c4c(oc3c2C1([H])[H])C([H])([H])Oc1c([H])c(OC([H])([H])[H])c(OC([H])([H])[H])c([H])c1-4,0
[H]O[C@@]12C(=O)c3c([H])c([H])c4c(c3O[C@]1([H])C([H])([H])Oc1c([H])c(OC([H])([H])[H])c(OC([H])([H])[H])c([H])c12)C([H])=C([H])C(C([H])([H])[H])(C([H])([H])[H])O4,1
[H]C1=C([H])C(C([H])([H])[H])(C([H])([H])[H])Oc2c([H])c([H])c3c(=O)c4c(oc3c21)C([H])([H])Oc1c([H])c(OC([H])([H])[H])c(OC([H])([H])[H])c([H])c1O4,0
[H]N=C(N([H])c1nc(-c2c([H])c([H])c([H])c(C([H])([H])N([H])C(=O)C([H])([H])[H])c2[H])c([H])s1)N([H])C([H])([H])C([H])([H])Oc1c([H])c([H])c([H])c([H])c1[H],1
[H]OC(=O)c1c([H])n(-c2c([H])c([H])c(F)c([H])c2F)c2nc(N3C([H])([H])C([H])([H])C([H])(N([H])[H])C3([H])[H])c(F)c([H])c2c1=O,0
[H]c1sc(N([H])/C(=N/C([H])([H])C([H])([H])OC([H])([H])C([H])([H])C([H])([H])C([H])([H])[H])N([H])[H])nc1-c1oc(C([H])([H])N([H])C(=O)C([H])([H])[H])c([H])c1[H],1
[H]c1sc(N([H])/C(=N/C([H])([H])c2c([H])c([H])c(OC([H])([H])[H])c([H])c2[H])N([H])[H])nc1-c1oc(C([H])([H])N([H])C(=O)C([H])([H])[H])c([H])c1[H],1
[H]N=C(N([H])c1nc(-c2oc(C([H])([H])N([H])C(=O)C([H])([H])[H])c([H])c2[H])c([H])s1)N([H])C([H])([H])c1c([H])c([H])c([H])c([H])c1O[H],0
[H]O[C@]1([H])[C@]([H])(OC2([H])[C@@]([H])(C([H])([H])[H])C([H])(O[C@]3([H])O[C@]([H])(C([H])([H])[H])[C@]([H])(O[H])[C@](OC([H])([H])[H])(C([H])([H])[H])C3([H])[H])[C@@]([H])(C([H])([H])[H])C(=O)O[C@]([H])(C([H])([H])C([H])([H])[H])[C@](O[H])(C([H])([H])[H])[C@]([H])(O[H])[C@@]([H])(C([H])([H])[H])/C(=N/OC([H])([H])Oc3c([H])c([H])c(OC([H])([H])[H])c([H])c3[H])[C@]([H])(C([H])([H])[H])C([H])([H])[C@]2(O[H])C([H])([H])[H])O[C@]([H])(C([H])([H])[H])C([H])([H])[C@]1([H])N(C([H])([H])[H])C([H])([H])[H],1
[H]O[C@]1([H])C([H])=C(C(=O)OC([H])([H])[H])C([H])([H])[C@@]([H])(OC([H])([H])c2c([H])c([H])c3sc([H])c([H])c3c2[H])[C@]1([H])O[H],0
[H]N=C(N([H])c1nc(-c2c([H])c([H])c([H])c(C([H])([H])N([H])C(=O)C([H])([H])[H])c2[H])c([H])s1)N([H])c1c([H])c([H])c([H])c([H])c1[H],1
[H]OC(=O)c1c([H])n(C2([H])C([H])([H])C2([H])[H])c2c([H])c(N3C([H])([H])C([H])([H])N(C([H])(P(=O)(OC([H])([H])C([H])([H])[H])OC([H])([H])C([H])([H])[H])P(=O)(OC([H])([H])C([H])([H])[H])OC([H])([H])C([H])([H])[H])C([H])([H])C3([H])[H])c(F)c([H])c2c1=O,0
[H]c1oc2c([H])c3oc(=O)c([H])c([H])c3c([H])c2c1[H],0
[H]c1c([H])c(N([H])C(=O)c2c([H])c3c([H])c(C([H])([H])[H])c([H])c([H])c3oc2=O)c([H])c([H])c1C(=O)OC([H])([H])C([H])([H])[H],0
[H]c1c([H])c([H])c(-c2nnc(-n3c(-c4c([H])c([H])c([N+](=O)[O-])c([H])c4[H])nc4c([H])c([H])c([H])c([H])c4c3=O)nc2N([H])[H])c([H])c1[H],0
[H]c1c([H])c([H])c(C([H])([H])C(=O)N([H])c2c([H])c([H])c([H])c(C(=O)N([H])C([H])([H])[H])c2[H])c([H])c1[H],0
[H]c1c(OC([H])([H])[H])c([H])c2c(c1OC([H])([H])[H])C(=O)O[C@]2([H])C([H])([H])C([H])([H])C([H])([H])C([H])([H])C([H])([H])C([H])([H])[C@]1([H])O[C@@]2(O[C@@]([H])(C([H])([H])[H])C([H])([H])C2([H])[H])C([H])([H])C1([H])[H],1
[H]c1c(OC([H])([H])[H])c([H])c2c(c1OC([H])([H])[H])C(=O)OC2([H])C([H])([H])C([H])([H])C([H])([H])C([H])([H])C([H])([H])C([H])([H])C([H])([H])C([H])([H])C([H])([H])C(=O)C([H])([H])C([H])([H])C(=O)C([H])([H])[H],0
[H]c1sc(C2([H])N=C(c3c([H])c([H])c([H])c([H])c3[H])c3c([H])c([H])c([H])[n+]([O-])c3N=C2N([H])C([H])([H])[H])c([H])c1[H],0
[H]c1oc2c([H])c3oc(=O)c([H])c([H])c3c(C([H])([H])[H])c2c1[H],0
[H]O[C@@]12C(=O)c3c([H])c([H])c4c(c3O[C@]1([H])C([H])([H])Oc1c([H])c(OC([H])([H])[H])c(OC([H])([H])[H])c([H])c12)C([H])([H])[C@]([H])(C(=C([H])[H])C([H])([H])[H])O4,1
[H]OC(=O)c1c([H])c([H])c(N([H])C(=O)c2c([H])c3c([H])c(Br)c([H])c(Br)c3oc2=O)c([H])c1[H],0
[H]ON([H])C(=O)c1c([H])c([H])c([H])c(N([H])C(=O)C([H])([H])c2c([H])c([H])c([H])c(Br)c2[H])c1[H],0
[H]OC(=O)c1c([H])n(C2([H])C([H])([H])C2([H])[H])c2c([H])c(N3C([H])([H])C([H])([H])N(C([H])([H])C([H])(P(=O)(OC([H])([H])C([H])([H])[H])OC([H])([H])C([H])([H])[H])P(=O)(OC([H])([H])C([H])([H])[H])OC([H])([H])C([H])([H])[H])C([H])([H])C3([H])[H])c(F)c([H])c2c1=O,1
[H]c1sc(N([H])/C(=N/C([H])([H])C([H])([H])C([H])([H])C([H])([H])C([H])([H])C([H])([H])[H])N([H])[H])nc1-c1oc(C([H])([H])N([H])C(=O)C([H])([H])[H])c([H])c1[H],1
[H]c1sc(C2([H])N=C(c3c([H])c([H])c([H])c([H])c3[H])c3c([H])c([H])c([H])c([H])c3N=C2N([H])C([H])([H])C([H])([H])OC([H])([H])[H])c([H])c1[H],0
[H]c1nc2c(c([H])c1[H])C(C1([H])C([H])([H])C([H])([H])C([H])([H])C1([H])[H])=NC([H])(c1sc([H])c([H])c1[H])C(N([H])C([H])([H])[H])=N2,0
[H]c1oc2c([H])c3oc(=O)c([H])c(C([H])([H])Br)c3c([H])c2c1[H],0
[H]c1oc2c(OC(=O)C([H])([H])[H])c3oc(=O)c([H])c([H])c3c([N+](=O)[O-])c2c1[H],0
[H]c1nc2c([H])c([H])c(Cl)c([H])c2c(C([H])([H])n2nc3c(c2-c2c([H])c(S(=O)(=O)C([H])([H])[H])c([H])n2C([H])([H])[H])c(=O)n(C([H])([H])[H])c(=O)n3C([H])([H])C2([H])C([H])([H])C2([H])[H])c1[H],1
[H]c1nc2c([H])c([H])c(Cl)c([H])c2c(C([H])([H])n2nc3c(c2-c2c([H])c(C(=O)C([H])([H])[H])c([H])n2C([H])([H])[H])c(=O)n(C([H])([H])[H])c(=O)n3C([H])([H])C2([H])C([H])([H])C2([H])[H])c1[H],0
[H]c1c(OC([H])([H])[H])c([H])c2c(c([H])c([H])n2C([H])([H])C([H])([H])C([H])([H])C([H])([H])C([H])([H])[C@]2([H])O[C@]3(O[C@@]([H])(C([H])([H])[H])C([H])([H])C3([H])[H])C([H])([H])C([H])([H])C2([H])[H])c1OC([H])([H])[H],0
[H]OC([H])([H])C#CC([H])([H])n1c(=O)c2c(-c3c([H])c(C#N)c([H])n3C([H])([H])[H])n(C([H])([H])c3c([H])c([H])nc4c([H])c([H])c(Cl)c([H])c34)nc2n(C([H])([H])C2([H])C([H])([H])C2([H])[H])c1=O,0
[H]O[C@@]([H])(/C(=C(\[H])C([H])([H])[H])C([H])([H])[H])[C@@]([H])(/C([H])=C(C(/[H])=C(\[H])C([H])([H])/C(=C(\[H])C([H])([H])c1oc(OC([H])([H])[H])c([H])c(=O)c1C([H])([H])[H])C([H])([H])[H])\C([H])([H])[H])C([H])([H])[H],1
[H]c1sc(N([H])/C(=N/C([H])([H])[H])N([H])[H])nc1-c1oc(C([H])([H])N([H])C(=O)C([H])([H])[H])c([H])c1[H],0
[H]N=C(N([H])c1nc(-c2oc(C([H])([H])N([H])C(=O)C([H])([H])[H])c([H])c2[H])c([H])s1)N([H])C([H])([H])C([H])([H])c1nc([H])c([H])c([H])c1[H],1
[H]N=C(N([H])c1nc(-c2c([H])c([H])c([H])c(C([H])([H])N([H])C(=O)C([H])([H])[H])c2[H])c([H])s1)N([H])C([H])([H])C([H])([H])C([H])(c1c([H])c([H])c([H])c([H])c1[H])c1c([H])c([H])c([H])c([H])c1[H],0
[H]OC(=O)[C@]1(O[H])C([H])([H])[C@@]([H])(O[H])[C@@]([H])(O[H])[C@]([H])(OC(=O)/C([H])=C(\[H])c2c([H])c([H])c(O[H])c(O[H])c2[H])C1([H])[H],0
[H]c1sc(N([H])/C(=N/C([H])([H])C([H])([H])c2c([H])c([H])c([H])c([H])c2OC([H])([H])[H])N([H])[H])nc1-c1oc(C([H])([H])N([H])C(=O)C([H])([H])[H])c(C([H])([H])[H])c1[H],1
[H]c1c(S(=O)(=O)C([H])([H])[H])oc(C([H])([H])[H])c1-c1c2c(=O)n(C([H])([H])[H])c(=O)n(C([H])([H])C3([H])C([H])([H])C3([H])[H])c2nn1C([H])([H])c1c([H])n(C([H])([H])[H])c2c([H])c([H])c(Cl)c([H])c12,1
[H]N=C(N([H])c1nc(-c2oc(C([H])([H])N([H])C(=O)C([H])([H])[H])c([H])c2[H])c([H])s1)N([H])C([H])([H])C([H])([H])C1=C([H])C([H])([H])C([H])([H])C([H])([H])C1([H])[H],1
COC(=O)[C@@H](N)CCB1O[C@@]2(C)CCC3C[C@@]2(O1)C3(C)C,0
[H]c1c([H])c(C(=O)N([H])C([H])([H])[H])c([H])c(N([H])C(=O)OC([H])([H])c2c([H])c([H])c(C([H])([H])[H])c([H])c2[H])c1[H],1
[H]c1c(OC([H])([H])[H])c([H])c2c(c([H])c([H])n2C([H])([H])C([H])([H])C([H])([H])C2([H])OC3(OC([H])([H])C([H])([H])C([H])([H])C3([H])[H])C([H])([H])C([H])([H])C2([H])[H])c1OC([H])([H])[H],0
[H]c1c(Cl)c([H])c2c(C([H])([H])n3nc4c(c3-c3c([H])c(S(=O)(=O)N([H])C([H])([H])[H])c([H])n3C([H])([H])[H])c(=O)n(C([H])([H])[H])c(=O)n4C([H])([H])C3([H])C([H])([H])C3([H])[H])c([H])n([H])c2c1[H],0
[H]c1nc2c([H])c([H])c(Cl)c([H])c2c(C([H])([H])n2nc3c(c2-c2oc(S(=O)(=O)C([H])([H])[H])c([H])c2Cl)c(=O)n(C([H])([H])[H])c(=O)n3C([H])([H])C2([H])C([H])([H])C2([H])[H])c1[H],0
[H]Oc1c([H])c([H])c([H])c(C([H])([H])C(=O)N([H])c2c([H])c([H])c([H])c(C(=O)N([H])C([H])([H])[H])c2[H])c1[H],0
[H]c1c([H])c([H])c2c([H])c(C(=O)N([H])C3([H])C([H])([H])C([H])([H])N(C(=O)OC([H])([H])C([H])([H])[H])C([H])([H])C3([H])[H])c(=O)oc2c1[H],0
[H]c1c([H])c(N([H])C(=O)c2c([H])c3c([H])c(Br)c([H])c(Cl)c3oc2=O)c([H])c([H])c1C(=O)OC([H])([H])C([H])([H])[H],0
[H]c1nc2c([H])c([H])c(Cl)c([H])c2c(C([H])([H])n2nc3c(c2-c2nc(S(=O)(=O)C([H])([H])[H])c([H])n2C([H])([H])[H])c(=O)n(C([H])([H])[H])c(=O)n3C([H])([H])C2([H])C([H])([H])C2([H])[H])c1[H],0
[H]c1nc2c([H])c([H])c(Cl)c([H])c2c(C([H])([H])n2nc3c(c2-c2c(C([H])([H])[H])oc(S(=O)(=O)C([H])([H])[H])c2[H])c(=O)n(C([H])([H])[H])c(=O)n3C([H])([H])C2([H])C([H])([H])C2([H])[H])c1[H],0
[H]c1sc(N([H])/C(=N/C([H])([H])C([H])([H])c2c([H])c([H])c([H])c([H])c2OC([H])([H])[H])N([H])[H])nc1-c1noc(C([H])([H])N([H])C(=O)C([H])([H])[H])c1[H],0
[H]c1c([H])c([H])c(OC([H])([H])C(=O)N([H])c2c([H])c([H])c([H])c(C(=O)N([H])C([H])([H])[H])c2[H])c([H])c1[H],0
[H]c1c([H])c2c([H])c3c([H])c(Br)oc3c([H])c2oc1=O,0
[H]Oc1c(O[H])c(=N\C([H])(C([H])([H])[H])C([H])([H])[H])/c1=N/C([H])([H])/C([H])=C(/[H])C([H])([H])Oc1c([H])sc(C([H])([H])N2C([H])([H])C([H])([H])C([H])([H])C([H])([H])C2([H])[H])c1[H],0
[H]c1c([H])c(C([H])([H])N([H])C(=O)C([H])([H])[H])c([H])c2c1SC([H])([H])c1sc(N([H])/C(=N/C([H])([H])C([H])([H])C([H])([H])C([H])([H])[H])N([H])[H])nc1-2,0
[H]/C(=C(\[H])C([H])([H])N([H])c1c(N([H])[H])c(=O)c1=O)C([H])([H])Oc1c([H])sc(C([H])([H])N2C([H])([H])C([H])([H])C([H])([H])C([H])([H])C2([H])[H])c1[H],0
[H]OC(=O)[C@]12C([H])([H])C([H])([H])C(C([H])([H])[H])(C([H])([H])[H])C([H])([H])[C@@]1([H])C1=C([H])[C@@]([H])(OC([H])([H])[H])[C@]3([H])[C@@]4(C([H])([H])[H])C([H])([H])C([H])([H])[C@@]([H])(O[H])C(C([H])([H])[H])(C([H])([H])[H])[C@]4([H])C([H])([H])C([H])([H])[C@@]3(C([H])([H])[H])[C@]1(C([H])([H])[H])C([H])([H])C2([H])[H],0
[H]OC(=O)[C@@]12C(=C([H])C(C([H])([H])[H])(C([H])([H])[H])C([H])([H])C1([H])[H])[C@@]1([H])C([H])([H])[C@@]([H])(O[H])[C@]3([H])[C@@]4(C([H])([H])[H])C([H])([H])C([H])([H])[C@@]([H])(O[H])C(C([H])([H])[H])(C([H])([H])[H])[C@]4([H])C([H])([H])C([H])([H])[C@@]3(C([H])([H])[H])[C@]1(C([H])([H])[H])C([H])([H])C2([H])[H],0
[H]OC(=O)c1c([H])n(C2([H])C([H])([H])C2([H])[H])c2c(F)c(N3C([H])([H])C([H])([H])OC([H])(C([H])([H])N([H])C([H])([H])C([H])([H])[H])C3([H])[H])c(F)c([H])c2c1=O,0
[H]c1oc2c([H])c(OC([H])([H])[H])c([H])c([H])c2c(=O)c1-c1c([H])c([H])c(OC([H])([H])[H])c(OC([H])([H])[H])c1[H],0
[H]c1c(OC([H])([H])[H])c([H])c2c(c1OC([H])([H])[H])C(=O)O[C@]2([H])C([H])([H])C([H])([H])C([H])([H])C([H])([H])C([H])([H])C([H])([H])C([H])([H])C([H])([H])[C@]1([H])O[C@]2(O[C@@]([H])(C([H])([H])[H])C([H])([H])C2([H])[H])C([H])([H])C([H])([H])C1([H])[H],0
[H]c1oc2c(OC([H])([H])[H])c3oc(=O)c([H])c([H])c3c(C([H])([H])N([H])c3c([H])c([H])c(OC([H])([H])[H])c([H])c3[H])c2c1[H],0
[H]Oc1c2oc([H])c([H])c2c([N+](=O)[O-])c2c([H])c([H])c(=O)oc12,0
[H]c1nc2c([H])c([H])c(Cl)c([H])c2c(C([H])([H])n2nc3c(c2-c2nn([H])c([H])c2C([H])([H])[H])c(=O)n(C([H])([H])[H])c(=O)n3C([H])([H])C2([H])C([H])([H])C2([H])[H])c1[H],0
[H]c1nc2c([H])c([H])c(Cl)c([H])c2c(C([H])([H])n2nc3c(c2-c2nc(N([H])[H])sc2C([H])([H])[H])c(=O)n(C([H])([H])[H])c(=O)n3C([H])([H])C2([H])C([H])([H])C2([H])[H])c1[H],0
[H]c1c(OC([H])([H])[H])c([H])c2c(c1OC([H])([H])[H])C([H])([H])C(=O)N2C([H])([H])C([H])([H])C([H])([H])C([H])([H])[C@]1([H])O[C@]2(O[C@@]([H])(C([H])([H])[H])C([H])([H])C2([H])[H])C([H])([H])C([H])([H])C1([H])[H],0
[H]OC(=O)[C@]12C(=C3C([H])=C([H])[C@]4([H])[C@@]5(C([H])([H])[H])C([H])([H])C([H])([H])[C@@]([H])(O[H])[C@](C([H])=O)(C([H])([H])[H])[C@]5([H])C([H])([H])C([H])([H])[C@@]4(C([H])([H])[H])[C@]3(C([H])([H])[H])C([H])([H])C1([H])[H])C([H])([H])C(C([H])([H])[H])(C([H])([H])[H])C([H])([H])C2([H])[H],0
[H]c1oc2c(OC([H])([H])[H])c3oc(=O)c([H])c([H])c3c(C([H])([H])OC([H])([H])C([H])([H])C([H])([H])C([H])([H])[H])c2c1[H],0
[H]c1oc2c([H])c3oc(=O)c([H])c([H])c3c([H])c2c1C([H])([H])[H],0
[H]c1c([H])c2c([H])c3c([H])c(C([H])([H])OC([H])([H])C([H])([H])C([H])([H])C([H])([H])[H])oc3c([H])c2oc1=O,0
[H]c1c([H])c2c([H])c3c([H])c([N+](=O)[O-])oc3c([H])c2oc1=O,0
[H]c1sc(N([H])/C(=N/C([H])([H])C([H])([H])C([H])([H])C([H])([H])[H])N([H])[H])nc1-c1nc(C([H])([H])N([H])C(=O)C([H])([H])[H])no1,0
N[C@@H](CCB(O)O)C(=O)O,0
[H]c1c([H])c(C(=O)N([H])C([H])([H])[H])c([H])c(N([H])C(=O)C([H])([H])Oc2c([H])c([H])c([H])c3c([H])c([H])c([H])c([H])c23)c1[H],1
[H]c1c(OC([H])([H])[H])c([H])c2c(c1OC([H])([H])[H])C(=O)O[C@@]2([H])C([H])([H])C([H])([H])C([H])([H])C([H])([H])C([H])([H])C([H])([H])[C@]1([H])O[C@]2(O[C@@]([H])(C([H])([H])[H])C([H])([H])C2([H])[H])C([H])([H])C1([H])[H],0
[H]c1c(OC([H])([H])[H])c([H])c2c(c1OC([H])([H])[H])C(=O)OC2([H])C([H])([H])C([H])([H])C([H])([H])C([H])([H])C([H])([H])C([H])([H])C1([H])OC2(OC([H])(C([H])([H])[H])C([H])([H])C2([H])[H])C([H])([H])C1([H])[H],1
[H]c1sc(N=C(N([H])[H])N([H])[H])nc1-c1oc(C([H])([H])N([H])C(=O)C([H])([H])[H])c([H])c1[H],0
[H]OC(=O)c1c([H])c([H])c(OC([H])([H])C([H])=C(C([H])([H])[H])C([H])([H])[H])c(OC([H])([H])[H])c1[H],0
[H]c1nc2c([H])c([H])c(Cl)c([H])c2c(C([H])([H])n2nc3c(c2-c2c([H])c(S(=O)(=O)N([H])C([H])([H])[H])c([H])n2C([H])([H])[H])c(=O)n(C([H])([H])[H])c(=O)n3C([H])([H])C2([H])C([H])([H])C2([H])[H])c1[H],0
[H]N=C(N([H])c1nc(-c2oc(C([H])([H])N([H])C(=O)C([H])([H])[H])c([H])c2[H])c([H])s1)N([H])C([H])([H])C([H])([H])C([H])([H])c1c([H])c([H])c([H])c([H])c1[H],1
[H]c1c([H])c(Cl)c(C([H])([H])OC(=O)N([H])c2c([H])c([H])c([H])c(C(=O)N([H])C([H])([H])[H])c2[H])c(Cl)c1[H],1
[H]OC(=O)c1c([H])n(C2([H])C([H])([H])C2([H])[H])c2c(OC([H])([H])[H])c(N3C([H])([H])C([H])([H])O[C@]([H])(C([H])([H])N(C([H])([H])[H])C([H])([H])[H])C3([H])[H])c(F)c([H])c2c1=O,0
[H]c1sc(N([H])/C(=N/C([H])([H])C([H])([H])N([H])C(=O)C([H])([H])[H])N([H])[H])nc1-c1nc(C([H])([H])N([H])C(=O)C([H])([H])[H])c([H])c([H])c1[H],0
[H]c1oc2c(OC([H])([H])[H])c3oc(=O)c([H])c([H])c3c([N+](=O)[O-])c2c1[H],0
[H]C(=O)c1c([H])c(=O)oc2c([H])c3oc([H])c([H])c3c([H])c12,0
[H]N=C(N([H])c1nc(-c2oc(C([H])([H])N([H])C(=O)C([H])([H])[H])c([H])c2[H])c([H])s1)N([H])C([H])([H])C([H])([H])N([H])c1c([H])c([H])c([H])c([H])c1[H],1
[H]Oc1c([H])c([H])c(C(=O)/C([H])=C(\[H])c2c([H])c(C(C([H])=C([H])[H])(C([H])([H])[H])C([H])([H])[H])c(O[H])c([H])c2OC([H])([H])[H])c([H])c1[H],0
[H]C(=C(C([H])([H])[H])C([H])([H])[H])C([H])([H])C([H])([H])/C(=C(\[H])C([H])([H])Oc1c([H])c([H])c2c([H])c([H])c(=O)oc2c1[H])C([H])([H])[H],0
[H]O[C@](c1c([H])c([H])c([H])c2c([H])c([H])c([H])c([H])c12)(C([H])([H])C([H])([H])N(C([H])([H])[H])C([H])([H])[H])[C@]([H])(c1c([H])c([H])c([H])c([H])c1[H])c1c(OC([H])([H])[H])nc2c([H])c([H])c(Br)c([H])c2c1[H],0
[H]c1oc2c([H])c3oc(=O)c([H])c(C([H])([H])[H])c3c([H])c2c1[H],1
[H]C#CC([H])(n1c(=O)c2c(-c3c([H])nc([H])n3C([H])([H])[H])n(C([H])([H])c3c([H])c([H])nc4c([H])c([H])c(Cl)c([H])c34)nc2n(C([H])([H])C2([H])C([H])([H])C2([H])[H])c1=O)C([H])([H])[H],0
[H]OC([H])([H])[C@]1(C([H])([H])[H])[C@]([H])(O[H])C([H])([H])C([H])([H])[C@]2(C([H])([H])[H])[C@@]3([H])C([H])=C([H])[C@]45OC(=O)[C@@]6(C([H])([H])C([H])([H])C(C([H])([H])[H])(C([H])([H])[H])C([H])([H])[C@]64[H])C([H])([H])C([H])([H])[C@@]5(C([H])([H])[H])[C@]3(C([H])([H])[H])C([H])([H])C([H])([H])[C@]21[H],0
[H]c1c(Cl)c([H])c2c(C([H])([H])n3nc4c(c3-c3nc(S(=O)(=O)N([H])[H])c([H])n3C([H])([H])[H])c(=O)n(C([H])([H])[H])c(=O)n4C([H])([H])C3([H])C([H])([H])C3([H])[H])c([H])n([H])c2c1[H],1
[H]Oc1c(Br)c([H])c(/C([H])=N/N([H])C(=O)c2c([H])c([H])c3c([H])c([H])c([H])c([H])c3c2O[H])c(O[H])c1Br,0
[H]c1c(OC([H])([H])[H])c([H])c2c(c1OC([H])([H])[H])C(=O)O[C@@]2([H])C([H])([H])C([H])([H])C([H])([H])C([H])([H])C([H])([H])C([H])([H])[C@]1([H])O[C@@]2(O[C@@]([H])(C([H])([H])[H])C([H])([H])C2([H])[H])C([H])([H])C1([H])[H],0
[H]c1c([H])c2c([H])c3c([H])c(Cl)oc3c([H])c2oc1=O,0
[H]OC([H])([H])c1c([H])c(=O)oc2c([H])c3oc([H])c([H])c3c([H])c12,1
[H]c1sc(N([H])/C(=N/C([H])([H])C([H])([H])C([H])([H])OC([H])([H])C([H])([H])[H])N([H])[H])nc1-c1oc(C([H])([H])N([H])C(=O)C([H])([H])[H])c([H])c1[H],1
[H]N=C(N([H])c1nc(-c2oc(C([H])([H])N([H])C(=O)C([H])([H])[H])c([H])c2[H])c([H])s1)N([H])C([H])([H])C([H])([H])N1C([H])([H])C([H])([H])C([H])([H])C([H])([H])C1([H])[H],0
[H]OC(=O)c1c([H])n(C2([H])C([H])([H])C2([H])[H])c2c(OC([H])([H])[H])c(N3C([H])([H])C([H])([H])N([H])C([H])(C([H])([H])[H])C3([H])[H])c(F)c([H])c2c1=O,1
[H]/C(=C(\[H])C([H])([H])N([H])c1c(N([H])C([H])([H])C(F)(F)C(F)(F)F)c(=O)c1=O)C([H])([H])Oc1c([H])sc(C([H])([H])N2C([H])([H])C([H])([H])C([H])([H])C([H])([H])C2([H])[H])c1[H],0
[H]N=C(N([H])c1nc(-c2oc(C([H])([H])N([H])C(=O)C([H])([H])[H])c([H])c2[H])c([H])s1)N([H])C([H])([H])C([H])([H])c1nc([H])n([H])c1[H],0
[H]c1sc(N([H])/C(=N/C([H])([H])C([H])([H])c2c([H])c([H])c([H])c([H])c2OC([H])([H])[H])N([H])[H])nc1-c1sc(C([H])([H])N([H])C(=O)C([H])([H])[H])c([H])c1[H],1
[H]N=C(N([H])c1nc(-c2oc(C([H])([H])N([H])C(=O)C([H])([H])[H])c([H])c2[H])c([H])s1)N([H])C([H])([H])C([H])([H])C([H])([H])C1([H])C([H])([H])C([H])([H])C([H])([H])C([H])([H])C1([H])[H],1
[H]c1c(Cl)c([H])c2c(C([H])([H])n3nc4c(c3-c3c([H])c(S(=O)(=O)C([H])([H])[H])c([H])n3C([H])([H])[H])c(=O)n(C([H])([H])[H])c(=O)n4C([H])([H])C3([H])C([H])([H])C3([H])[H])c([H])n([H])c2c1[H],1
[H]OC(=O)[C@@]1([H])N([H])C(=O)[C@]([H])(C([H])([H])[H])N([H])C(=O)[C@@]([H])(N(C(=O)C([H])([H])N([H])C(=O)[C@]([H])(N([H])C(=O)[C@]([H])(N(C(=O)C([H])([H])C([H])([H])C([H])([H])C([H])([H])C([H])([H])C([H])([H])C([H])([H])C([H])([H])C([H])([H])C([H])([H])C([H])([H])C([H])([H])C([H])([H])C([H])([H])C([H])([H])[H])C([H])([H])[H])C([H])([H])O[H])C([H])([H])[H])C([H])([H])[H])c2c([H])c([H])c(O[H])c(c2[H])-c2c([H])c(c([H])c([H])c2O[H])C1([H])[H],1
[H]O[C@@]([H])(/C(=C(\[H])C([H])([H])[H])C([H])([H])[H])[C@@]([H])(/C([H])=C(C(/[H])=C(\[H])C([H])([H])/C(=C(\[H])C([H])([H])c1oc(OC([H])([H])[H])c(C([H])([H])[H])c(=O)c1C([H])([H])[H])C([H])([H])[H])\C([H])([H])[H])C([H])([H])[H],1
[H]OC(=O)c1c([H])n(C2([H])C([H])([H])C2([H])[H])c2c(OC([H])([H])[H])c(N3C([H])([H])C([H])([H])O[C@@]([H])(C([H])([H])N(C([H])([H])[H])C([H])([H])[H])C3([H])[H])c(F)c([H])c2c1=O,0
[H]N=C(N([H])c1nc(-c2oc(C([H])([H])N([H])C(=O)C([H])([H])[H])c([H])c2[H])c([H])s1)N([H])C([H])([H])C([H])([H])c1c([H])c([H])c([H])c([H])c1N([H])[H],1
[H]c1oc2c([H])c([H])c3c(c2c1[H])O[C@]1([H])C([H])([H])Oc2c([H])c(OC([H])([H])[H])c(OC([H])([H])[H])c([H])c2[C@]1([H])C3=O,0
[H]c1c([H])c(-n2nc(C(=O)N([H])C([H])([H])C([H])(C([H])([H])[H])C([H])([H])[H])c([H])c2C(=O)N([H])c2c([H])c([H])c(C(=O)N3C([H])([H])C([H])([H])C([H])([H])C3([H])[H])c([H])c2[H])c([H])c([H])c1OC([H])([H])[H],0
[H]O[C@@]12C([H])([H])C3=C([H])C([H])([H])[C@@]4(C([H])([H])[H])[C@@](C([H])([H])[H])(C([H])([H])C([H])([H])[C@]4([H])[C@]([H])(C([H])([H])[H])C([H])([H])[C@@]([H])(O[H])C(=C([H])[H])C([H])(C([H])([H])[H])C([H])([H])[H])[C@]3([H])C([H])([H])C([H])([H])[C@@]1([H])[C@]([H])(C([H])([H])[H])[C@@]([H])(O[C@]1([H])O[C@@]([H])(C([H])([H])[H])[C@]([H])(O[H])[C@@]([H])(O[H])[C@@]1([H])O[H])C([H])([H])C2([H])[H],0
[H]O[C@]1([H])C([H])([H])C(=O)C(C([H])([H])[H])=C2C(=O)c3c(oc([H])c3C([H])([H])[H])C([H])([H])[C@]21C([H])([H])[H],0
[H]O[C@]1([H])[C@@]([H])(N([H])[H])C([H])=C(C(=O)OC([H])([H])[H])C([H])([H])[C@@]1([H])OC([H])([H])c1c([H])c([H])c2sc([H])c([H])c2c1[H],0
[H]OC(=O)[C@]1([H])N2C(=O)[C@@]([H])(N([H])C(=O)[C@@]([H])(c3c([H])c([H])c([H])c([H])c3[H])N([H])[H])[C@@]2([H])SC1(C([H])([H])[H])C([H])([H])[H],1
[H]c1nc2c([H])c([H])c(Cl)c([H])c2c(C([H])([H])n2nc3c(c2-c2c([H])nc([H])n2C([H])([H])[H])c(=O)n(C([H])([H])C2([H])C([H])([H])C2([H])[H])c(=O)n3C([H])([H])C2([H])C([H])([H])C2([H])[H])c1[H],1
[H]OC(=O)c1c([H])n(C2([H])C([H])([H])C2([H])[H])c2c(F)c(N3C([H])([H])C([H])([H])OC([H])(C([H])([H])N([H])C(=O)C([H])([H])[H])C3([H])[H])c(F)c([H])c2c1=O,0
[H]C([H])=C1C([H])([H])C(=O)c2c(oc([H])c2C([H])([H])[H])C(=O)/C(C([H])([H])[H])=C(\[H])C([H])([H])C1([H])[H],0
[H]c1c([H])c(C(=O)N([H])C([H])([H])[H])c([H])c(N([H])C(=O)C([H])([H])C2([H])C([H])([H])C([H])([H])C([H])([H])C([H])([H])C2([H])[H])c1[H],0
[H]c1nsc(C2=NC([H])(c3sc([H])c([H])c3[H])C(N([H])C([H])([H])[H])=Nc3nc([H])c([H])c([H])c32)c1[H],1
[H]c1nsc(C2([H])N=C(c3oc([H])c([H])c3[H])c3c(nc([H])c([H])c3[H])N=C2N([H])C([H])([H])[H])c1[H],0
[H]O[C@@]1([H])[C@]([H])(O[H])C([H])=C(C(=O)OC([H])([H])[H])C([H])([H])[C@@]1([H])OC([H])([H])c1c([H])c([H])c([H])c([N+](=O)[O-])c1[H],0
[H]c1oc2c([H])c3oc(=O)c([H])c(C([H])([H])C([H])([H])[H])c3c([H])c2c1[H],0
[H]O[C@@]12C(C([H])=C([H])[H])=C(C([H])([H])[H])C(=O)C([H])=C1[C@](C([H])([H])[H])(C([H])([H])C([H])([H])C(=O)OC([H])([H])[H])[C@@]([H])(C(=C([H])[H])C([H])([H])[H])C([H])([H])C2([H])[H],0
[H]Oc1c(Br)c([H])c(/C([H])=N/N([H])C(=O)c2c(O[H])c([H])c3c([H])c([H])c([H])c([H])c3c2[H])c(O[H])c1Br,0
[H]O[C@@]12C([H])([H])C3=C([H])C([H])([H])[C@@]4(C([H])([H])[H])[C@@](C([H])([H])[H])(C([H])([H])C([H])([H])[C@]4([H])[C@]([H])(C([H])([H])[H])C([H])([H])[C@@]([H])(O[H])/C(=C(\[H])C([H])([H])[H])C([H])(C([H])([H])[H])C([H])([H])[H])[C@]3([H])C([H])([H])C([H])([H])[C@@]1([H])[C@]([H])(C([H])([H])[H])[C@@]([H])(O[C@]1([H])OC([H])([H])[C@@]([H])(O[H])[C@]([H])(O[H])[C@@]1([H])O[H])C([H])([H])C2([H])[H],0
[H]c1c(Cl)c([H])c2c(C([H])([H])n3nc4c(c3-c3c([H])c(S(=O)(=O)N([H])OC([H])([H])[H])c([H])n3C([H])([H])[H])c(=O)n(C([H])([H])[H])c(=O)n4C([H])([H])C3([H])C([H])([H])C3([H])[H])c([H])n([H])c2c1[H],0
[H]c1c(OC([H])([H])[H])c([H])c2c(c1OC([H])([H])[H])C([H])([H])C(=O)N2C([H])([H])C([H])([H])C([H])([H])C([H])([H])C([H])([H])C([H])([H])C([H])([H])C([H])([H])[C@]1([H])O[C@]2(O[C@@]([H])(C([H])([H])[H])C([H])([H])C2([H])[H])C([H])([H])C([H])([H])C1([H])[H],0
[H]Oc1c([H])c([H])c(-c2oc3c([H])c(O[H])c([H])c(O[H])c3c(=O)c2[H])c([H])c1[H],0
[H]OC(=O)[C@]12C([H])([H])C([H])([H])C(C([H])([H])[H])(C([H])([H])[H])C([H])([H])[C@@]1([H])C1=C([H])C([H])=C3[C@@]4(C([H])([H])[H])C([H])([H])C([H])([H])[C@@]([H])(O[H])C(C([H])([H])[H])(C([H])([H])[H])[C@]4([H])C([H])([H])C([H])([H])[C@@]3(C([H])([H])[H])[C@]1(C([H])([H])[H])C([H])([H])C2([H])[H],0
[H]OC(=O)c1c([H])n(C2([H])C([H])([H])C2([H])[H])c2c(N([H])[H])c(N([H])c3c([H])c([H])c([H])c([H])c3[H])c(F)c([H])c2c1=O,1
[H]OC(=O)c1c([H])n(C2([H])C([H])([H])C2([H])[H])c2c(N([H])[H])c(N([H])c3c([H])c([H])c(C([H])([H])[H])c([H])c3[H])c(F)c([H])c2c1=O,0
[H]OC(=O)c1c([H])n(C2([H])C([H])([H])C2([H])[H])c2c(N([H])[H])c(N([H])c3c([H])c([H])c(Cl)c([H])c3[H])c(F)c([H])c2c1=O,0
[H]OC(=O)c1c([H])n(C2([H])C([H])([H])C2([H])[H])c2c(c([H])c(F)c3c2nnn3-c2c([H])c([H])c(Cl)c([H])c2[H])c1=O,0
[H]c1oc2c(OC([H])([H])[H])c3oc(=O)c([H])c([H])c3c(C([H])([H])Cl)c2c1[H],0
[H]c1oc2c([H])c3oc(=O)c([H])c(C([H])([H])C([H])([H])C([H])([H])[H])c3c([H])c2c1[H],0
[H]c1c(OC([H])([H])[H])c([H])c2c(c1OC([H])([H])[H])C(=O)O[C@]2([H])C([H])([H])C([H])([H])C([H])([H])C([H])([H])C([H])([H])[C@]1([H])O[C@]2(O[C@@]([H])(C([H])([H])[H])C([H])([H])C2([H])[H])C([H])([H])C([H])([H])C1([H])[H],1
[H]Oc1c([H])c(OC([H])([H])[H])c2c(c1[H])C([H])(C([H])([H])C([H])([H])C([H])([H])C([H])([H])C([H])([H])C1([H])OC3(OC([H])(C([H])([H])[H])C([H])([H])C3([H])[H])C([H])([H])C([H])([H])C1([H])[H])OC2=O,1
[H]O[C@]1(C([H])(C([H])([H])[H])C([H])([H])[H])C(=O)[C@@]2([H])C(=C([H])[H])C([H])([H])C([H])([H])C([H])([H])[C@]2(C([H])([H])[H])C([H])([H])C1([H])[H],0
[H]O[C@@]1([H])c2c(c([H])c([H])c3c2O[C@]2([H])C([H])([H])Oc4c([H])c(OC([H])([H])[H])c(OC([H])([H])[H])c([H])c4[C@]2([H])C3=O)OC(C([H])([H])[H])(C([H])([H])[H])[C@]1([H])O[H],0
[H]C([H])=C([H])C([H])([H])n1c(=O)c2c(-c3c([H])c(C#N)c([H])n3C([H])([H])[H])n(C([H])([H])c3c([H])c([H])nc4c([H])c([H])c(Cl)c([H])c34)nc2n(C([H])([H])C2([H])C([H])([H])C2([H])[H])c1=O,1
[H]OC(=O)C([H])([H])C([H])([H])[C@@]1(C([H])([H])[H])c2c([H])c(O[H])c(C([H])([H])[H])c(C([H])=C([H])[H])c2C([H])([H])C([H])([H])[C@]1([H])C(=C([H])[H])C([H])([H])[H],0
[H]O[C@@]([H])(/C(=C(\[H])C([H])([H])[H])C([H])([H])[H])[C@@]([H])(/C([H])=C(C(/[H])=C(\[H])C([H])([H])/C(=C(\[H])C([H])([H])c1oc(OC([H])([H])[H])c(C([H])([H])C([H])([H])[H])c(=O)c1C([H])([H])[H])C([H])([H])[H])\C([H])([H])[H])C([H])([H])[H],1
[H]c1c(OC([H])([H])[H])c([H])c2c(c1OC([H])([H])[H])C(=O)O[C@]2([H])C([H])([H])C([H])([H])C([H])([H])C([H])([H])[C@]1([H])O[C@]2(O[C@@]([H])(C([H])([H])[H])C([H])([H])C2([H])[H])C([H])([H])C([H])([H])C1([H])[H],0
[H]OC(=O)c1c([H])n(C2([H])C([H])([H])C2([H])[H])c2c(N([H])[H])c(N([H])c3c([H])c([H])c(OC([H])([H])[H])c([H])c3[H])c(F)c([H])c2c1=O,0
[H]O[C@]1([H])[C@@]([H])(N([H])[H])C([H])=C(C(=O)OC([H])([H])[H])C([H])([H])[C@@]1([H])OC([H])([H])c1c([H])c([H])c2c([H])c([H])c([H])c([H])c2c1[H],0
[H]OC(=O)[C@]12C(=C3C([H])=C([H])[C@]4([H])[C@@]5(C([H])([H])[H])C([H])([H])C([H])([H])[C@@]([H])(O[H])[C@@](C([H])([H])[H])(C([H])([H])O[H])[C@]5([H])C([H])([H])C([H])([H])[C@@]4(C([H])([H])[H])[C@]3(C([H])([H])[H])C([H])([H])C1([H])[H])C([H])([H])C(C([H])([H])[H])(C([H])([H])[H])C([H])([H])C2([H])[H],0
[H]c1nc2c([H])c([H])c(Cl)c([H])c2c(C([H])([H])n2nc3c(c2-c2c([H])c([H])c([H])n2C([H])([H])[H])c(=O)n(C([H])([H])[H])c(=O)n3C([H])([H])C([H])(C([H])([H])[H])C([H])([H])[H])c1[H],0
[H]O[C@]1([H])[C@]([H])(O[H])C([H])=C(C(=O)OC([H])([H])[H])C([H])([H])[C@@]1([H])n1nnc(C([H])([H])Oc2c([H])c([H])c([H])c([H])c2[H])c1[H],0
[H]O[C@@]12C([H])([H])C3=C([H])C([H])([H])[C@@]4(C([H])([H])[H])[C@@](C([H])([H])[H])(C([H])([H])C([H])([H])[C@]4([H])[C@]([H])(C([H])([H])[H])C([H])([H])[C@@]([H])(O[H])/C(=C(\[H])C([H])([H])[H])C([H])(C([H])([H])[H])C([H])([H])[H])[C@]3([H])C([H])([H])C([H])([H])[C@@]1([H])[C@]([H])(C([H])([H])[H])[C@@]([H])(O[C@]1([H])O[C@@]([H])(C([H])([H])[H])[C@]([H])(O[H])[C@@]([H])(O[H])[C@@]1([H])O[H])C([H])([H])C2([H])[H],0
[H]c1c([H])c(Cl)c(Cl)c(-c2nnc(-n3c(-c4c([H])c([H])c([N+](=O)[O-])c([H])c4[H])nc4c([H])c([H])c([H])c([H])c4c3=O)nc2N([H])[H])c1[H],0
[H]OC(=O)c1c([H])n(C2([H])C([H])([H])C2([H])[H])c2c(N([H])[H])c(N([H])c3c([H])c([H])c(F)c([H])c3[H])c(F)c([H])c2c1=O,0
[H]c1c(OC([H])([H])[H])c([H])c2c(c([H])c([H])n2C([H])([H])C([H])([H])C([H])([H])C([H])([H])[C@]2([H])O[C@]3(O[C@@]([H])(C([H])([H])[H])C([H])([H])C3([H])[H])C([H])([H])C([H])([H])C2([H])[H])c1OC([H])([H])[H],0
[H]c1oc2c(OC([H])([H])[H])c3oc(=O)c([H])c([H])c3c(N([H])[H])c2c1[H],0
[H]OC(=O)c1c([H])n(C2([H])C([H])([H])C2([H])[H])c2c(c([H])c(F)c3nn(C([H])([H])N(N4C([H])([H])C([H])([H])C([H])([H])C4([H])[H])N4C([H])([H])C([H])([H])C([H])([H])C4([H])[H])c(=O)n32)c1=O,1
[H]OC(=O)c1c([H])n(C2([H])C([H])([H])C2([H])[H])c2c(c([H])c(F)c3c2nnn3-c2c([H])c([H])c(C([H])([H])[H])c([H])c2[H])c1=O,0
[H]O[C@@]12C([H])([H])C3=C([H])C([H])([H])[C@@]4(C([H])([H])[H])[C@@](C([H])([H])[H])(C([H])([H])C([H])([H])[C@]4([H])[C@]([H])(C([H])([H])[H])C([H])([H])[C@@]([H])(O[H])C(=C([H])[H])C([H])(C([H])([H])[H])C([H])([H])[H])[C@]3([H])C([H])([H])C([H])([H])[C@@]1([H])[C@]([H])(C([H])([H])[H])[C@@]([H])(O[C@]1([H])OC([H])([H])[C@@]([H])(O[H])[C@]([H])(O[H])[C@@]1([H])O[H])C([H])([H])C2([H])[H],0
[H]OC(=O)c1c([H])n(C2([H])C([H])([H])C2([H])[H])c2c(c([H])c(F)c3c2nnn3-c2c([H])c([H])c(OC([H])([H])[H])c([H])c2[H])c1=O,1
[H]O[C@@]1([H])C([H])([H])O[C@@]([H])(O[C@@]2([H])C([H])([H])C([H])([H])[C@]3(O[H])C([H])([H])C4=C([H])C([H])([H])[C@@]5(C([H])([H])[H])[C@@](C([H])([H])[H])(C([H])([H])C([H])([H])[C@]5([H])[C@]([H])(C([H])([H])[H])C([H])([H])[C@@]([H])(O[H])C(=C([H])[H])C([H])(C([H])([H])[H])C([H])([H])[H])[C@]4([H])C([H])([H])C([H])([H])[C@@]3([H])[C@]2([H])C([H])([H])[H])[C@]([H])(O[H])[C@@]1([H])O[H],0
[H]O[C@@]1([H])C([H])([H])O[C@@]([H])(O[C@@]2([H])C([H])([H])C([H])([H])[C@]3(O[H])C([H])([H])C4=C([H])C([H])([H])[C@@]5(C([H])([H])[H])[C@@](C([H])([H])[H])(C([H])([H])C([H])([H])[C@]5([H])[C@]([H])(C([H])([H])[H])C([H])([H])[C@@]([H])(O[H])/C(=C(\[H])C([H])([H])[H])C([H])(C([H])([H])[H])C([H])([H])[H])[C@]4([H])C([H])([H])C([H])([H])[C@@]3([H])[C@]2([H])C([H])([H])[H])[C@]([H])(O[H])[C@@]1([H])O[H],0
[H]O[C@]1([H])[C@]([H])(O[H])C([H])=C(C(=O)OC([H])([H])[H])C([H])([H])[C@@]1([H])n1nnc(C([H])([H])c2c([H])c([H])c([H])c([H])c2[H])c1[H],0
