canonical_smiles,standard_value
[H]c1c([H])c([H])c(-c2c([H])c([H])c([H])c(S(=O)(=O)N([H])c3c([H])c(N([H])C([H])([H])C([H])(C([H])([H])[H])C([H])([H])[H])c4nn([H])c(Cl)c4c3[H])c2[H])c([H])c1[H],1.0
[H]c1nc([H])c([H])c(-c2c([H])c([H])c([H])c(S(=O)(=O)N([H])c3c([H])c(N([H])C([H])([H])C([H])(C([H])([H])[H])C([H])([H])[H])c4nn([H])c(Cl)c4c3[H])c2[H])c1[H],0.0
[H]c1c([H])c(-c2c([H])c([H])c([H])c(S(=O)(=O)N([H])c3c([H])c(N([H])C([H])([H])C([H])(C([H])([H])[H])C([H])([H])[H])c4c(c(C([H])([H])[H])nn4[H])c3[H])c2[H])c([H])c(C([H])([H])[H])c1[H],0.0
[H]c1c([H])c(-c2c([H])c([H])c(C(F)(F)F)c([H])c2[H])c([H])c(S(=O)(=O)N([H])c2c([H])c(N([H])C([H])([H])C([H])(C([H])([H])[H])C([H])([H])[H])c3nn([H])c(Cl)c3c2[H])c1[H],1.0
[H]c1c([H])c(-c2c([H])c([H])c(Cl)c([H])c2[H])c([H])c(S(=O)(=O)N([H])c2c([H])c(N([H])C([H])([H])C([H])(C([H])([H])[H])C([H])([H])[H])c3nn([H])c(Cl)c3c2[H])c1[H],1.0
[H]c1c([H])c(S(=O)(=O)N([H])c2c([H])c(N([H])C([H])([H])C([H])(C([H])([H])[H])C([H])([H])[H])c3nn([H])c(Cl)c3c2[H])c([H])c([H])c1Cl,1.0
[H]c1c([H])c(-c2c([H])c([H])c([H])c(S(=O)(=O)N([H])c3c([H])c(N([H])C([H])([H])C([H])(C([H])([H])[H])C([H])([H])[H])c4c(c(C([H])([H])[H])nn4[H])c3[H])c2[H])c([H])c(C(F)(F)F)c1[H],0.0
[H]c1c([H])c(S(=O)(=O)N([H])c2c([H])c(N([H])C(=O)C([H])([H])[H])c3nn([H])c(Cl)c3c2[H])c([H])c([H])c1Cl,1.0
[H]c1c([H])c(-c2c([H])c([H])c(F)c(Cl)c2[H])c([H])c(S(=O)(=O)N([H])c2c([H])c(N([H])C([H])([H])C([H])(C([H])([H])[H])C([H])([H])[H])c3nn([H])c(Cl)c3c2[H])c1[H],1.0
[H]c1c([H])c(-c2c([H])c([H])c(Cl)c(C([H])([H])[H])c2[H])c([H])c(S(=O)(=O)N([H])c2c([H])c(N([H])C([H])([H])C([H])(C([H])([H])[H])C([H])([H])[H])c3nn([H])c(Cl)c3c2[H])c1[H],0.0
[H]c1c([H])c(-c2c([H])c([H])c(Cl)c(Cl)c2[H])c([H])c(S(=O)(=O)N([H])c2c([H])c(N([H])C([H])([H])C([H])(C([H])([H])[H])C([H])([H])[H])c3nn([H])c(Cl)c3c2[H])c1[H],1.0
[H]O[C@@]1([H])[C@]([H])(C([H])([H])[H])O[C@@]([H])(O[C@@]2([H])[C@]([H])(C([H])([H])[H])[C@@]([H])(O[C@]3([H])O[C@]([H])(C([H])([H])[H])C([H])([H])[C@]([H])(N(C([H])([H])[H])C([H])([H])[H])[C@@]3([H])O[H])[C@@](O[H])(C([H])([H])[H])C([H])([H])[C@@]([H])(C([H])([H])[H])C([H])([H])N(C([H])([H])[H])[C@]([H])(C([H])([H])[H])[C@@]([H])(O[H])[C@@](O[H])(C([H])([H])[H])[C@@]([H])(C([H])([H])C([H])([H])[H])OC(=O)[C@]2([H])C([H])([H])[H])C([H])([H])[C@]1(OC([H])([H])[H])C([H])([H])[H],1.0
[H]N=C(N([H])[H])N([H])C([H])([H])C([H])([H])C([H])([H])[C@@]([H])(C(=O)N([H])[C@]([H])(C(=O)N([H])[C@]([H])(C(=O)N([H])[C@]([H])(C(=O)N1C([H])([H])C([H])([H])C([H])([H])[C@@]1([H])C(=O)N([H])[C@]([H])(C(=O)N([H])[C@]([H])(C(=O)N([H])[C@]([H])(C(=O)N([H])[C@]([H])(C(=O)O[H])C([H])([H])O[H])C([H])([H])C([H])([H])C(=O)O[H])[C@]([H])(O[H])C([H])([H])[H])C([H])([H])C([H])([H])C([H])([H])N([H])C(=N[H])N([H])[H])C([H])(C([H])([H])[H])C([H])([H])[H])C([H])([H])C([H])(C([H])([H])[H])C([H])([H])[H])C([H])([H])C(=O)N([H])[H])N([H])C(=O)[C@@]([H])(N([H])C(=O)[C@@]([H])(N([H])C(=O)[C@@]([H])(N([H])C(=O)[C@@]([H])(N([H])C(=O)[C@@]([H])(N([H])C(=O)[C@@]([H])(N([H])C(=O)[C@@]([H])(N([H])C(=O)[C@@]([H])(N([H])C(=O)[C@@]([H])(N([H])C(=O)[C@@]([H])(N([H])C(=O)[C@@]([H])(N([H])C(=O)[C@@]([H])(N([H])C(=O)[C@@]([H])(N([H])C(=O)[C@@]([H])(N([H])C(=O)C([H])([H])N([H])C(=O)[C@@]([H])(N([H])C(=O)[C@@]([H])(N([H])C(=O)[C@@]([H])(N([H])C(=O)[C@@]([H])(N([H])C(=O)[C@@]([H])(N([H])C(=O)[C@@]([H])(N([H])C(=O)[C@@]([H])(N([H])C(=O)[C@@]([H])(N([H])C(=O)[C@@]([H])(N([H])C(=O)[C@@]([H])(N([H])C(=O)C([H])([H])N([H])C(=O)[C@@]([H])(N([H])C(=O)[C@@]([H])(N([H])[H])C([H])([H])C([H])(C([H])([H])[H])C([H])([H])[H])C([H])([H])C([H])(C([H])([H])[H])C([H])([H])[H])C([H])([H])C(=O)O[H])C([H])([H])c1c([H])c([H])c([H])c([H])c1[H])C([H])([H])c1c([H])c([H])c([H])c([H])c1[H])C([H])([H])C([H])([H])C([H])([H])N([H])C(=N[H])N([H])[H])C([H])([H])C([H])([H])C([H])([H])C([H])([H])N([H])[H])C([H])([H])O[H])C([H])([H])C([H])([H])C([H])([H])C([H])([H])N([H])[H])C([H])([H])C([H])([H])C(=O)O[H])C([H])([H])C([H])([H])C([H])([H])C([H])([H])N([H])[H])[C@@]([H])(C([H])([H])[H])C([H])([H])C([H])([H])[H])C([H])([H])C([H])([H])C([H])([H])C([H])([H])N([H])[H])C([H])([H])C([H])([H])C(=O)O[H])C([H])([H])c1c([H])c([H])c([H])c([H])c1[H])C([H])([H])C([H])([H])C([H])([H])C([H])([H])N([H])[H])C([H])([H])C([H])([H])C([H])([H])N([H])C(=N[H])N([H])[H])[C@@]([H])(C([H])([H])[H])C([H])([H])C([H])([H])[H])C([H])(C([H])([H])[H])C([H])([H])[H])C([H])([H])C([H])([H])C(=O)N([H])[H])C([H])([H])C([H])([H])C([H])([H])N([H])C(=N[H])N([H])[H])[C@@]([H])(C([H])([H])[H])C([H])([H])C([H])([H])[H])C([H])([H])C([H])([H])C([H])([H])C([H])([H])N([H])[H])C([H])([H])C(=O)O[H])C([H])([H])c1c([H])c([H])c([H])c([H])c1[H])C([H])([H])C([H])(C([H])([H])[H])C([H])([H])[H],1.0
[H]OC(=O)c1c([H])n(C2([H])C([H])([H])C2([H])[H])c2c([H])c(N3C([H])([H])C([H])([H])N([H])C([H])([H])C3([H])[H])c(F)c([H])c2c1=O,1.0
[H]Oc1c([H])c(O[H])c2c(c1C([H])([H])[H])C(=O)OC([H])([H])[C@]([H])(N([H])C(=O)C([H])([H])[H])C(=O)N([H])[C@]([H])(C(=O)OC([H])([H])[H])C([H])([H])SC2([H])[H],0.0
COC(=S)NC[C@H]1CN(c2ccc(N3CC[Si](C)(C)CC3)c(F)c2)C(=O)O1,0.0
[H]Oc1c([H])c(O[H])c2c(c1C([H])([H])[H])C(=O)OC([H])([H])C([H])(N([H])C(=O)[C@@]1([H])N(C(=O)OC(C([H])([H])[H])(C([H])([H])[H])C([H])([H])[H])C([H])([H])C([H])([H])C1([H])O[H])C(=O)N([H])[C@]([H])(C(=O)OC([H])([H])[H])C([H])([H])SC2([H])[H],0.0
[H]Oc1c([H])c([H])c([H])c2c1C([H])([H])SC([H])([H])[C@@]([H])(C(=O)OC([H])([H])[H])N([H])C(=O)C([H])(N([H])C(=O)[C@@]([H])(N([H])C(=O)OC(C([H])([H])[H])(C([H])([H])[H])C([H])([H])[H])C([H])([H])O[H])C([H])([H])OC2=O,0.0
[H]Oc1c([H])c(OC([H])([H])[H])c(C([H])([H])[H])c2c1C([H])([H])SC([H])([H])[C@@]([H])(C(=O)N([H])C([H])([H])C([H])=C([H])[H])N([H])C(=O)[C@@]([H])(N([H])C(=O)OC(C([H])([H])[H])(C([H])([H])[H])C([H])([H])[H])C([H])([H])OC2=O,0.0
[H]OC(=O)[C@]1([H])N2C(=O)[C@@]([H])(N([H])C(=O)C([H])([H])c3c([H])c([H])c([H])c([H])c3[H])[C@@]2([H])SC1(C([H])([H])[H])C([H])([H])[H],1.0
[H]Oc1c([H])c(O[H])c2c(c1C([H])([H])[H])C(=O)OC([H])([H])C([H])(N([H])C(=O)OC(C([H])([H])[H])(C([H])([H])[H])C([H])([H])[H])C(=O)N([H])[C@]([H])(C(=O)OC([H])([H])[H])C([H])([H])SC2([H])[H],0.0
[H]Oc1c2c(/C([H])=N/N3C([H])([H])C([H])([H])N(C([H])([H])[H])C([H])([H])C3([H])[H])c(O[H])c3c4c(c(C([H])([H])[H])c(O[H])c13)O[C@](C([H])([H])[H])(O/C([H])=C(\[H])[C@]([H])(OC([H])([H])[H])[C@@]([H])(C([H])([H])[H])[C@@]([H])(OC(=O)C([H])([H])[H])[C@]([H])(C([H])([H])[H])[C@]([H])(O[H])[C@]([H])(C([H])([H])[H])[C@@]([H])(O[H])[C@@]([H])(C([H])([H])[H])/C([H])=C([H])/C([H])=C(/C([H])([H])[H])C(=O)N2[H])C4=O,1.0
[H]OC(=O)c1c(O[H])c([H])c([H])c([H])c1N([H])C(=O)c1c([H])c([H])c(Br)c(Oc2c([H])c([H])c([H])c([H])c2[H])c1[H],0.0
[H]Oc1c([H])c(OC([H])([H])[H])c(C([H])([H])[H])c2c1C([H])([H])SC([H])([H])[C@@]([H])(C(=O)N([H])[H])N([H])C(=O)[C@@]([H])(N([H])C(=O)OC(C([H])([H])[H])(C([H])([H])[H])C([H])([H])[H])C([H])([H])OC2=O,0.0
[H]Oc1c([H])c(O[H])c2c(c1C([H])([H])[H])C(=O)OC([H])([H])[C@]([H])(N([H])C(=O)OC(C([H])([H])[H])(C([H])([H])[H])C([H])([H])[H])C(=O)N([H])[C@@]([H])(C(=O)OC([H])([H])[H])C([H])([H])SC2([H])[H],0.0
[H]c1nc(N([H])S(=O)(=O)c2c([H])c([H])c(N([H])[H])c([H])c2[H])nc([H])c1[H],0.0
[H]OC(=O)C([H])([H])C([H])([H])C([H])([H])C([H])([H])C([H])([H])C([H])([H])C([H])([H])C([H])([H])C([H])([H])C([H])([H])C([H])([H])C([H])([H])C([H])([H])C([H])([H])C([H])([H])[H],0.0
[H]c1c([H])c([H])c(-c2c3c([H])c(N([H])[H])c([H])c([H])c3c3c([H])c([H])c(N([H])[H])c([H])c3[n+]2C([H])([H])C([H])([H])[H])c([H])c1[H],0.0
[H]OC1=C2C(=O)c3c(O[H])c([H])c([H])c([H])c3[C@](O[H])(C([H])([H])[H])[C@@]2([H])C([H])([H])[C@]2([H])[C@@]1(O[H])C(=O)C(C(=O)N([H])[H])=C(O[H])[C@@]2([H])N(C([H])([H])[H])C([H])([H])[H],1.0
[H]OC(=O)[C@]1([H])N2C(=O)[C@@]([H])(N([H])C(=O)[C@@]([H])(c3c([H])c([H])c(O[H])c([H])c3[H])N([H])[H])[C@@]2([H])SC1(C([H])([H])[H])C([H])([H])[H],1.0
[H]Oc1c([H])c(O[H])c2c(c1C([H])([H])[H])C(=O)OC([H])([H])[C@]([H])(N([H])C(=O)OC(C([H])([H])[H])(C([H])([H])[H])C([H])([H])[H])C(=O)N([H])[C@]([H])(C(=O)OC([H])([H])[H])C([H])([H])SC2([H])[H],0.0
[H]OC(=O)[C@@]([H])(N([H])C(=O)[C@@]1([H])N([H])C(=O)C([H])(N([H])C(=O)[C@]2([H])C([H])(O[H])C([H])([H])C([H])([H])C2([H])C(=O)[C@@]([H])(N([H])[H])C([H])([H])O[H])C([H])([H])OC(=O)c2c(C([H])([H])[H])c(O[H])c([H])c(O[H])c2C([H])([H])SC1([H])[H])C([H])([H])[H],0.0
[H]OC([H])([H])[C@@]([H])(N([H])C(=O)C([H])(Cl)Cl)[C@]([H])(O[H])c1c([H])c([H])c([N+](=O)[O-])c([H])c1[H],1.0
[H]OC(=O)c1c([H])c([H])c([H])c([H])c1N([H])C(=O)c1c([H])c([H])c(N2C([H])([H])C([H])(C([H])([H])[H])C([H])([H])C([H])(C([H])([H])[H])C2([H])[H])c(Oc2c([H])c([H])c([H])c([H])c2[H])c1[H],0.0
[H]Oc1c([H])c(O[H])c2c(c1C([H])([H])[H])C(=O)OC([H])([H])C([H])([H])C(=O)N([H])[C@]([H])(C(=O)OC([H])([H])[H])C([H])([H])SC2([H])[H],0.0
[H]Oc1c([H])c(OC([H])([H])[H])c(C([H])([H])[H])c2c1C([H])([H])SC([H])([H])[C@@]([H])(C(=O)OC([H])([H])[H])N([H])C(=O)[C@]([H])(C([H])([H])[H])C([H])([H])OC2=O,0.0
[H]Oc1c([H])c(OC([H])([H])[H])c(C([H])([H])[H])c2c1C([H])([H])SC([H])([H])[C@@]([H])(C(=O)OC([H])([H])[H])N([H])C(=O)[C@@]([H])(C([H])([H])[H])C([H])([H])OC2=O,0.0
[H]Oc1c([H])c(OC([H])([H])[H])c2c(c1C([H])([H])[H])C(=O)OC([H])([H])C([H])(N([H])C(=O)OC(C([H])([H])[H])(C([H])([H])[H])C([H])([H])[H])C(=O)N([H])[C@]([H])(C(=O)OC([H])([H])[H])C([H])([H])SC2([H])[H],0.0
[H]OC(=O)[C@]1([H])N2C(=O)[C@@]([H])(N([H])C(=O)[C@@]([H])(c3c([H])c([H])c([H])c([H])c3[H])N([H])[H])[C@@]2([H])SC1(C([H])([H])[H])C([H])([H])[H],1.0
[H]c1c([H])c(N2C(=O)O[C@@]([H])(C([H])([H])N([H])C(=O)C([H])([H])[H])C2([H])[H])c([H])c(F)c1N1C([H])([H])C([H])([H])OC([H])([H])C1([H])[H],0.0
[H]OC(=O)c1c(O[H])c([H])c([H])c([H])c1N([H])C(=O)c1c([H])c([H])c(-c2c([H])c([H])c([H])c([H])c2[H])c(Oc2c([H])c([H])c([H])c([H])c2[H])c1[H],1.0
[H]Oc1c([H])c(OC([H])([H])[H])c(C([H])([H])[H])c2c1C([H])([H])SC([H])([H])[C@@]([H])(C([H])([H])O[H])N([H])C(=O)[C@@]([H])(N([H])C(=O)OC(C([H])([H])[H])(C([H])([H])[H])C([H])([H])[H])C([H])([H])OC2=O,0.0
[H]OC(=O)c1c([H])c([H])c([H])c([H])c1N([H])C(=O)c1c([H])c([H])c(-c2c([H])c([H])c([H])c([H])c2[H])c(Oc2c([H])c([H])c([H])c([H])c2[H])c1[H],1.0
[H]OC(=O)c1c([H])c([H])c([H])c([H])c1N([H])C(=O)c1c([H])c([H])c(-c2c([H])c([H])c([H])c(C([H])(C([H])([H])[H])C([H])([H])[H])c2[H])c(Oc2c([H])c([H])c([H])c([H])c2[H])c1[H],1.0
[H]OC(=O)c1c([H])c([H])c([H])c([H])c1N([H])C(=O)c1c([H])c([H])c(-c2c([H])c([H])c(C(F)(F)F)c([H])c2[H])c(Oc2c([H])c([H])c([H])c([H])c2[H])c1[H],1.0
[H]OC([H])([H])/C([H])=C([H])/C([H])=C(\[H])C(=O)N([H])[C@]([H])(C(=O)N([H])[C@]1([H])C(=O)N2C([H])([H])C([H])([H])C([H])([H])[C@@]2([H])C(=O)N(C([H])([H])[H])[C@@]([H])(C([H])([H])[H])C(=O)N([H])[C@@]([H])(C([H])([H])[H])C(=O)N2C([H])([H])[C@]([H])(C([H])([H])[H])C([H])([H])[C@@]2([H])C(=O)OC1([H])[H])C([H])([H])c1c([H])c([H])c([H])c([H])c1[H],0.0
[H]Oc1c([H])c(O[H])c2c(c1C([H])([H])[H])C(=O)OC([H])([H])[C@@]([H])(N([H])C(=O)OC(C([H])([H])[H])(C([H])([H])[H])C([H])([H])[H])C(=O)N([H])[C@]([H])(C(=O)OC([H])([H])[H])C([H])([H])SC2([H])[H],0.0
[H]Oc1c([H])c(OC([H])([H])[H])c(C([H])([H])[H])c2c1C([H])([H])SC([H])([H])[C@@]([H])(C(=O)OC([H])([H])[H])N([H])C(=O)C([H])([H])C([H])([H])OC2=O,0.0
[H]Oc1c([H])c(O[H])c2c(c1[H])C(=O)OC([H])([H])C([H])(N([H])C(=O)OC(C([H])([H])[H])(C([H])([H])[H])C([H])([H])[H])C(=O)N([H])[C@]([H])(C(=O)OC([H])([H])[H])C([H])([H])SC2([H])[H],0.0
[H]OC(=O)[C@]1([H])N2C(=O)[C@@]([H])(N([H])C(=O)C([H])([H])Oc3c([H])c([H])c([H])c([H])c3[H])[C@@]2([H])SC1(C([H])([H])[H])C([H])([H])[H],1.0
[H]OC(=O)c1c([H])c([H])c([H])c([H])c1N([H])C(=O)c1c([H])c([H])c(-c2c([H])c([H])c(Cl)c(C([H])([H])[H])c2[H])c(Oc2c([H])c([H])c([H])c([H])c2[H])c1[H],1.0
[H]/C(C(=O)N([H])[C@]([H])(C(=O)N([H])[C@]1([H])C(=O)N2C([H])([H])C([H])([H])C([H])([H])[C@@]2([H])C(=O)N(C([H])([H])[H])[C@@]([H])(C([H])([H])[H])C(=O)N([H])[C@@]([H])(C([H])([H])[H])C(=O)N2C([H])([H])[C@]([H])(C([H])([H])[H])C([H])([H])[C@@]2([H])C(=O)OC1([H])[H])C([H])([H])c1c([H])c([H])c([H])c([H])c1[H])=C([H])\C([H])=C(/[H])C([H])([H])[H],1.0
[H]OC(=O)c1c([H])c([H])c([H])c([H])c1N([H])C(=O)c1c([H])c([H])c(-c2c([H])c([H])c(F)c([H])c2F)c(Oc2c([H])c([H])c([H])c([H])c2[H])c1[H],1.0
[H]O[C@@]1([H])[C@]([H])(C([H])([H])[H])O[C@@]([H])(O[C@@]2([H])[C@]([H])(C([H])([H])[H])[C@@]([H])(O[C@]3([H])O[C@]([H])(C([H])([H])[H])C([H])([H])[C@]([H])(N(C([H])([H])[H])C([H])([H])[H])[C@@]3([H])O[H])[C@@](O[H])(C([H])([H])[H])C([H])([H])[C@@]([H])(C([H])([H])[H])C(=O)[C@]([H])(C([H])([H])[H])[C@@]([H])(O[H])[C@@](O[H])(C([H])([H])[H])[C@@]([H])(C([H])([H])C([H])([H])[H])OC(=O)[C@]2([H])C([H])([H])[H])C([H])([H])[C@]1(OC([H])([H])[H])C([H])([H])[H],1.0
[H]Oc1c([H])c(OC([H])([H])[H])c(C([H])([H])[H])c2c1C([H])([H])SC([H])([H])[C@@]([H])(C(=O)OC([H])([H])[H])N([H])C(=O)C([H])(N([H])C(=O)OC(C([H])([H])[H])(C([H])([H])[H])C([H])([H])[H])C([H])([H])OC2=O,0.0
[H]OC(=O)c1c([H])c([H])c([H])c([H])c1N([H])C(=O)c1c([H])c([H])c(-c2c([H])c([H])c(S(=O)(=O)C([H])([H])[H])c([H])c2[H])c(Oc2c([H])c([H])c([H])c([H])c2[H])c1[H],0.0
[H]/C(C(=O)N([H])[C@]([H])(C(=O)N([H])[C@]1([H])C(=O)N2C([H])([H])C([H])([H])C([H])([H])[C@@]2([H])C(=O)N(C([H])([H])[H])[C@@]([H])(C([H])([H])[H])C(=O)N([H])[C@@]([H])(C([H])([H])[H])C(=O)N2C([H])([H])C([H])([H])C([H])([H])[C@@]2([H])C(=O)OC1([H])[H])C([H])([H])c1c([H])c([H])c([H])c([H])c1[H])=C([H])\C([H])=C(/[H])C([H])([H])[H],0.0
CC(=O)NC[C@H]1CN(c2ccc(N3CC[Si](C)(C)CC3)c(F)c2)C(=O)O1,0.0
[H]OC(=O)c1c([H])c([H])c([H])c([H])c1N([H])C(=O)c1c([H])c([H])c(-c2c([H])c([H])c(F)c(C([H])([H])[H])c2[H])c(Oc2c([H])c([H])c([H])c([H])c2[H])c1[H],1.0
[H]OC(=O)c1c([H])n(C([H])([H])C([H])([H])[H])c2nc(C([H])([H])[H])c([H])c([H])c2c1=O,1.0
[H]OC([H])([H])[C@@]([H])(O[H])[C@@]1([H])OC(=O)[C@]([H])(C([H])([H])OC([H])([H])[H])[C@@]2([H])C([H])=C([H])[C@]3([H])[C@]4([H])[C@]2(O[C@@]3([H])[C@]([H])(O[H])[C@]([H])(C([H])([H])[H])[C@@]4([H])O[H])/C(C([H])([H])[H])=C(\[H])[C@@]1([H])C([H])([H])[H],0.0
[H]/C(C(=O)N([H])[C@]([H])(C(=O)N([H])[C@]1([H])C(=O)N2C([H])([H])C([H])([H])C([H])([H])[C@@]2([H])C(=O)N(C([H])([H])[H])[C@@]([H])(C([H])([H])[H])C(=O)N([H])[C@@]([H])(C([H])([H])[H])C(=O)N2C([H])([H])C([H])([H])C([H])([H])[C@@]2([H])C(=O)OC1([H])[H])C([H])([H])c1c([H])c([H])c([H])c([H])c1[H])=C([H])\C([H])=C([H])\C([H])=C(/[H])C([H])([H])[H],1.0
[H]OC([H])([H])[C@@]1([H])O[C@]([H])(O[C@@]2([H])[C@]([H])(N([H])[H])C([H])([H])[C@]([H])(N([H])[H])[C@@]([H])(O[C@]3([H])O[C@@]([H])(C([H])([H])N([H])[H])[C@]([H])(O[H])[C@@]([H])(O[H])[C@]3([H])O[H])[C@]2([H])O[H])[C@]([H])(O[H])[C@@]([H])(N([H])[H])[C@]1([H])O[H],0.0
[H]/C(C(=O)N([H])[C@]([H])(C(=O)N([H])[C@]1([H])C(=O)N2C([H])([H])C([H])([H])C([H])([H])[C@@]2([H])C(=O)N(C([H])([H])[H])[C@@]([H])(C([H])([H])[H])C(=O)N([H])[C@@]([H])(C([H])([H])[H])C(=O)N2C([H])([H])[C@]([H])(C([H])([H])[H])C([H])([H])[C@@]2([H])C(=O)OC1([H])[H])C([H])([H])c1c([H])c([H])c([H])c([H])c1[H])=C([H])\C([H])=C([H])\C([H])=C(/[H])C([H])([H])[H],1.0
[H]OC([H])([H])[C@@]([H])(O[H])[C@@]1([H])OC(=O)[C@]([H])(C([H])([H])OC([H])([H])[H])[C@@]2([H])C([H])=C([H])[C@]3([H])[C@]4([H])[C@]2(O[C@@]3([H])[C@]([H])(O[H])[C@]([H])(C([H])([H])OC([H])([H])[H])[C@@]4([H])O[H])/C(C([H])([H])[H])=C(\[H])[C@@]1([H])C([H])([H])[H],0.0
