canonical_smiles,standard_value
[H]C([H])([H])C([H])([H])N(C(=S)SSC([H])([H])C([H])([H])C([H])([H])[H])C([H])([H])C([H])([H])[H],0
[H]Oc1c([H])c(O[H])c2c(c1[H])OC([H])(c1c([H])c([H])c(F)c(F)c1[H])C([H])([H])C2=O,0
[H]Oc1c([H])c(O[H])c2c(c1[H])OC([H])(c1c([H])c([H])c(Cl)c(F)c1[H])C([H])([H])C2=O,0
[H]Oc1c([H])c([H])c2c([H])c([H])c([H])c([H])c2c1/C([H])=N/N([H])C(=O)C([H])([H])C([H])([H])n1c(C([H])([H])[H])nc2c([H])c([H])c([H])c([H])c21,0
[H]C(=O)N1N=C(c2c([H])c([H])c(F)c([H])c2[H])C([H])([H])C1([H])c1c(N2C([H])([H])C([H])([H])OC([H])([H])C2([H])[H])nc2c([H])c([H])c([H])c([H])c2c1[H],0
[H]c1c([H])c(N2N=C(c3c([H])c([H])c(Cl)c([H])c3[H])C([H])([H])C2([H])c2c(N3C([H])([H])C([H])([H])OC([H])([H])C3([H])[H])nc3c([H])c([H])c([H])c([H])c3c2[H])c([H])c([H])c1F,0
[H]c1c([H])c([N+](=O)[O-])c([H])c([H])c1-c1nc(-c2c(N3C([H])([H])C([H])([H])OC([H])([H])C3([H])[H])nc3c([H])c([H])c(C([H])([H])[H])c([H])c3c2[H])no1,0
[H]c1c([H])c(-c2nc(-c3c(N4C([H])([H])C([H])([H])OC([H])([H])C4([H])[H])nc4c([H])c([H])c(C([H])([H])[H])c([H])c4c3[H])no2)c([H])c([H])c1Cl,0
[H]C(=O)N1N=C(c2c([H])c([H])c(Cl)c([H])c2[H])C([H])([H])C1([H])c1c(N2C([H])([H])C([H])([H])OC([H])([H])C2([H])[H])nc2c([H])c([H])c([H])c([H])c2c1[H],0
[H]c1c([H])c([H])c(-c2nc(-c3c(N4C([H])([H])C([H])([H])OC([H])([H])C4([H])[H])nc4c([H])c([H])c([H])c([H])c4c3[H])no2)c([H])c1[H],0
[H]OC([H])([H])C(N([H])C([H])([H])C([H])(O[H])C([H])([H])n1c2c([H])c([H])c(Cl)c([H])c2c2c([H])c(Cl)c([H])c([H])c21)(C([H])([H])O[H])C([H])([H])O[H],0
[H]C#C[C@@]1(OC(=O)C([H])([H])C([H])([H])C(=O)O[C@]2([H])C([H])([H])C3=C([H])C([H])([H])[C@@]4([H])[C@]5([H])C([H])([H])C([H])([H])[C@]([H])(C(=O)C([H])([H])[H])[C@@]5(C([H])([H])[H])C([H])([H])C([H])([H])[C@]4([H])[C@@]3(C([H])([H])[H])C([H])([H])C2([H])[H])C([H])([H])C([H])([H])[C@]2([H])[C@]1(C([H])([H])[H])C([H])([H])C([H])([H])[C@]1([H])[C@]3(C([H])([H])[H])C(=C(C([H])([H])N([H])C([H])([H])C([H])([H])N([H])[H])c4onc([H])c4C3([H])[H])C([H])([H])C([H])([H])[C@@]21[H],1
[H]c1c([H])c(-c2nc(-c3c(N4C([H])([H])C([H])([H])OC([H])([H])C4([H])[H])nc4c([H])c([H])c([H])c([H])c4c3[H])no2)c([H])c([H])c1Br,0
[H]OC(=O)c1c([H])n(C2([H])C([H])([H])C2([H])[H])c2c([H])c(N3C([H])([H])C([H])([H])N([H])C([H])([H])C3([H])[H])c(F)c([H])c2c1=O,0
[H]c1c([H])c(C2=NN(C(=S)N([H])[H])C([H])(c3c(N4C([H])([H])C([H])([H])OC([H])([H])C4([H])[H])nc4c([H])c([H])c([H])c([H])c4c3[H])C2([H])[H])c([H])c([H])c1F,0
[H]c1c([H])c(-c2nc(-c3c(N4C([H])([H])C([H])([H])OC([H])([H])C4([H])[H])nc4c([H])c([H])c(C([H])([H])[H])c([H])c4c3[H])no2)c([H])c([H])c1OC([H])([H])[H],0
[H]c1c([H])c(C(F)(F)F)c([H])c([H])c1-c1nc(-c2c(N3C([H])([H])C([H])([H])OC([H])([H])C3([H])[H])nc3c([H])c([H])c([H])c([H])c3c2[H])no1,0
[H]c1c([H])c(-c2nc(-c3c(N4C([H])([H])C([H])([H])OC([H])([H])C4([H])[H])nc4c([H])c([H])c(C([H])([H])[H])c([H])c4c3[H])no2)c([H])c([H])c1Br,0
[H]c1c([H])c(N2N=C(c3c([H])c([H])c(OC([H])([H])[H])c([H])c3[H])C([H])([H])C2([H])c2c(N3C([H])([H])C([H])([H])OC([H])([H])C3([H])[H])nc3c([H])c([H])c([H])c([H])c3c2[H])c([H])c([H])c1F,0
[H]OC([H])([H])[C@@]([H])(N([H])C(=O)C([H])(Cl)Cl)[C@]([H])(O[H])c1c([H])c([H])c([N+](=O)[O-])c([H])c1[H],0
[H]c1c([H])c([N+](=O)[O-])c([H])c([H])c1-c1nc(-c2c(N3C([H])([H])C([H])([H])OC([H])([H])C3([H])[H])nc3c([H])c([H])c([H])c([H])c3c2[H])no1,0
[H]Oc1c([H])c(O[H])c2c(c1[H])OC([H])(c1c([H])c(F)c(F)c(F)c1[H])C([H])([H])C2=O,0
[H]C(=O)N1N=C(c2c([H])c([H])c(Br)c([H])c2[H])C([H])([H])C1([H])c1c(N2C([H])([H])C([H])([H])OC([H])([H])C2([H])[H])nc2c([H])c([H])c([H])c([H])c2c1[H],0
[H]Oc1c([H])c(O[H])c2c(c1[H])OC([H])(c1c([H])c([H])c(OC([H])([H])[H])c([H])c1[H])C([H])([H])C2=O,0
[H]c1c([H])c(C2=NN(C(=S)N([H])[H])C([H])(c3c(N4C([H])([H])C([H])([H])OC([H])([H])C4([H])[H])nc4c([H])c([H])c([H])c([H])c4c3[H])C2([H])[H])c([H])c([H])c1Cl,0
CNC(C)[C@@H]1CC[C@@H](N)[C@@H](O[C@@H]2[C@@H](N)C[C@@H](N)[C@H](O[C@H]3OC[C@](C)(O)[C@H](NC)[C@H]3O)[C@H]2O)O1.CN[C@@H]1[C@@H](O)[C@@H](O[C@@H]2[C@@H](O)[C@H](O[C@H]3O[C@H](C(C)N)CC[C@H]3N)[C@@H](N)C[C@H]2N)OC[C@]1(C)O.CN[C@@H]1[C@@H](O)[C@@H](O[C@@H]2[C@@H](O)[C@H](O[C@H]3O[C@H](CN)CC[C@H]3N)[C@@H](N)C[C@H]2N)OC[C@]1(C)O,0
[H]c1c([H])c(-c2nc(-c3c(N4C([H])([H])C([H])([H])OC([H])([H])C4([H])[H])nc4c([H])c([H])c(C([H])([H])[H])c([H])c4c3[H])no2)c([H])c(C(F)(F)F)c1[H],0
[H]c1c([H])c(-c2nc(-c3c(N4C([H])([H])C([H])([H])OC([H])([H])C4([H])[H])nc4c([H])c([H])c([H])c([H])c4c3[H])no2)c([H])c(C(F)(F)F)c1[H],0
[H]c1c([H])c(C2=NN(C(=O)C([H])([H])[H])C([H])(c3c(N4C([H])([H])C([H])([H])OC([H])([H])C4([H])[H])nc4c([H])c([H])c([H])c([H])c4c3[H])C2([H])[H])c([H])c([H])c1Br,0
[H]c1c([H])c(C2=NN(C(=O)C([H])([H])[H])C([H])(c3c(N4C([H])([H])C([H])([H])OC([H])([H])C4([H])[H])nc4c([H])c([H])c([H])c([H])c4c3[H])C2([H])[H])c([H])c([H])c1Cl,0
[H]c1c([H])c(N2N=C(c3c([H])c([H])c(Br)c([H])c3[H])C([H])([H])C2([H])c2c(N3C([H])([H])C([H])([H])OC([H])([H])C3([H])[H])nc3c([H])c([H])c([H])c([H])c3c2[H])c([H])c([H])c1F,0
[H]OC(=O)[C@]1([H])N2C(=O)[C@@]([H])(N([H])C(=O)[C@@]([H])(c3c([H])c([H])c([H])c([H])c3[H])N([H])[H])[C@@]2([H])SC1(C([H])([H])[H])C([H])([H])[H],0
[H]OC([H])(C([H])([H])N([H])C([H])([H])C([H])(C([H])([H])C([H])([H])[H])C([H])([H])C([H])([H])[H])C([H])([H])n1c2c([H])c([H])c(Cl)c([H])c2c2c([H])c(Cl)c([H])c([H])c21,0
[H]c1c([H])c(C(F)(F)F)c([H])c([H])c1-c1nc(-c2c(N3C([H])([H])C([H])([H])OC([H])([H])C3([H])[H])nc3c([H])c([H])c(C([H])([H])[H])c([H])c3c2[H])no1,0
[H]c1c([H])c(-c2nc(-c3c(N4C([H])([H])C([H])([H])OC([H])([H])C4([H])[H])nc4c([H])c([H])c([H])c([H])c4c3[H])no2)c([H])c([H])c1OC([H])([H])[H],0
[H]Oc1c([H])c(O[H])c2c(c1[H])OC([H])(c1c([H])c([H])c(F)c([H])c1[H])C([H])([H])C2=O,0
[H]c1c([H])c(C2=NN(C(=O)C([H])([H])[H])C([H])(c3c(N4C([H])([H])C([H])([H])OC([H])([H])C4([H])[H])nc4c([H])c([H])c([H])c([H])c4c3[H])C2([H])[H])c([H])c([H])c1OC([H])([H])[H],0
[H]c1c([H])c(C2=NN(c3c([H])c([H])c(F)c([H])c3[H])C([H])(c3c(N4C([H])([H])C([H])([H])OC([H])([H])C4([H])[H])nc4c([H])c([H])c([H])c([H])c4c3[H])C2([H])[H])c([H])c([H])c1F,0
[H]C([H])([H])SSC(=S)N(C([H])([H])C([H])([H])[H])C([H])([H])C([H])([H])[H],0
[H]Oc1c([H])c([H])c2c([H])c([H])c([H])c([H])c2c1/C([H])=N/N([H])C(=O)C([H])([H])C([H])([H])n1c(C([H])([H])[H])nc2c([H])c(Cl)c(Cl)c([H])c21,1
[H]Oc1c([H])c(O[H])c2c(c1[H])OC([H])(c1c([H])c(O[H])c(O[H])c(O[H])c1[H])C([H])([H])C2=O,0
[H]c1c([H])c([H])c(-c2nc(-c3c(N4C([H])([H])C([H])([H])OC([H])([H])C4([H])[H])nc4c([H])c([H])c(C([H])([H])[H])c([H])c4c3[H])no2)c([H])c1[H],0
[H]C#C[C@@]1(OC(=O)C([H])([H])C([H])([H])C(=O)O[C@]2([H])C([H])([H])C3=C([H])C([H])([H])[C@@]4([H])[C@]5([H])C([H])([H])C([H])([H])[C@]([H])(C(=O)C([H])([H])[H])[C@@]5(C([H])([H])[H])C([H])([H])C([H])([H])[C@]4([H])[C@@]3(C([H])([H])[H])C([H])([H])C2([H])[H])C([H])([H])C([H])([H])[C@]2([H])[C@]1(C([H])([H])[H])C([H])([H])C([H])([H])[C@]1([H])[C@]3(C([H])([H])[H])C(=C([H])c4onc([H])c4C3([H])[H])C([H])([H])C([H])([H])[C@@]21[H],1
[H]OC(=O)C1=C(C([H])([H])OC(=O)C([H])([H])[H])C([H])([H])S[C@@]2([H])N1C(=O)[C@@]2([H])N([H])C(=O)/C(=N\OC([H])([H])[H])c1nc(N([H])[H])sc1[H],1
[H]c1c([H])c(C2=NN(C(=O)C([H])([H])[H])C([H])(c3c(N4C([H])([H])C([H])([H])OC([H])([H])C4([H])[H])nc4c([H])c([H])c([H])c([H])c4c3[H])C2([H])[H])c([H])c([H])c1F,0
[H]C(=O)N1N=C(c2c([H])c([H])c(OC([H])([H])[H])c([H])c2[H])C([H])([H])C1([H])c1c(N2C([H])([H])C([H])([H])OC([H])([H])C2([H])[H])nc2c([H])c([H])c([H])c([H])c2c1[H],0
[H]OC(=O)c1c([H])n(C([H])([H])C([H])([H])[H])c2c([H])c(N3C([H])([H])C([H])([H])N([H])C([H])([H])C3([H])[H])c(F)c([H])c2c1=O,0
[H]Oc1c([H])c(O[H])c2c(c1[H])OC([H])(c1c([H])c([H])c(Cl)c(Cl)c1[H])C([H])([H])C2=O,0
[H]c1c([H])c(-c2nc(-c3c(N4C([H])([H])C([H])([H])OC([H])([H])C4([H])[H])nc4c([H])c([H])c([H])c([H])c4c3[H])no2)c([H])c([H])c1Cl,0
[H]OC([H])(C([H])([H])N([H])C([H])([H])C([H])([H])C([H])(C([H])([H])[H])C([H])([H])[H])C([H])([H])n1c2c([H])c([H])c(Cl)c([H])c2c2c([H])c(Cl)c([H])c([H])c21,0
[H]OC([H])(C([H])([H])N([H])C1([H])C([H])([H])C([H])([H])C([H])([H])C([H])([H])C1([H])[H])C([H])([H])n1c2c([H])c([H])c(Cl)c([H])c2c2c([H])c(Cl)c([H])c([H])c21,0
[H]c1c([H])c(C2=NN(C(=S)N([H])[H])C([H])(c3c(N4C([H])([H])C([H])([H])OC([H])([H])C4([H])[H])nc4c([H])c([H])c([H])c([H])c4c3[H])C2([H])[H])c([H])c([H])c1Br,0
[H]c1c([H])c(C2=NN(C(=S)N([H])[H])C([H])(c3c(N4C([H])([H])C([H])([H])OC([H])([H])C4([H])[H])nc4c([H])c([H])c([H])c([H])c4c3[H])C2([H])[H])c([H])c([H])c1OC([H])([H])[H],0
[H]OC1=C(C([H])([H])C([H])=C([H])[H])C(=O)C2=C(C1=O)[C@@]1(C([H])([H])[H])C([H])([H])C([H])([H])C([H])([H])C(C([H])([H])[H])(C([H])([H])[H])[C@]1([H])C([H])([H])[C@@]2([H])O[H],0
[H]c1nc2c(OC([H])([H])[H])c([H])c(C([H])([H])c3c([H])nc(N([H])[H])nc3N([H])[H])c([H])c2c(C([H])([H])[H])c1[H],1
[H]Oc1c(C([H])([H])C([H])([H])[H])c([H])c(C([H])([H])c2c([H])nc(N([H])[H])nc2N([H])[H])c([H])c1C([H])([H])C([H])([H])[H],1
[H]c1nc(N([H])[H])nc(N([H])[H])c1C([H])([H])c1c([H])c(OC([H])([H])[H])c2c(c1[H])C([H])([H])C([H])(C([H])([H])OC(=O)C([H])([H])[H])C([H])([H])N2[H],0
[H]c1nc(N([H])[H])nc(N([H])[H])c1C([H])([H])c1c([H])c(OC([H])([H])[H])c2c(c1[H])C(C([H])([H])[H])=C(F)C(C([H])([H])[H])(C([H])([H])F)N2[H],0
[H]C(=O)c1c(C([H])([H])[H])nn(-c2c([H])c([H])c([H])c([H])c2[H])c1-n1c([H])nc(C([H])([H])[H])c1[H],0
[H]c1nc(N([H])[H])nc(N([H])[H])c1C([H])([H])c1c([H])c([H])c2c(c1[H])C([H])([H])C([H])([H])C([H])([H])N2C([H])([H])[H],0
[H]Oc1c([H])c([H])c(N2C(N([H])[H])=C(C(=O)N([H])[H])C([H])(c3c(C([H])([H])[H])nn(-c4c([H])c([H])c([H])c([H])c4[H])c3-n3c([H])nc([H])c3[H])C3=C2C([H])([H])C(C([H])([H])[H])(C([H])([H])[H])C([H])([H])C3=O)c([H])c1[H],0
[H]c1nc(N([H])[H])nc(N([H])[H])c1C([H])([H])c1c([H])c([H])c2c(C([H])([H])[H])c([H])c(N3C([H])([H])C([H])([H])OC([H])([H])C3([H])[H])nc2c1[H],0
[H]c1nc(N([H])[H])nc(N([H])[H])c1C([H])([H])c1c([H])c(OC([H])([H])[H])c2c(c1[H])C([H])(C([H])([H])[H])C([H])([H])C([H])([H])N2C([H])([H])[H],0
[H]c1nc(/N=C2\C(=O)N(C([H])([H])N3C([H])([H])C([H])([H])N(C([H])([H])c4c([H])c([H])c([H])c([H])c4[H])C([H])([H])C3([H])[H])c3c([H])c([H])c(Cl)c([H])c32)nc(N([H])[H])c1C([H])([H])c1c([H])c(OC([H])([H])[H])c(OC([H])([H])[H])c(OC([H])([H])[H])c1[H],0
[H]c1nc(N([H])[H])nc(N([H])[H])c1C([H])([H])c1c([H])c(OC([H])([H])[H])c2c(c1[H])C([H])(C([H])([H])[H])C([H])([H])C([H])([H])N2C([H])([H])C([H])([H])OC(=O)C([H])([H])[H],0
[H]c1c([H])c(C2([H])N([H])C([H])(c3c([H])c([H])c(F)c([H])c3[H])C([H])([H])C(=NN3C(=O)C([H])([H])N([H])C3=S)C2([H])[H])c([H])c([H])c1F,0
[H]c1nc(/N=C2\C(=O)N(C([H])([H])N3C([H])([H])C([H])([H])N(C([H])([H])[H])C([H])([H])C3([H])[H])c3c([H])c([H])c(Cl)c([H])c32)nc(N([H])[H])c1C([H])([H])c1c([H])c(OC([H])([H])[H])c(OC([H])([H])[H])c(OC([H])([H])[H])c1[H],0
[H]c1c(Cl)c([H])c2c([H])c(C3([H])C4=C(N([H])C(=S)N3[H])C([H])([H])C(C([H])([H])[H])(C([H])([H])[H])C([H])([H])C4=O)c(=O)n([H])c2c1[H],0
[H]c1c(C([H])([H])[H])c([H])c2c([H])c(C3([H])C4=C(N([H])C(=S)N3[H])C([H])([H])C(C([H])([H])[H])(C([H])([H])[H])C([H])([H])C4=O)c(=O)n([H])c2c1[H],0
[H]c1c([H])c([H])c2c(c1[H])c([H])c(C1([H])C3=C(N([H])C(=S)N1[H])C([H])([H])C(C([H])([H])[H])(C([H])([H])[H])C([H])([H])C3=O)c(=O)n2[H],0
[H]c1c(C([H])([H])[H])c([H])c2c([H])c(C3([H])C4=C(N([H])C(=S)N3[H])C([H])([H])C([H])([H])C([H])([H])C4=O)c(=O)n([H])c2c1[H],0
[H]c1c([H])c([H])c2c(c1[H])c([H])c(C1([H])C3=C(N([H])C(=S)N1[H])C([H])([H])C([H])([H])C([H])([H])C3=O)c(=O)n2[H],0
[H]c1c(Cl)c([H])c2c([H])c(C3([H])C4=C(N([H])C(=O)N3[H])C([H])([H])C([H])([H])C([H])([H])C4=O)c(=O)n([H])c2c1[H],0
[H]c1nc(/N=C2\C(=O)N(C([H])([H])N3C([H])([H])C([H])([H])N(c4c([H])c([H])c([H])c(Cl)c4[H])C([H])([H])C3([H])[H])c3c([H])c([H])c(Cl)c([H])c32)nc(N([H])[H])c1C([H])([H])c1c([H])c(OC([H])([H])[H])c(OC([H])([H])[H])c(OC([H])([H])[H])c1[H],0
[H]C(=O)c1c(-c2c([H])c3c([H])c([H])c(N(C([H])([H])C([H])([H])[H])C([H])([H])C([H])([H])[H])c([H])c3oc2=O)nc2sc(S(=O)(=O)/N=C(\[H])N(C([H])([H])[H])C([H])([H])[H])nn12,0
[H]c1c([H])c([H])c(-c2nn(-c3c([H])c([H])c([H])c([H])c3[H])c([H])c2C2([H])C3=C(N(c4c([H])c([H])c(F)c([H])c4[H])C(=O)C2([H])[H])C([H])([H])C([H])([H])C([H])([H])C3=O)c([H])c1[H],1
[H]c1nc(N([H])[H])nc(N([H])[H])c1C([H])([H])c1c([H])c(OC([H])([H])[H])c2nc(C([H])([H])C([H])([H])C([H])([H])C([H])([H])C([H])([H])[H])c([H])c(OC([H])([H])[H])c2c1[H],0
[H]c1c([H])c([H])c(C(=O)c2c(-c3c([H])c([H])c([H])c([H])c3[H])c([H])c3c4c([H])c([H])c([H])c([H])c4c([H])c([H])n23)c([H])c1[H],0
[H]c1nc2c([H])c([H])c(C([H])([H])c3c([H])nc(N([H])[H])nc3N([H])[H])c(N([H])[H])c2c(C([H])([H])[H])c1[H],0
[H]c1c(C([H])([H])[H])oc(=O)c2c1OC(N([H])[H])=C(C#N)C2([H])c1c(N2C([H])([H])C([H])([H])OC([H])([H])C2([H])[H])nc2c([H])c([H])c(C([H])([H])[H])c([H])c2c1[H],0
[H]c1c([H])c(N([H])[H])c([H])c([H])c1C(=O)N([H])N=C1C2([H])C([H])(c3c([H])c([H])c(C([H])([H])[H])c([H])c3[H])N([H])C([H])(c3c([H])c([H])c(C([H])([H])[H])c([H])c3[H])C1([H])C([H])([H])C([H])([H])C2([H])[H],0
[H]C1=C(C([H])([H])[H])c2c([H])c(C([H])([H])c3c([H])nc(N([H])[H])nc3N([H])[H])c([H])c(Cl)c2N([H])C1(C([H])([H])[H])C([H])([H])[H],0
[H]c1c([H])c(C2([H])N([H])C([H])(c3c([H])c([H])c(F)c([H])c3[H])C(C([H])([H])[H])(C([H])([H])[H])/C(=N/N3C(=O)C([H])([H])N([H])C3=S)C2([H])[H])c([H])c([H])c1F,0
[H]c1nc(N([H])[H])nc(N([H])[H])c1C([H])([H])c1c([H])c(OC([H])([H])[H])c2c(c1[H])C([H])([H])C([H])([H])C([H])([H])N2[H],1
[H]c1c([H])c([H])c2c(c1[H])C(=O)C1=C(C2=O)C([H])(c2c(N3C([H])([H])C([H])([H])OC([H])([H])C3([H])[H])nc3c([H])c([H])c([H])c([H])c3c2[H])C(C#N)=C(N([H])[H])O1,0
[H]c1c([H])c(N2C(N([H])[H])=C(C#N)C([H])(c3c(Oc4c([H])c([H])c(C#N)c([H])c4[H])nc4c([H])c([H])c(Cl)c([H])c4c3[H])C3=C2C([H])([H])C(C([H])([H])[H])(C([H])([H])[H])C([H])([H])C3=O)c([H])c(C(F)(F)F)c1[H],0
[H]c1c([H])c([H])c(C2([H])N([H])C([H])(c3c([H])c([H])c([H])c([H])c3[H])C3([H])C([H])([H])C([H])([H])C([H])([H])C2([H])C32N([H])C(=S)N([H])N2[H])c([H])c1[H],0
[H]c1nc(N2C([H])([H])C([H])([H])N(C([H])([H])N3C(=O)/C(=N\c4nc([H])c(C([H])([H])c5c([H])c(OC([H])([H])[H])c(OC([H])([H])[H])c(OC([H])([H])[H])c5[H])c(N([H])[H])n4)c4c([H])c(Cl)c([H])c([H])c43)C([H])([H])C2([H])[H])c([H])c([H])c1[H],0
[H]c1nc(/N=C2\C(=O)N(C([H])([H])N3C([H])([H])C([H])([H])N(c4c([H])c([H])c(F)c([H])c4[H])C([H])([H])C3([H])[H])c3c([H])c([H])c(Cl)c([H])c32)nc(N([H])[H])c1C([H])([H])c1c([H])c(OC([H])([H])[H])c(OC([H])([H])[H])c(OC([H])([H])[H])c1[H],0
[H]c1nc(/N=C2\C(=O)N(C([H])([H])N(C([H])([H])c3c([H])c([H])c([H])c([H])c3[H])C([H])([H])c3c([H])c([H])c([H])c([H])c3[H])c3c([H])c([H])c(Cl)c([H])c32)nc(N([H])[H])c1C([H])([H])c1c([H])c(OC([H])([H])[H])c(OC([H])([H])[H])c(OC([H])([H])[H])c1[H],0
[H]c1c([H])c([H])c2c(c1[H])c([H])c(C1([H])C3=C(N([H])C(=S)N1[H])C([H])([H])C(C([H])([H])[H])(C([H])([H])[H])C([H])([H])C3=O)c(=S)n2[H],0
[H]c1c(Cl)c([H])c2c([H])c(C3([H])C4=C(N([H])C(=S)N3[H])C([H])([H])C([H])([H])C([H])([H])C4=O)c(=O)n([H])c2c1[H],0
[H]c1c(C([H])([H])[H])c([H])c2c([H])c(C3([H])C4=C(N([H])C(=O)N3[H])C([H])([H])C(C([H])([H])[H])(C([H])([H])[H])C([H])([H])C4=O)c(=O)n([H])c2c1[H],0
[H]OC(=O)c1c([H])n(C([H])([H])C([H])([H])[H])c2c(F)c(N3C([H])([H])C([H])([H])N(C([H])([H])N4C(=O)/C(=N\c5nc([H])c(C([H])([H])c6c([H])c(OC([H])([H])[H])c(OC([H])([H])[H])c(OC([H])([H])[H])c6[H])c(N([H])[H])n5)c5c([H])c(Cl)c([H])c([H])c54)C([H])(C([H])([H])[H])C3([H])[H])c(F)c([H])c2c1=O,1
[H]c1c([H])c(OC([H])([H])[H])c([H])c([H])c1Oc1nc2c([H])c([H])c(OC([H])([H])[H])c([H])c2c([H])c1C1([H])C(C#N)=C(N([H])[H])OC2=C1C(=O)C([H])([H])C(C([H])([H])[H])(C([H])([H])[H])C2([H])[H],0
[H]c1c([H])c(Oc2nc3c([H])c([H])c([H])c([H])c3c([H])c2C2([H])C(C#N)=C(N([H])[H])OC3=C2C(=O)C([H])([H])C([H])([H])C3([H])[H])c([H])c([H])c1F,0
[H]OC(=O)c1c([H])n(C([H])([H])C([H])([H])[H])c2c([H])c(N3C([H])([H])C([H])([H])N(C([H])([H])C(=O)OC([H])([H])C4([H])OC([H])(n5c([H])c(C([H])([H])[H])c(=O)n([H])c5=O)C([H])=C4[H])C([H])([H])C3([H])[H])c(F)c([H])c2c1=O,1
[H]c1nc(N([H])[H])nc(N([H])[H])c1C([H])([H])c1c([H])c(OC([H])([H])[H])c2c(c1[H])C([H])([H])C([H])(C(=O)OC([H])([H])C([H])([H])[H])C([H])([H])N2[H],0
[H]c1c([H])c(N([H])N2C(N([H])[H])=C(C#N)C([H])(c3c(Cl)nc4c([H])c([H])c(OC([H])([H])[H])c([H])c4c3[H])C3=C2C([H])([H])C(C([H])([H])[H])(C([H])([H])[H])C([H])([H])C3=O)c([H])c([H])c1F,0
[H]c1c(-c2c([H])c([H])c([H])c([H])c2[H])nc(N([H])C(=O)C([H])([H])N2C([H])([H])C([H])([H])OC([H])([H])C2([H])[H])nc1-c1c([H])c([H])c(F)c([H])c1[H],0
[H]c1c([H])c([H])c(/N=N/c2c([H])c([H])c3c(c2[H])[C@]2([H])N(C([H])([H])[H])[C@@]([H])(C(=O)OC([H])([H])[H])C([H])([H])[C@]2([H])C([H])([H])O3)c([H])c1[H],0
[H]c1c([H])c(N([H])N2C(N([H])[H])=C(C(=O)OC([H])([H])C([H])([H])[H])C([H])(c3c(Cl)nc4c([H])c([H])c(OC([H])([H])[H])c([H])c4c3[H])C3=C2C([H])([H])C(C([H])([H])[H])(C([H])([H])[H])C([H])([H])C3=O)c([H])c([H])c1OC([H])([H])[H],0
[H]c1c([H])c(N([H])N2C(N([H])[H])=C(C(=O)OC([H])([H])C([H])([H])[H])C([H])(c3c(Cl)nc4c([H])c([H])c(Cl)c([H])c4c3[H])C3=C2C([H])([H])C(C([H])([H])[H])(C([H])([H])[H])C([H])([H])C3=O)c([H])c([H])c1Cl,0
[H]c1c([H])c(N([H])N2C(N([H])[H])=C(C(=O)OC([H])([H])C([H])([H])[H])C([H])(c3c(Cl)nc4c([H])c([H])c(C([H])([H])[H])c([H])c4c3[H])C3=C2C([H])([H])C(C([H])([H])[H])(C([H])([H])[H])C([H])([H])C3=O)c([H])c([H])c1Cl,0
[H]c1nc2c(OC([H])([H])c3c([H])c([H])c([H])c(C([H])([H])Oc4c([H])c([H])c(Cl)c5c([H])c([H])c([H])nc45)c3[H])c([H])c([H])c(Cl)c2c([H])c1[H],0
[H]c1c(N(C([H])([H])C([H])([H])[H])C([H])([H])C([H])([H])[H])c([H])c2oc(=O)c(-c3nc4sc(S(=O)(=O)N([H])[H])nn4c3Br)c([H])c2c1[H],0
[H]c1c(N(C([H])([H])C([H])([H])[H])C([H])([H])C([H])([H])[H])c([H])c2oc(=O)c(-c3nc4sc(S(=O)(=O)N([H])[H])nn4c3[H])c([H])c2c1[H],0
[H]c1nc([H])n(-c2c(C3([H])C(C(=O)OC([H])([H])C([H])([H])[H])=C(N([H])[H])N(c4c([H])c([H])c(C([H])([H])[H])c([H])c4[H])C4=C3C(=O)C([H])([H])C(C([H])([H])[H])(C([H])([H])[H])C4([H])[H])c(C([H])([H])[H])nn2-c2c([H])c([H])c([H])c([H])c2[H])c1[H],0
[H]c1nc([H])n(-c2c(C3([H])C(C#N)=C(N([H])[H])N(c4c([H])c([H])c(Cl)c([H])c4[H])C4=C3C(=O)C([H])([H])C(C([H])([H])[H])(C([H])([H])[H])C4([H])[H])c(C([H])([H])[H])nn2-c2c([H])c([H])c([H])c([H])c2[H])c1[H],0
[H]Oc1c([H])c([H])c(N2C(N([H])[H])=C(C#N)C([H])(c3c(C([H])([H])[H])nn(-c4c([H])c([H])c([H])c([H])c4[H])c3-n3c([H])nc([H])c3[H])C3=C2C([H])([H])C(C([H])([H])[H])(C([H])([H])[H])C([H])([H])C3=O)c([H])c1[H],0
[H]c1nc(/N=C2\C(=O)N(C([H])([H])N3C([H])([H])C([H])([H])N(C(=O)c4c([H])c([H])c(F)c([H])c4[H])C([H])([H])C3([H])[H])c3c([H])c([H])c(Cl)c([H])c32)nc(N([H])[H])c1C([H])([H])c1c([H])c(OC([H])([H])[H])c(OC([H])([H])[H])c(OC([H])([H])[H])c1[H],0
[H]c1nc(/N=C2\C(=O)N(C([H])([H])N(C([H])([H])C([H])([H])C([H])([H])C([H])([H])[H])C([H])([H])C([H])([H])C([H])([H])C([H])([H])[H])c3c([H])c([H])c(Cl)c([H])c32)nc(N([H])[H])c1C([H])([H])c1c([H])c(OC([H])([H])[H])c(OC([H])([H])[H])c(OC([H])([H])[H])c1[H],0
[H]c1nc(/N=C2\C(=O)N(C([H])([H])N(C([H])([H])C([H])([H])[H])C([H])([H])C([H])([H])[H])c3c([H])c([H])c(Cl)c([H])c32)nc(N([H])[H])c1C([H])([H])c1c([H])c(OC([H])([H])[H])c(OC([H])([H])[H])c(OC([H])([H])[H])c1[H],0
[H]C1=C([H])C([H])(C([H])([H])OC(=O)C([H])([H])N([H])C(=O)c2nc([H])nc([H])c2[H])OC1([H])n1c([H])c(C([H])([H])[H])c(=O)n([H])c1=O,0
[H]c1c([H])c([H])c(-n2nc(C([H])([H])[H])c(C3([H])N(c4c([H])c([H])c(F)c([H])c4[H])N=C(c4c([H])c([H])c(F)c([H])c4[H])C3([H])[H])c2Oc2c([H])c([H])c([H])c(F)c2[H])c([H])c1[H],0
[H]c1c([H])c([H])c(-n2nc(C([H])([H])[H])c(C3([H])N(c4c([H])c([H])c(Br)c([H])c4[H])N=C(c4c([H])c([H])c(F)c([H])c4[H])C3([H])[H])c2Oc2c([H])c([H])c([H])c([H])c2F)c([H])c1[H],0
[H]c1sc(-c2nc(N([H])[H])c(C#N)c(-c3c(C([H])([H])[H])nn(-c4c([H])c([H])c([H])c([H])c4[H])c3-n3c([H])nc(C([H])([H])[H])c3[H])c2[H])c([H])c1[H],0
[H]c1nc(N([H])[H])nc(N([H])[H])c1C([H])([H])c1c([H])c(OC([H])([H])[H])c2nc(C([H])([H])[H])c([H])c(N(C([H])([H])[H])C([H])([H])[H])c2c1[H],0
[H]OC([H])([H])C1([H])C([H])([H])c2c([H])c(C([H])([H])c3c([H])nc(N([H])[H])nc3N([H])[H])c([H])c(OC([H])([H])[H])c2N([H])C1([H])[H],0
[H]c1c([H])c(N2C(N([H])[H])=C(C#N)C([H])(c3c(Oc4c([H])c([H])c(C#N)c([H])c4[H])nc4c([H])c([H])c(OC([H])([H])[H])c([H])c4c3[H])C3=C2C([H])([H])C([H])([H])C([H])([H])C3=O)c([H])c(C(F)(F)F)c1[H],0
[H]c1c([H])c(C([H])([H])[H])c([H])c([H])c1N([H])N1C(N([H])[H])=C(C(=O)OC([H])([H])C([H])([H])[H])C([H])(c2c(Cl)nc3c([H])c([H])c(Cl)c([H])c3c2[H])C2=C1C([H])([H])C(C([H])([H])[H])(C([H])([H])[H])C([H])([H])C2=O,0
[H]c1c([H])c(C2([H])N([H])C([H])(c3c([H])c([H])c(OC([H])([H])[H])c([H])c3[H])C3([H])C(=NN([H])C(=O)c4c([H])c([H])c(N([H])[H])c([H])c4[H])C2([H])C([H])([H])C([H])([H])C3([H])[H])c([H])c([H])c1OC([H])([H])[H],0
[H]c1nc(/N=C2\C(=O)N(C([H])([H])N3C([H])([H])C([H])([H])N(c4c([H])c([H])c(Cl)c([H])c4[H])C([H])([H])C3([H])[H])c3c([H])c([H])c(Cl)c([H])c32)nc(N([H])[H])c1C([H])([H])c1c([H])c(OC([H])([H])[H])c(OC([H])([H])[H])c(OC([H])([H])[H])c1[H],0
[H]c1c([H])c([H])c(N2C(=S)N([H])C([H])(c3c([H])c4c([H])c([H])c([H])c([H])c4n([H])c3=O)C3=C2C([H])([H])C(C([H])([H])[H])(C([H])([H])[H])C([H])([H])C3=O)c([H])c1[H],0
[H]c1c([H])c(N([H])N2C(N([H])[H])=C(C#N)C([H])(c3c(Cl)nc4c([H])c([H])c(C([H])([H])[H])c([H])c4c3[H])C3=C2C([H])([H])C(C([H])([H])[H])(C([H])([H])[H])C([H])([H])C3=O)c([H])c([H])c1Br,0
[H]c1c([H])c(S(=O)(=O)C([H])([H])[H])c([H])c([H])c1-c1c(C2([H])C(C#N)=C(N([H])[H])OC3=C2C(=O)C([H])([H])C(C([H])([H])[H])(C([H])([H])[H])C3([H])[H])c2c([H])c([H])c([H])c([H])c2n1[H],0
[H]c1c([H])c(-c2c(C3([H])C(C#N)=C(N([H])[H])OC4=C3C(=O)C([H])([H])C(C([H])([H])[H])(C([H])([H])[H])C4([H])[H])c3c([H])c([H])c([H])c([H])c3n2[H])c([H])c([H])c1Cl,0
[H]c1c([H])c(-c2c(C3([H])C(C#N)=C(N([H])[H])OC4=C3C(=O)C([H])([H])C(C([H])([H])[H])(C([H])([H])[H])C4([H])[H])c3c([H])c([H])c([H])c([H])c3n2[H])c([H])c([H])c1OC([H])([H])[H],0
[H]OC(=O)[C@]1([H])N2C(=O)[C@@]([H])(N([H])C(=O)[C@@]([H])(c3c([H])c([H])c(O[H])c([H])c3[H])N([H])[H])[C@@]2([H])SC1(C([H])([H])[H])C([H])([H])[H],0
[H]c1c([H])c([H])c2c(c1[H])C(=O)C(c1c([H])c([H])c(N([H])C([H])([H])[H])c([H])c1[H])(c1c([H])c([H])c(N([H])C([H])([H])[H])c([H])c1[H])C2=O,0
[H]c1c([H])c([H])c2c(c1[H])C(=O)C(c1c([H])c([H])c(N([H])[H])c(C([H])([H])[H])c1[H])(c1c([H])c([H])c(N([H])[H])c(C([H])([H])[H])c1[H])C2=O,0
[H]Oc1c(C(=O)N([H])N2C(=O)C([H])([H])C([H])([H])SC2([H])c2c([H])c([H])c([H])c(F)c2[H])c([H])nc2c(C(F)(F)F)c([H])c([H])c([H])c12,0
[H]c1nc2c([H])c(Cl)c([H])c([H])c2c(N([H])C([H])([H])C([H])([H])C([H])([H])N2C(=O)C([H])([H])C([H])([H])SC2([H])c2c([H])c([H])c(Cl)c([H])c2[H])c1[H],0
[H]c1nc2c([H])c(Cl)c([H])c([H])c2c(N([H])C([H])([H])C([H])([H])C([H])([H])C([H])([H])N2C(=O)C([H])([H])C([H])([H])SC2([H])c2c([H])c([H])c(C([H])([H])[H])c([H])c2[H])c1[H],0
[H]c1nc(N([H])[H])nc(N([H])[H])c1C([H])([H])c1c([H])c(C([H])([H])C([H])([H])[H])c2c(c1[H])C([H])(C([H])([H])[H])C([H])([H])C([H])([H])N2C([H])([H])[H],0
[H]c1sc(-c2nn(-c3c([H])c([H])c([H])c([H])c3[H])c([H])c2C2([H])C3=C(N(c4c([H])c([H])c(F)c([H])c4[H])C(=O)C2([H])[H])C([H])([H])C([H])([H])C([H])([H])C3=O)c([H])c1[H],1
[H]c1c([H])c([H])c(-n2nc(-c3c([H])c([H])c([N+](=O)[O-])c([H])c3[H])c(C3([H])C4=C(N(c5c([H])c([H])c(F)c([H])c5[H])C(=O)C3([H])[H])C([H])([H])C([H])([H])C([H])([H])C4=O)c2[H])c([H])c1[H],1
[H]c1nc2c(OC([H])([H])[H])c([H])c(C([H])([H])c3c([H])nc(N([H])[H])nc3N([H])[H])c([H])c2c([H])c1[H],1
[H]c1c(-c2c([H])c([H])c([H])c([H])c2[H])nc(N([H])C(=O)C([H])([H])N2C([H])([H])C([H])([H])OC([H])([H])C2([H])[H])nc1-c1c([H])c([H])c(C([H])([H])[H])c([H])c1[H],0
[H]c1c(-c2c([H])c([H])c([H])c([H])c2[H])nc(N([H])C(=O)C([H])([H])N2C([H])([H])C([H])([H])OC([H])([H])C2([H])[H])nc1-c1c([H])c([H])c(OC([H])([H])[H])c([H])c1[H],0
[H]c1c(-c2c([H])c([H])c(OC([H])([H])[H])c([H])c2[H])nc(N([H])C(=O)C([H])([H])N2C([H])([H])C([H])([H])OC([H])([H])C2([H])[H])nc1-c1c([H])c([H])c(C([H])([H])[H])c([H])c1[H],0
[H]c1c(-c2c([H])c([H])c(F)c([H])c2[H])nc(N([H])C(=O)C([H])([H])N2C([H])([H])C([H])([H])OC([H])([H])C2([H])[H])nc1-c1c([H])c([H])c(F)c([H])c1[H],0
[H]c1c([H])c(C2([H])N([H])C([H])(c3c([H])c([H])c(OC([H])([H])[H])c([H])c3[H])C([H])(C([H])([H])[H])/C(=N/N3C(=O)C([H])([H])N([H])C3=S)C2([H])[H])c([H])c([H])c1OC([H])([H])[H],0
[H]c1nc(N([H])[H])nc(N([H])[H])c1C([H])([H])c1c([H])c(C([H])([H])C([H])([H])C([H])([H])[H])c(OC([H])([H])[H])c(C([H])([H])C([H])([H])C([H])([H])[H])c1[H],0
[H]c1nc2c([N+](=O)[O-])c([H])c(C([H])([H])c3c([H])nc(N([H])[H])nc3N([H])[H])c([H])c2c(C([H])([H])[H])c1[H],1
[H]c1nc(N([H])[H])nc(N([H])[H])c1C([H])([H])c1c([H])c(C([H])([H])[H])c2nc(N(C([H])([H])[H])C([H])([H])[H])c([H])c(C([H])([H])[H])c2c1[H],1
[H]c1c([H])c(OC([H])([H])[H])c([H])c([H])c1Oc1nc2c([H])c([H])c(OC([H])([H])[H])c([H])c2c([H])c1C1([H])C(C#N)=C(N([H])[H])OC2=C1C(=O)C([H])([H])C([H])([H])C2([H])[H],0
[H]c1c([H])c([H])c(C2([H])N([H])C([H])(c3c([H])c([H])c([H])c([H])c3[H])C([H])([H])C(=NN3C(=O)C([H])([H])N([H])C3=S)C2([H])[H])c([H])c1[H],0
[H]C1=C(C([H])([H])[H])c2c([H])c(C([H])([H])c3c([H])nc(N([H])[H])nc3N([H])[H])c3c([H])c([H])c([H])nc3c2N([H])C1(C([H])([H])[H])C([H])([H])[H],1
[H]c1c([H])c(C2([H])N([H])C([H])(c3c([H])c([H])c(Cl)c([H])c3[H])C(C([H])([H])[H])(C([H])([H])[H])/C(=N/N3C(=O)C([H])([H])N([H])C3=S)C2([H])[H])c([H])c([H])c1Cl,0
[H]c1c([H])c(C2([H])N([H])C([H])(c3c([H])c([H])c(F)c([H])c3[H])C([H])(C([H])([H])[H])/C(=N/N3C(=O)C([H])([H])N([H])C3=S)C2([H])[H])c([H])c([H])c1F,0
[H]c1c(-c2c([H])c([H])c(F)c([H])c2[H])nc(N([H])C(=O)C([H])([H])N2C([H])([H])C([H])([H])OC([H])([H])C2([H])[H])nc1-c1c([H])c([H])c(C([H])([H])[H])c([H])c1[H],0
[H]c1nc(N([H])[H])nc(N([H])[H])c1C([H])([H])c1c([H])c([H])c2c(C([H])([H])[H])c([H])c(OC([H])([H])[H])nc2c1[H],0
[H]c1nc([H])n(-c2c(C3([H])C(C(=O)OC([H])([H])C([H])([H])[H])=C(N([H])[H])N(c4c([H])c([H])c(Cl)c([H])c4[H])C4=C3C(=O)C([H])([H])C(C([H])([H])[H])(C([H])([H])[H])C4([H])[H])c(C([H])([H])[H])nn2-c2c([H])c([H])c([H])c([H])c2[H])c1[H],0
[H]Oc1c([H])c([H])c(N2C(N([H])[H])=C(C(=O)N([H])[H])C([H])(c3c(C([H])([H])[H])nn(-c4c([H])c([H])c([H])c([H])c4[H])c3-n3c([H])nc([H])c3[H])C3=C2C([H])([H])C([H])([H])C([H])([H])C3=O)c([H])c1[H],0
[H]c1c(C([H])([H])[H])c([H])c2c([H])c(C3([H])C(C#N)=C(N([H])[H])Oc4c3c([H])c([H])c3c([H])c([H])c([H])c([H])c43)c(N3C([H])([H])C([H])([H])OC([H])([H])C3([H])[H])nc2c1[H],0
[H]Oc1c([H])c([H])c2c(c1[H])OC(N([H])[H])=C(C#N)C2([H])c1c(N2C([H])([H])C([H])([H])OC([H])([H])C2([H])[H])nc2c([H])c([H])c(C([H])([H])[H])c([H])c2c1[H],0
[H]c1c(C([H])([H])[H])oc(=O)c2c1OC(N([H])[H])=C(C#N)C2([H])c1c(N2C([H])([H])C([H])([H])OC([H])([H])C2([H])[H])nc2c([H])c([H])c(OC([H])([H])[H])c([H])c2c1[H],0
[H]c1c([H])c([H])c2c([H])c(C3([H])C(C#N)=C(N([H])[H])Oc4c3c(C([H])([H])[H])nn4[H])c(N3C([H])([H])C([H])([H])OC([H])([H])C3([H])[H])nc2c1[H],0
[H]c1nc2c(OC([H])([H])c3c([H])c([H])c([H])c([H])c3C([H])([H])Oc3c([H])c([H])c(Cl)c4c([H])c([H])c([H])nc34)c([H])c([H])c(Cl)c2c([H])c1[H],0
[H]c1c([H])c(Oc2nc3c([H])c([H])c(OC([H])([H])[H])c([H])c3c([H])c2C2([H])C(C#N)=C(N([H])[H])OC3=C2C(=O)C([H])([H])C([H])([H])C3([H])[H])c([H])c([H])c1F,0
[H]c1nc2c([H])c(Cl)c([H])c([H])c2c(N([H])C([H])([H])C([H])([H])N2C(=O)C([H])([H])C([H])([H])SC2([H])c2c([H])c([H])c(OC([H])([H])[H])c([H])c2[H])c1[H],0
[H]c1nc2c([H])c(Cl)c([H])c([H])c2c(N([H])C([H])([H])C([H])([H])N2C(=O)C([H])([H])C([H])([H])SC2([H])c2c([H])c([H])c(Br)c([H])c2[H])c1[H],0
[H]c1nc2c([H])c(Cl)c([H])c([H])c2c(N([H])C([H])([H])C([H])([H])C([H])([H])N2C(=O)C([H])([H])C([H])([H])SC2([H])c2c([H])c([H])c(OC([H])([H])[H])c([H])c2[H])c1[H],0
[H]c1nc2c([H])c(Cl)c([H])c([H])c2c(N([H])C([H])([H])C([H])([H])C([H])([H])N2C(=O)C([H])([H])C([H])([H])SC2([H])c2c([H])c([H])c([H])c(OC([H])([H])[H])c2[H])c1[H],0
[H]c1nc2c([H])c(Cl)c([H])c([H])c2c(N([H])C([H])([H])C([H])([H])C([H])([H])N2C(=O)C([H])([H])C([H])([H])SC2([H])c2c([H])c([H])c([H])c(F)c2[H])c1[H],0
[H]c1nc2c([H])c(Cl)c([H])c([H])c2c(N([H])C([H])([H])C([H])([H])C([H])([H])C([H])([H])N2C(=O)C([H])([H])C([H])([H])SC2([H])c2c([H])c([H])c(Cl)c([H])c2[H])c1[H],0
[H]OC(=O)c1c([H])n(C([H])([H])C([H])([H])[H])c2c(F)c(N3C([H])([H])C([H])([H])N([H])C([H])(C([H])([H])[H])C3([H])[H])c(F)c([H])c2c1=O,1
[H]c1nc2c([H])c(Cl)c([H])c([H])c2c(N([H])C([H])([H])C([H])([H])N2C(=O)C([H])([H])C([H])([H])SC2([H])c2c([H])c([H])c(C([H])([H])[H])c([H])c2[H])c1[H],0
[H]c1nc2c([H])c(Cl)c([H])c([H])c2c(N([H])C([H])([H])C([H])([H])N2C(=O)C([H])([H])C([H])([H])SC2([H])c2c([H])c([H])c([H])c(Cl)c2[H])c1[H],0
[H]c1nc2c([H])c(Cl)c([H])c([H])c2c(N([H])C([H])([H])C([H])([H])C([H])([H])N2C(=O)C([H])([H])C([H])([H])SC2([H])c2c([H])c([H])c(C([H])([H])[H])c([H])c2[H])c1[H],0
[H]Oc1c(C(=O)N([H])N2C(=O)C([H])([H])C([H])([H])SC2([H])c2c([H])c([H])c([H])c([H])c2[H])c([H])nc2c(C(F)(F)F)c([H])c([H])c([H])c12,0
[H]c1nc2c([H])c(Cl)c([H])c([H])c2c(N([H])C([H])([H])C([H])([H])C([H])([H])C([H])([H])N2C(=O)C([H])([H])C([H])([H])SC2([H])c2c([H])c([H])c([H])c([H])c2[H])c1[H],0
[H]c1c(N(C([H])([H])C([H])([H])[H])C([H])([H])C([H])([H])[H])c([H])c2oc(=O)c(-c3nc4sc(S(=O)(=O)N([H])[H])nn4c3C([H])([H])N3C([H])([H])C([H])([H])OC([H])([H])C3([H])[H])c([H])c2c1[H],0
[H]OC(=O)c1c2n(c3c([H])c(N4C([H])([H])C([H])([H])N([H])C([H])([H])C4([H])[H])c(F)c([H])c3c1=O)C([H])(C([H])([H])[H])S2,1
[H]c1c([H])c([H])c(C(=O)c2c([H])c(C#N)c3c4c([H])c([H])c([H])c([H])c4c([H])c([H])n23)c([H])c1[H],0
[H]c1c([H])c([H])c(C(=O)c2c([H])c(C(=O)OC([H])([H])[H])c3c4c([H])c([H])c([H])c([H])c4c([H])c([H])n23)c([H])c1[H],0
[H]Oc1c([H])c([H])c2c(c1[H])OC(N([H])[H])=C(C#N)C2([H])c1c(N2C([H])([H])C([H])([H])OC([H])([H])C2([H])[H])nc2c([H])c([H])c([H])c([H])c2c1[H],0
[H]c1c(OC([H])([H])[H])c([H])c2c([H])c(C3([H])C(C#N)=C(N([H])[H])OC4=C3C(=O)C([H])([H])C([H])([H])C4([H])[H])c(N3C([H])([H])C([H])([H])OC([H])([H])C3([H])[H])nc2c1[H],0
[H]c1c([H])c([H])c2c(c1[H])C(=O)C1=C(C2=O)C([H])(c2c(N3C([H])([H])C([H])([H])OC([H])([H])C3([H])[H])nc3c([H])c([H])c(C([H])([H])[H])c([H])c3c2[H])C(C#N)=C(N([H])[H])O1,0
[H]c1c([H])c([H])c2c(c1[H])C(=O)C1=C(C2=O)C([H])(c2c(N3C([H])([H])C([H])([H])OC([H])([H])C3([H])[H])nc3c([H])c([H])c(OC([H])([H])[H])c([H])c3c2[H])C(C#N)=C(N([H])[H])O1,0
[H]c1c([H])c(N2C(N([H])[H])=C(C#N)C([H])(c3c(Oc4c([H])c([H])c(C#N)c([H])c4[H])nc4c([H])c([H])c(Cl)c([H])c4c3[H])C3=C2C([H])([H])C([H])([H])C([H])([H])C3=O)c([H])c(C(F)(F)F)c1[H],0
[H]c1c2nc(c([H])c1[H])C([H])([H])[n+]1c([H])c([H])n(c1[H])C([H])([H])c1c(nc3c([H])c([H])c([H])c([H])c3c1[H])Oc1c([H])c([H])c([H])c([H])c1Oc1nc3c([H])c([H])c([H])c([H])c3c([H])c1C([H])([H])n1c([H])c([H])[n+](c1[H])C2([H])[H],0
[H]c1c([H])c([H])c2c(c1[H])Oc1nc3c([H])c([H])c([H])c([H])c3c([H])c1C([H])([H])n1c([H])c([H])[n+](c1[H])C([H])([H])c1c([H])c([H])c([H])c(c1[H])C([H])([H])[n+]1c([H])c([H])n(c1[H])C([H])([H])c1c(nc3c([H])c([H])c([H])c([H])c3c1[H])O2,0
[H]C1=C([H])C2(C([H])([H])C([H])([H])[H])OC1([H])C([H])(C(=O)c1c([H])c([H])c([H])c([H])c1[H])C2([H])c1c([H])c([H])c([H])c([H])c1F,0
[H]c1c2nc(c([H])c1[H])C([H])([H])[n+]1c([H])n(c3c([H])c([H])c([H])c([H])c31)C([H])([H])c1c(nc3c([H])c([H])c([H])c([H])c3c1[H])Oc1c([H])c([H])c([H])c([H])c1Oc1nc3c([H])c([H])c([H])c([H])c3c([H])c1C([H])([H])n1c([H])[n+](c3c([H])c([H])c([H])c([H])c31)C2([H])[H],0
[H]C([H])=C([H])C([H])([H])N1c2c([H])c([H])c([H])c([H])c2N([H])C2=C(C(=O)C([H])([H])C([H])([H])C2([H])[H])C1([H])c1c([H])c2c([H])c([H])c([H])c([H])c2n(C([H])([H])C([H])=C([H])[H])c1=O,0
[H]C([H])=C([H])C([H])([H])N1c2c([H])c([H])c([H])c([H])c2N([H])C2=C(C(=O)C([H])([H])C([H])([H])C2([H])[H])C1([H])c1c([H])c2c([H])c([H])c(Cl)c([H])c2n(C([H])([H])C([H])=C([H])[H])c1=O,0
[H]C([H])=C([H])C([H])([H])n1c(=O)c(C2([H])C3=C(N([H])c4c([H])c([H])c([H])c([H])c4N2[H])C([H])([H])C(C([H])([H])[H])(C([H])([H])[H])C([H])([H])C3=O)c([H])c2c([H])c(C([H])([H])[H])c([H])c([H])c21,0
[H]C([H])=C([H])C([H])([H])N1c2c([H])c([H])c([H])c([H])c2N([H])C2=C(C(=O)C([H])([H])C([H])([H])C2([H])[H])C1([H])c1c([H])c2c([H])c(C([H])([H])[H])c([H])c([H])c2n(C([H])([H])C([H])=C([H])[H])c1=O,0
[H]c1c([H])c(N([H])N2C(N([H])[H])=C(C#N)C([H])(c3c(Cl)nc4c([H])c([H])c(C([H])([H])[H])c([H])c4c3[H])C3=C2C([H])([H])C(C([H])([H])[H])(C([H])([H])[H])C([H])([H])C3=O)c([H])c([H])c1F,0
[H]c1nc(N([H])[H])nc(N([H])[H])c1C([H])([H])c1c([H])c(OC([H])([H])[H])c2c(c1[H])C([H])(C([H])([H])[H])C([H])([H])C([H])([H])N2[H],1
[H]c1nc2c(OC([H])([H])C([H])([H])OC([H])([H])[H])c([H])c(C([H])([H])c3c([H])nc(N([H])[H])nc3N([H])[H])c([H])c2c([H])c1[H],0
[H]c1c([H])c([H])c(C(=O)c2c(C(=O)OC([H])([H])[H])c(C(=O)OC([H])([H])[H])c3c([H])c([H])c4c([H])c([H])c([H])c([H])c4n23)c([H])c1[H],0
[H]c1c([H])c([H])c(C2([H])N([H])C([H])(c3c([H])c([H])c([H])c([H])c3[H])C3([H])C(=NN([H])C(=O)c4c([H])c([H])c(N([H])[H])c([H])c4[H])C2([H])C([H])([H])C([H])([H])C3([H])[H])c([H])c1[H],0
[H]c1sc(-c2nn(-c3c([H])c([H])c([H])c([H])c3[H])c([H])c2C2([H])C3=C(N(c4c([H])c([H])c(F)c([H])c4[H])C(=O)C2([H])[H])C([H])([H])C(C([H])([H])[H])(C([H])([H])[H])C([H])([H])C3=O)c([H])c1[H],1
[H]c1c([H])c([H])c(-n2nc(-c3c([H])c([H])c(Cl)c([H])c3[H])c(C3([H])C4=C(N(c5c([H])c([H])c(F)c([H])c5[H])C(=O)C3([H])[H])C([H])([H])C(C([H])([H])[H])(C([H])([H])[H])C([H])([H])C4=O)c2[H])c([H])c1[H],1
[H]c1nc(N([H])[H])nc(N([H])[H])c1C([H])([H])c1c([H])c([H])c2c(c1[H])C([H])(C([H])([H])[H])C([H])([H])C([H])([H])N2C([H])([H])C([H])([H])[H],0
[H]c1c(C([H])([H])[H])oc(=O)c2c1OC(N([H])[H])=C(C#N)C2([H])c1c(N2C([H])([H])C([H])([H])OC([H])([H])C2([H])[H])nc2c([H])c([H])c([H])c([H])c2c1[H],0
[H]c1c([H])c([H])c(-n2nc(C([H])([H])[H])c3c2OC(C([H])([H])[H])(C([H])([H])[H])[C@@]2([H])C([H])([H])Oc4c([H])c([H])c5c(C([H])([H])[H])c([H])c(=O)oc5c4[C@@]32[H])c(Cl)c1[H],0
[H]c1c([H])c(C([H])([H])[H])c([H])c([H])c1-n1nc(C([H])([H])[H])c2c1OC([H])([H])[C@@]1([H])C([H])([H])Oc3c([H])c([H])c4c(C([H])([H])[H])c([H])c(=O)oc4c3[C@@]21[H],0
[H]c1c([H])c([H])c(-c2nn(-c3c([H])c([H])c([H])c([H])c3[H])c3c2[C@]2([H])c4c(nc5c([H])c([H])c([H])c([H])c5c4[H])SC([H])([H])[C@]2([H])C([H])([H])O3)c([H])c1[H],0
[H]c1c([H])c(N2C(N([H])[H])=C(C#N)C([H])(c3c(Oc4c([H])c([H])c(C#N)c([H])c4[H])nc4c([H])c([H])c(Cl)c([H])c4c3[H])C3=C2C([H])([H])C(C([H])([H])[H])(C([H])([H])[H])C([H])([H])C3=O)c([H])c(F)c1F,0
[H]c1c([H])c(N2C(N([H])[H])=C(C#N)C([H])(c3c(Oc4c([H])c([H])c(C#N)c([H])c4[H])nc4c([H])c([H])c([H])c([H])c4c3[H])C3=C2C([H])([H])C([H])([H])C([H])([H])C3=O)c([H])c(C(F)(F)F)c1[H],0
[H]c1c([H])c(F)c(N2C(N([H])[H])=C(C#N)C([H])(c3c(Oc4c([H])c([H])c(C#N)c([H])c4[H])nc4c([H])c([H])c(OC([H])([H])[H])c([H])c4c3[H])C3=C2C([H])([H])C(C([H])([H])[H])(C([H])([H])[H])C([H])([H])C3=O)c([H])c1F,0
[H]c1c([H])c(F)c(N2C(N([H])[H])=C(C#N)C([H])(c3c(Oc4c([H])c([H])c(C#N)c([H])c4[H])nc4c([H])c([H])c([H])c([H])c4c3[H])C3=C2C([H])([H])C([H])([H])C([H])([H])C3=O)c([H])c1F,0
[H]C(=O)c1c(Oc2c([H])c([H])c(C#N)c([H])c2[H])nc2c([H])c([H])c(Cl)c([H])c2c1[H],0
[H]c1c([H])c([H])c(N([H])N2C(N([H])[H])=C(C#N)C([H])(c3c(Cl)nc4c([H])c([H])c(C([H])([H])[H])c([H])c4c3[H])C3=C2C([H])([H])C(C([H])([H])[H])(C([H])([H])[H])C([H])([H])C3=O)c([H])c1[H],0
[H]c1c([H])c([H])c(N([H])N2C(N([H])[H])=C(C#N)C([H])(c3c(Cl)nc4c([H])c([H])c(Cl)c([H])c4c3[H])C3=C2C([H])([H])C(C([H])([H])[H])(C([H])([H])[H])C([H])([H])C3=O)c([H])c1[H],0
[H]c1c([H])c(C([H])([H])[H])c([H])c([H])c1-n1nc(C([H])([H])[H])c2c1OC(C([H])([H])[H])(C([H])([H])[H])[C@@]1([H])C([H])([H])Oc3c([H])c([H])c4c(C([H])([H])[H])c([H])c(=O)oc4c3[C@@]21[H],0
[H]c1nc(N([H])[H])nc(N([H])[H])c1C([H])([H])c1c([H])c(OC([H])([H])[H])c2nc(C([H])([H])[H])c([H])c(C([H])([H])[H])c2c1[H],1
[H]c1c([H])c([H])c(C2([H])N([H])C([H])(c3c([H])c([H])c([H])c([H])c3[H])C([H])(C([H])([H])[H])/C(=N/N3C(=O)C([H])([H])N([H])C3=S)C2([H])[H])c([H])c1[H],0
[H]c1c([H])c(C([H])([H])[H])c([H])c([H])c1Oc1nc2c([H])c([H])c(OC([H])([H])[H])c([H])c2c([H])c1C1([H])C(C#N)=C(N([H])[H])OC2=C1C(=O)C([H])([H])C(C([H])([H])[H])(C([H])([H])[H])C2([H])[H],0
[H]c1c([H])c(OC([H])([H])[H])c([H])c([H])c1Oc1nc2c([H])c([H])c(C([H])([H])[H])c([H])c2c([H])c1C1([H])C(C#N)=C(N([H])[H])OC2=C1C(=O)C([H])([H])C([H])([H])C2([H])[H],0
[H]c1c([H])c([H])c(Oc2nc3c([H])c([H])c(C([H])([H])[H])c([H])c3c([H])c2C2([H])C(C#N)=C(N([H])[H])OC3=C2C(=O)C([H])([H])C([H])([H])C3([H])[H])c([H])c1[H],0
[H]c1c([H])c(OC([H])([H])[H])c([H])c([H])c1Oc1nc2c([H])c([H])c([H])c([H])c2c([H])c1C1([H])C(C#N)=C(N([H])[H])OC2=C1C(=O)C([H])([H])C([H])([H])C2([H])[H],0
[H]c1c([H])c(N([H])N2C(N([H])[H])=C(C#N)C([H])(c3c(Cl)nc4c([H])c([H])c(C([H])([H])[H])c([H])c4c3[H])C3=C2C([H])([H])C(C([H])([H])[H])(C([H])([H])[H])C([H])([H])C3=O)c([H])c([H])c1OC([H])([H])[H],0
[H]c1c([H])c([H])c(C(=O)c2c([H])c(C(=O)OC([H])([H])C([H])([H])[H])c3c4c([H])c([H])c([H])c([H])c4c([H])c([H])n23)c([H])c1[H],0
[H]c1c([H])c([N+](=O)[O-])c([H])c([H])c1-n1nc(C([H])([H])[H])c2c1OC(C([H])([H])[H])(C([H])([H])[H])[C@@]1([H])C([H])([H])Oc3c([H])c([H])c4c(C([H])([H])[H])c([H])c(=O)oc4c3[C@@]21[H],0
[H]c1c([H])c(-n2nc(C([H])([H])[H])c3c2OC(C([H])([H])[H])(C([H])([H])[H])[C@@]2([H])C([H])([H])Oc4c([H])c([H])c5c(C([H])([H])[H])c([H])c(=O)oc5c4[C@@]32[H])c(Cl)c([H])c1Cl,0
[H]c1c([H])c([H])c(-n2nc(C([H])([H])[H])c3c2OC(C([H])([H])[H])(C([H])([H])[H])[C@@]2([H])C([H])([H])Oc4c([H])c([H])c5c(C([H])([H])[H])c([H])c(=O)oc5c4[C@@]32[H])c([H])c1[H],0
[H]c1c([H])c(-c2c(C3([H])C(C#N)=C(N([H])[H])OC4=C3C(=O)C([H])([H])C([H])([H])C4([H])[H])c3c([H])c([H])c([H])c([H])c3n2[H])c([H])c([H])c1Cl,0
[H]c1c([H])c(C([H])([H])[H])c([H])c([H])c1-c1c(C2([H])C(C#N)=C(N([H])[H])OC3=C2C(=O)C([H])([H])C([H])([H])C3([H])[H])c2c([H])c([H])c([H])c([H])c2n1[H],0
[H]Oc1c([H])c([H])c([H])c(/C([H])=C(\[H])c2nc(N([H])[H])c(C#N)c(-c3c(C([H])([H])[H])nn(-c4c([H])c([H])c([H])c([H])c4[H])c3-n3c([H])nc(C([H])([H])[H])c3[H])c2[H])c1[H],0
[H]c1c([H])c([H])c2c([H])c(C3([H])C(C#N)=C(N([H])[H])OC4=C3C(=O)C([H])([H])C(C([H])([H])[H])(C([H])([H])[H])C4([H])[H])c(N3C([H])([H])C([H])([H])OC([H])([H])C3([H])[H])nc2c1[H],0
[H]c1c(C([H])([H])[H])c([H])c2c([H])c(C3([H])C(C#N)=C(N([H])[H])Oc4c3c(=O)oc3c([H])c([H])c([H])c([H])c43)c(N3C([H])([H])C([H])([H])OC([H])([H])C3([H])[H])nc2c1[H],0
[H]c1c([H])c2c([H])c([H])c1C([H])([H])n1c([H])c([H])[n+](c1[H])C([H])([H])c1c([H])c([H])c(c([H])c1[H])C([H])([H])[n+]1c([H])c([H])n(c1[H])C([H])([H])c1c([H])c([H])c(c([H])c1[H])S2(=O)=O,0
[H]c1c([H])c([N+](=O)[O-])c([H])c([H])c1-c1c(C2([H])C(C#N)=C(N([H])[H])OC3=C2C(=O)C([H])([H])C(C([H])([H])[H])(C([H])([H])[H])C3([H])[H])c2c([H])c([H])c([H])c([H])c2n1[H],0
[H]c1c(OC([H])([H])[H])c([H])c2c([H])c(C3([H])C4=C(N([H])C(=O)N3[H])C([H])([H])C(C([H])([H])[H])(C([H])([H])[H])C([H])([H])C4=O)c(=O)n([H])c2c1[H],0
[H]c1c([H])c([H])c(-n2nc(-c3c([H])c([H])c(F)c([H])c3[H])c(C3([H])C4=C(N(c5c([H])c([H])c(F)c([H])c5[H])C(=O)C3([H])[H])C([H])([H])C([H])([H])C([H])([H])C4=O)c2[H])c([H])c1[H],1
[H]c1c([H])c2c([H])c(c1[H])C([H])([H])[n+]1c([H])n(c3c([H])c([H])c([H])c([H])c31)C([H])([H])c1c(nc3c([H])c([H])c([H])c([H])c3c1[H])Oc1c([H])c([H])c3c([H])c([H])c([H])c([H])c3c1-c1c(c([H])c([H])c3c([H])c([H])c([H])c([H])c13)Oc1nc3c([H])c([H])c([H])c([H])c3c([H])c1C([H])([H])n1c([H])[n+](c3c([H])c([H])c([H])c([H])c31)C2([H])[H],0
[H]Oc1c(C([H])([H])[H])c2c3c4c1c(O[H])c(c1c4nc4c([H])c(C([H])([H])[H])c([H])c([H])n41)N([H])C(=O)/C(C([H])([H])[H])=C([H])\C([H])=C(/[H])[C@]([H])(C([H])([H])[H])[C@]([H])(O[H])[C@@]([H])(C([H])([H])[H])[C@@]([H])(O[H])[C@@]([H])(C([H])([H])[H])[C@]([H])(OC(=O)C([H])([H])[H])[C@]([H])(C([H])([H])[H])[C@@]([H])(OC([H])([H])[H])/C([H])=C(\[H])O[C@@](C([H])([H])[H])(O2)C3=O,1
[H]c1c(C([H])([H])[H])c([H])c2c([H])c(C3([H])C(C#N)=C(N([H])[H])OC4=C3C(=O)C([H])([H])C([H])([H])C4([H])[H])c(N3C([H])([H])C([H])([H])OC([H])([H])C3([H])[H])nc2c1[H],0
[H]c1c(Br)c([H])c2nc(-c3c([H])c4c([H])c(OC([H])([H])[H])c([H])c([H])c4n4nnnc34)n([H])c2c1[H],0
[H]c1c([H])c([H])c2c(nc(-c3c([H])c4c([H])c([H])c([H])c([H])c4n4nnnc34)n2[H])c1[H],0
[H]c1nc([H])n(-c2c(-c3c([H])c(-c4c([H])c([H])c(-c5c([H])c([H])c([H])c([H])c5[H])c([H])c4[H])nc(N([H])[H])c3C#N)c(C([H])([H])[H])nn2-c2c([H])c([H])c([H])c([H])c2[H])c1[H],0
[H]Oc1c(C(=O)N([H])N2C(=O)C([H])([H])C([H])([H])SC2([H])c2c([H])c([H])c(OC([H])([H])[H])c([H])c2[H])c([H])nc2c(C(F)(F)F)c([H])c([H])c([H])c12,0
[H]c1nc2c([H])c(Cl)c([H])c([H])c2c(N([H])C([H])([H])C([H])([H])N2C(=O)C([H])([H])C([H])([H])SC2([H])c2c([H])c([H])c([H])c(OC([H])([H])[H])c2[H])c1[H],0
[H]c1nc2c([H])c(Cl)c([H])c([H])c2c(N([H])C([H])([H])C([H])([H])C([H])([H])N2C(=O)C([H])([H])C([H])([H])SC2([H])c2c([H])c([H])c([H])c(Cl)c2[H])c1[H],0
[H]c1c([H])c([H])c2c(c1[H])C(=O)C(c1c([H])c([H])c(N([H])[H])c(OC([H])([H])[H])c1[H])(c1c([H])c([H])c(N([H])[H])c(OC([H])([H])[H])c1[H])C2=O,0
[H]C1=C(C([H])([H])[H])c2c([H])c(C([H])([H])c3c([H])nc(N([H])[H])nc3N([H])[H])c([H])c(OC([H])([H])[H])c2N([H])C1(C([H])([H])[H])C([H])([H])[H],0
[H]c1c([H])c([H])c(/N=N/c2c([H])c([H])c3c(c2[H])[C@]2([H])N(C([H])([H])[H])[C@@]([H])(C(=O)OC([H])([H])C([H])([H])C([H])([H])[H])C([H])([H])[C@]2([H])C([H])([H])O3)c([H])c1[H],0
[H]c1c([H])c([H])c(/N=N/c2c([H])c([H])c3c(c2[H])[C@]2([H])N(C([H])([H])[H])[C@@]([H])(C(=O)OC([H])([H])C([H])([H])[H])C([H])([H])[C@]2([H])C([H])([H])O3)c([H])c1[H],0
[H]c1c([H])c([H])c(/N=N/c2c([H])c([H])c3c(c2[H])[C@]2([H])N(C([H])([H])c4c([H])c([H])c([H])c([H])c4[H])[C@@]([H])(C(=O)OC([H])([H])C([H])([H])C([H])([H])C([H])([H])[H])C([H])([H])[C@]2([H])C([H])([H])O3)c([H])c1[H],0
[H]c1c([H])c(N2C(N([H])[H])=C(C#N)C([H])(c3c(Oc4c([H])c([H])c(C#N)c([H])c4[H])nc4c([H])c([H])c(C([H])([H])[H])c([H])c4c3[H])C3=C2C([H])([H])C([H])([H])C([H])([H])C3=O)c([H])c(C(F)(F)F)c1[H],0
[H]c1c([H])c([H])c(-n2nc(C([H])([H])[H])c(C3([H])N(c4c([H])c([H])c(OC([H])([H])[H])c([H])c4[H])N=C(c4c([H])c([H])c(F)c([H])c4[H])C3([H])[H])c2Oc2c([H])c([H])c([H])c([H])c2F)c([H])c1[H],0
[H]c1c([H])c2c([H])c(c1[H])-c1c([H])c([H])c(c([H])c1[H])C([H])([H])[n+]1c([H])c([H])n(c1[H])C([H])([H])c1c([H])c([H])c(c([H])c1[H])S(=O)(=O)c1c([H])c([H])c(c([H])c1[H])C([H])([H])n1c([H])c([H])[n+](c1[H])C([H])([H])c1c([H])c([H])c-2c([H])c1[H],0
[H]OC(=O)c1c([H])n(C2([H])C([H])([H])C2([H])[H])c2c(OC([H])([H])[H])c(N3C([H])([H])C([H])([H])N([H])C([H])(C([H])([H])[H])C3([H])[H])c(F)c([H])c2c1=O,1
[H]c1nc(N([H])[H])nc(N([H])[H])c1C([H])([H])c1c([H])c(OC([H])([H])[H])c2c(c1[H])C([H])(C([H])([H])[H])C([H])([H])C([H])([H])N2C([H])([H])C([H])([H])OC([H])([H])[H],0
[H]c1c([H])c(-c2c(C3([H])C(C#N)=C(N([H])[H])OC4=C3C(=O)C([H])([H])C([H])([H])C4([H])[H])c3c([H])c([H])c([H])c([H])c3n2[H])c([H])c([H])c1F,0
[H]c1c([H])c(C([H])([H])[H])c([H])c([H])c1Oc1nc2c([H])c([H])c(OC([H])([H])[H])c([H])c2c([H])c1C1([H])C(C#N)=C(N([H])[H])OC2=C1C(=O)C([H])([H])C([H])([H])C2([H])[H],0
[H]c1c([H])c(Oc2nc3c([H])c([H])c(C([H])([H])[H])c([H])c3c([H])c2C2([H])C(C#N)=C(N([H])[H])OC3=C2C(=O)C([H])([H])C([H])([H])C3([H])[H])c([H])c([H])c1F,0
[H]c1nc(N([H])[H])nc(N([H])[H])c1C([H])([H])c1c([H])c(OC([H])([H])C([H])([H])OC([H])([H])[H])c2c(c1[H])C([H])([H])C([H])([H])C([H])([H])N2[H],0
[H]c1nc(N([H])[H])nc(N([H])[H])c1C([H])([H])c1c([H])c([H])c2c(c1[H])C([H])(C([H])([H])[H])C([H])([H])C([H])([H])N2[H],0
[H]C1=C([H])C2(C([H])([H])C([H])([H])[H])OC1([H])C([H])(C(=O)c1c([H])c([H])c([H])c([H])c1[H])C2([H])c1c([H])c([H])c(Br)c([H])c1[H],0
[H]c1c(C([H])([H])[H])c([H])c2nc(-c3c([H])c4c([H])c(Cl)c([H])c([H])c4n4nnnc34)n([H])c2c1[H],0
[H]c1c([H])c([H])c2c(nc(-c3c([H])c4c([H])c(Cl)c([H])c([H])c4n4nnnc34)n2[H])c1[H],0
[H]c1c(Cl)c([H])c2nc(-c3c([H])c4c([H])c(C([H])([H])[H])c([H])c([H])c4n4nnnc34)n([H])c2c1[H],0
[H]c1c([H])c(C2([H])N([H])C([H])(c3c([H])c([H])c(Cl)c([H])c3[H])C3([H])C([H])([H])C([H])([H])C([H])([H])C2([H])C32N([H])C(=S)N([H])N2[H])c([H])c([H])c1Cl,0
[H]C1=C([H])C2(C([H])([H])C([H])([H])[H])OC1([H])C([H])(C(=O)c1c([H])c([H])c([H])c([H])c1[H])C2([H])c1c([H])c([H])c([H])c([H])c1Br,0
[H]c1c([H])c([H])c2c(c1[H])c([H])c(C1([H])C3=C(N([H])C(=O)N1[H])C([H])([H])C([H])([H])C([H])([H])C3=O)c(=O)n2[H],0
[H]c1c([H])c([H])c(-n2nc(-c3c([H])c([H])c(OC([H])([H])[H])c([H])c3[H])c(C3([H])C4=C(N(c5c([H])c([H])c(F)c([H])c5[H])C(=O)C3([H])[H])C([H])([H])C([H])([H])C([H])([H])C4=O)c2[H])c([H])c1[H],1
[H]C1=C([H])C2(C([H])([H])C([H])([H])[H])OC1([H])C([H])(C(=O)c1c([H])c([H])c([H])c([H])c1[H])C2([H])c1c([H])c([H])c([H])c([H])c1Cl,0
[H]c1c([H])c([H])c(N([H])N2C(N([H])[H])=C(C#N)C([H])(c3c(Cl)nc4c([H])c([H])c([H])c([H])c4c3[H])C3=C2C([H])([H])C(C([H])([H])[H])(C([H])([H])[H])C([H])([H])C3=O)c([H])c1[H],0
[H]ON([H])C(=O)[C@@]([H])(N([H])C(=O)c1c([H])c([H])c(C#Cc2c([H])c([H])c(C([H])([H])N3C([H])([H])C([H])([H])OC([H])([H])C3([H])[H])c([H])c2[H])c([H])c1[H])[C@]([H])(O[H])C([H])([H])[H],1
[H]OC(=O)c1c([H])n(C2([H])C([H])([H])C2([H])[H])c2c([H])c(N3C([H])([H])C([H])([H])N(C([H])([H])C(=O)OC([H])([H])C4([H])OC([H])(n5c([H])c(C([H])([H])[H])c(=O)n([H])c5=O)C([H])=C4[H])C([H])([H])C3([H])[H])c(F)c([H])c2c1=O,1
[H]c1nc(N([H])[H])nc(N([H])[H])c1C([H])([H])c1c([H])c(C([H])([H])[H])c(OC([H])([H])[H])c(C(C([H])([H])[H])(C([H])([H])[H])C([H])([H])[H])c1[H],0
[H]c1c(OC([H])([H])[H])c([H])c2c([H])c(C3([H])C(C#N)=C(N([H])[H])Oc4c3c([H])c([H])c3c([H])c([H])c([H])c([H])c43)c(N3C([H])([H])C([H])([H])OC([H])([H])C3([H])[H])nc2c1[H],0
[H]c1c([H])c([H])c2c([H])c(C3([H])C(C#N)=C(N([H])[H])OC4=C3C(=O)C([H])([H])C([H])([H])C4([H])[H])c(N3C([H])([H])C([H])([H])OC([H])([H])C3([H])[H])nc2c1[H],0
[H]c1c(OC([H])([H])[H])c([H])c2c([H])c(C3([H])C(C#N)=C(N([H])[H])Oc4c3c(=O)oc3c([H])c([H])c([H])c([H])c43)c(N3C([H])([H])C([H])([H])OC([H])([H])C3([H])[H])nc2c1[H],0
[H]OC([H])([H])C([H])([H])N1c2c(OC([H])([H])[H])c([H])c(C([H])([H])c3c([H])nc(N([H])[H])nc3N([H])[H])c([H])c2C([H])(C([H])([H])[H])C([H])([H])C1([H])[H],0
[H]c1nc2c([H])c([H])c(C([H])([H])c3c([H])nc(N([H])[H])nc3N([H])[H])c([H])c2c([H])c1[H],0
[H]c1nc2c([H])c([H])c(C([H])([H])c3c([H])nc(N([H])[H])nc3N([H])[H])c([H])c2c(C([H])([H])[H])c1[H],1
[H]Oc1c([H])c([H])c([C@@](O[H])(C([H])([H])[H])[C@@]([H])(C(=O)N([H])O[H])N([H])C(=O)c2c([H])c([H])c(C#CC#Cc3c([H])c([H])c(N([H])[H])c([H])c3[H])c([H])c2[H])c([H])c1[H],1
[H]c1nc(N([H])[H])nc(N([H])[H])c1C([H])([H])c1c([H])c(C([H])([H])C([H])([H])[H])c(OC([H])([H])[H])c(C([H])([H])C([H])([H])C([H])([H])[H])c1[H],0
[H]C1=C([H])C2(C([H])([H])C([H])([H])[H])OC1([H])C([H])(C(=O)c1c([H])c([H])c([H])c([H])c1[H])C2([H])c1c([H])c([H])c([H])c([H])c1[H],0
[H]c1nc(N([H])[H])nc(N([H])[H])c1C([H])([H])c1c([H])c(C([H])([H])[H])c2nc(OC([H])([H])[H])c([H])c(C([H])([H])[H])c2c1[H],0
[H]c1nc2c(N([H])[H])c([H])c(C([H])([H])c3c([H])nc(N([H])[H])nc3N([H])[H])c([H])c2c(C([H])([H])[H])c1[H],0
[H]c1nc(N([H])[H])nc(N([H])[H])c1C([H])([H])c1c([H])c(OC([H])([H])[H])c(OC([H])([H])[H])c(OC([H])([H])[H])c1[H],1
[H]Oc1c(C(=O)N([H])N2C(=O)C([H])([H])C([H])([H])SC2([H])c2c([H])c([H])c(Cl)c([H])c2[H])c([H])nc2c(C(F)(F)F)c([H])c([H])c([H])c12,0
[H]Oc1c(C(=O)N([H])N2C(=O)C([H])([H])C([H])([H])SC2([H])c2c([H])c([H])c(Br)c([H])c2[H])c([H])nc2c(C(F)(F)F)c([H])c([H])c([H])c12,0
[H]c1nc(N([H])[H])nc(N([H])[H])c1C([H])([H])c1c([H])c(OC([H])([H])[H])c2c(c1[H])C([H])(C([H])([H])[H])C([H])([H])C(C([H])([H])[H])(C([H])([H])[H])N2[H],0
[H]c1c([H])c(N([H])N2C(N([H])[H])=C(C#N)C([H])(c3c(Cl)nc4c([H])c([H])c([H])c([H])c4c3[H])C3=C2C([H])([H])C(C([H])([H])[H])(C([H])([H])[H])C([H])([H])C3=O)c([H])c([H])c1Cl,0
[H]c1c([H])c(N([H])N2C(N([H])[H])=C(C#N)C([H])(c3c(Cl)nc4c([H])c([H])c(Cl)c([H])c4c3[H])C3=C2C([H])([H])C(C([H])([H])[H])(C([H])([H])[H])C([H])([H])C3=O)c([H])c([H])c1Cl,0
[H]c1c([H])c(C([H])([H])[H])c([H])c([H])c1N([H])N1C(N([H])[H])=C(C#N)C([H])(c2c(Cl)nc3c([H])c([H])c([H])c([H])c3c2[H])C2=C1C([H])([H])C(C([H])([H])[H])(C([H])([H])[H])C([H])([H])C2=O,0
[H]ON([H])C(=O)[C@@]([H])(N([H])C(=O)c1c([H])c([H])c(C#CC#Cc2c([H])c([H])c(N([H])[H])c([H])c2[H])c([H])c1[H])[C@]([H])(O[H])C([H])([H])[H],1
[H]ON([H])C(=O)[C@@]([H])(N([H])C(=O)c1c([H])c([H])c(C#CC#Cc2c([H])c([H])c(N([H])[H])c([H])c2[H])c([H])c1[H])[C@@](O[H])(c1nnn([H])c1[H])C([H])([H])[H],1
[H]c1c([H])c(N2C(N([H])[H])=C(C#N)C([H])(c3c(Oc4c([H])c([H])c(C#N)c([H])c4[H])nc4c([H])c([H])c(C([H])([H])[H])c([H])c4c3[H])C3=C2C([H])([H])C(C([H])([H])[H])(C([H])([H])[H])C([H])([H])C3=O)c([H])c(F)c1F,0
[H]C(=O)c1c(Oc2c([H])c([H])c(C#N)c([H])c2[H])nc2c([H])c([H])c([H])c([H])c2c1[H],0
[H]C1=C([H])C2(C([H])([H])C([H])([H])[H])OC1([H])C([H])(C(=O)c1c([H])c([H])c([H])c([H])c1[H])C2([H])c1c([H])c([H])c([H])c(Br)c1[H],0
[H]C1=C([H])C2(C([H])([H])C([H])([H])[H])OC1([H])C([H])(C(=O)c1c([H])c([H])c([H])c([H])c1[H])C2([H])c1c([H])c([H])c([H])c(OC([H])([H])[H])c1[H],0
[H]c1c([H])c2c([H])c(c1[H])C([H])([H])[n+]1c([H])c([H])n(c1[H])C([H])([H])c1c(nc3c([H])c([H])c([H])c([H])c3c1[H])Oc1c([H])c([H])c3c([H])c([H])c([H])c([H])c3c1-c1c(c([H])c([H])c3c([H])c([H])c([H])c([H])c13)Oc1nc3c([H])c([H])c([H])c([H])c3c([H])c1C([H])([H])n1c([H])c([H])[n+](c1[H])C2([H])[H],0
[H]c1nc(N([H])[H])nc(N([H])[H])c1C([H])([H])c1c([H])c(Cl)c2c(c1[H])C([H])(C([H])([H])[H])C([H])([H])C([H])(C([H])([H])[H])N2[H],0
[H]c1nc([H])n(-c2c(-c3c([H])c(-c4c([H])c([H])c(Br)c([H])c4[H])nc(N([H])[H])c3C#N)c(C([H])([H])[H])nn2-c2c([H])c([H])c([H])c([H])c2[H])c1[H],0
[H]c1c([H])c(N([H])N2C(N([H])[H])=C(C(=O)OC([H])([H])C([H])([H])[H])C([H])(c3c(Cl)nc4c([H])c([H])c(C([H])([H])[H])c([H])c4c3[H])C3=C2C([H])([H])C(C([H])([H])[H])(C([H])([H])[H])C([H])([H])C3=O)c([H])c([H])c1OC([H])([H])[H],0
[H]c1c([H])c(N([H])N2C(N([H])[H])=C(C(=O)OC([H])([H])C([H])([H])[H])C([H])(c3c(Cl)nc4c([H])c([H])c(OC([H])([H])[H])c([H])c4c3[H])C3=C2C([H])([H])C(C([H])([H])[H])(C([H])([H])[H])C([H])([H])C3=O)c([H])c([H])c1Cl,0
[H]c1c([H])c(N([H])N2C(N([H])[H])=C(C(=O)OC([H])([H])C([H])([H])[H])C([H])(c3c(Cl)nc4c([H])c([H])c([H])c([H])c4c3[H])C3=C2C([H])([H])C(C([H])([H])[H])(C([H])([H])[H])C([H])([H])C3=O)c([H])c([H])c1Cl,0
[H]c1c([H])c([H])c(N([H])N2C(N([H])[H])=C(C(=O)OC([H])([H])C([H])([H])[H])C([H])(c3c(Cl)nc4c([H])c([H])c(OC([H])([H])[H])c([H])c4c3[H])C3=C2C([H])([H])C(C([H])([H])[H])(C([H])([H])[H])C([H])([H])C3=O)c([H])c1[H],0
[H]c1c([H])c(Oc2nc3c([H])c([H])c([H])c([H])c3c([H])c2C2([H])C(C#N)=C(N([H])[H])OC3=C2C(=O)C([H])([H])C(C([H])([H])[H])(C([H])([H])[H])C3([H])[H])c([H])c([H])c1F,0
[H]c1c([H])c([H])c(Oc2nc3c([H])c([H])c([H])c([H])c3c([H])c2C2([H])C(C#N)=C(N([H])[H])OC3=C2C(=O)C([H])([H])C(C([H])([H])[H])(C([H])([H])[H])C3([H])[H])c([H])c1[H],0
[H]C([H])=C([H])C([H])([H])n1c(=O)c(C2([H])C3=C(N([H])c4c([H])c([H])c([H])c([H])c4N2[H])C([H])([H])C([H])([H])C([H])([H])C3=O)c([H])c2c([H])c(C([H])([H])[H])c([H])c([H])c21,0
[H]C([H])=C([H])C([H])([H])n1c(=O)c(C2([H])C3=C(N([H])c4c([H])c([H])c([H])c([H])c4N2[H])C([H])([H])C([H])([H])C([H])([H])C3=O)c([H])c2c([H])c([H])c(Cl)c([H])c21,0
[H]c1c(Cl)c([H])c2nc(-c3c([H])c4c([H])c(Cl)c([H])c([H])c4n4nnnc34)n([H])c2c1[H],0
[H]c1c(C([H])([H])[H])c([H])c2nc(-c3c([H])c4c([H])c(OC([H])([H])[H])c([H])c([H])c4n4nnnc34)n([H])c2c1[H],0
[H]c1c(Br)c([H])c2nc(-c3c([H])c4c([H])c(C([H])([H])[H])c([H])c([H])c4n4nnnc34)n([H])c2c1[H],0
[H]c1c([H])c([H])c(-n2nc(-c3c([H])c([H])c(Br)c([H])c3[H])c(C3([H])C4=C(N(c5c([H])c([H])c(F)c([H])c5[H])C(=O)C3([H])[H])C([H])([H])C(C([H])([H])[H])(C([H])([H])[H])C([H])([H])C4=O)c2[H])c([H])c1[H],1
[H]c1c([H])c([H])c(-n2nc(-c3c([H])c([H])c(Br)c([H])c3[H])c(C3([H])C4=C(N(c5c([H])c([H])c(F)c([H])c5[H])C(=O)C3([H])[H])C([H])([H])C([H])([H])C([H])([H])C4=O)c2[H])c([H])c1[H],1
[H]c1c([H])c(F)c(N2C(N([H])[H])=C(C#N)C([H])(c3c(Oc4c([H])c([H])c(C#N)c([H])c4[H])nc4c([H])c([H])c(Cl)c([H])c4c3[H])C3=C2C([H])([H])C([H])([H])C([H])([H])C3=O)c([H])c1F,0
[H]c1c([H])c([H])c(-n2nc(-c3c([H])c([H])c([N+](=O)[O-])c([H])c3[H])c(C3([H])C4=C(N(c5c([H])c([H])c(F)c([H])c5[H])C(=O)C3([H])[H])C([H])([H])C(C([H])([H])[H])(C([H])([H])[H])C([H])([H])C4=O)c2[H])c([H])c1[H],1
[H]C1=C([H])C2(C([H])([H])C([H])([H])[H])OC1([H])C([H])(C(=O)c1c([H])c([H])c(Br)c([H])c1[H])C2([H])c1c([H])c([H])c([H])c([H])c1[H],0
[H]c1c([H])c(C2([H])N([H])C([H])(c3c([H])c([H])c(Br)c([H])c3[H])C3([H])C(=NN([H])C(=O)c4c([H])c([H])c(N([H])[H])c([H])c4[H])C2([H])C([H])([H])C([H])([H])C3([H])[H])c([H])c([H])c1Br,0
[H]Oc1c([H])c([H])c2c(c1[H])OC(N([H])[H])=C(C#N)C2([H])c1c(N2C([H])([H])C([H])([H])OC([H])([H])C2([H])[H])nc2c([H])c([H])c(OC([H])([H])[H])c([H])c2c1[H],0
[H]c1c(C([H])([H])[H])c([H])c2c([H])c(C3([H])C(C#N)=C(N([H])[H])OC4=C3C(=O)C([H])([H])C(C([H])([H])[H])(C([H])([H])[H])C4([H])[H])c(N3C([H])([H])C([H])([H])OC([H])([H])C3([H])[H])nc2c1[H],0
[H]c1c(OC([H])([H])[H])c([H])c2c([H])c(C3([H])C4=C(N([H])C(=S)N3[H])C([H])([H])C([H])([H])C([H])([H])C4=O)c(=O)n([H])c2c1[H],0
[H]c1c(OC([H])([H])[H])c([H])c2c([H])c(C3([H])C4=C(N([H])C(=O)N3[H])C([H])([H])C([H])([H])C([H])([H])C4=O)c(=O)n([H])c2c1[H],0
[H]c1c([H])c([H])c(-c2c([H])c([H])c(-c3nc(N([H])[H])c(C#N)c(-c4c(C([H])([H])[H])nn(-c5c([H])c([H])c([H])c([H])c5[H])c4-n4c([H])nc(C([H])([H])[H])c4[H])c3[H])c([H])c2[H])c([H])c1[H],0
[H]c1c([H])c(N2C(N([H])[H])=C(C#N)C([H])(c3c(Oc4c([H])c([H])c(C#N)c([H])c4[H])nc4c([H])c([H])c(OC([H])([H])[H])c([H])c4c3[H])C3=C2C([H])([H])C(C([H])([H])[H])(C([H])([H])[H])C([H])([H])C3=O)c([H])c(C(F)(F)F)c1[H],0
[H]c1c([H])c(N2C(N([H])[H])=C(C#N)C([H])(c3c(Oc4c([H])c([H])c(C#N)c([H])c4[H])nc4c([H])c([H])c([H])c([H])c4c3[H])C3=C2C([H])([H])C(C([H])([H])[H])(C([H])([H])[H])C([H])([H])C3=O)c([H])c(C(F)(F)F)c1[H],0
[H]C1=C([H])C2(C([H])([H])C([H])([H])[H])OC1([H])C([H])(C(=O)c1c([H])c([H])c([H])c(Br)c1[H])C2([H])c1c([H])c([H])c([H])c([H])c1[H],0
[H]C1=C([H])C2(C([H])([H])C([H])([H])[H])OC1([H])C([H])(C(=O)c1c([H])c([H])c([H])c([H])c1[H])C2([H])c1c([H])c([H])c(C#N)c([H])c1[H],0
[H]C1=C([H])C2(C([H])([H])C([H])([H])[H])OC1([H])C([H])(C(=O)c1c([H])c([H])c([H])c([H])c1[H])C2([H])c1c([H])c([H])c(F)c([H])c1[H],0
[H]c1c([H])c2c([H])c([H])c1C(=O)c1c([H])c([H])c(c([H])c1[H])C([H])([H])[n+]1c([H])c([H])n(c1[H])C([H])([H])c1c([H])c([H])c(c([H])c1[H])S(=O)(=O)c1c([H])c([H])c(c([H])c1[H])C([H])([H])n1c([H])c([H])[n+](c1[H])C2([H])[H],0
[H]c1sc(N([H])N=C2C([H])([H])C([H])([H])C([H])([H])C2([H])[H])nc1-c1c([H])c([H])c(Br)c([H])c1[H],0
[H]c1c([H])c([H])c2c(c1[H])Oc1nc3c([H])c([H])c([H])c([H])c3c([H])c1C([H])([H])n1c([H])[n+](c3c([H])c([H])c([H])c([H])c31)C([H])([H])c1c([H])c([H])c([H])c(c1[H])C([H])([H])[n+]1c([H])n(c3c([H])c([H])c([H])c([H])c31)C([H])([H])c1c(nc3c([H])c([H])c([H])c([H])c3c1[H])O2,0
[H]c1c([H])c(N([H])N2C(N([H])[H])=C(C#N)C([H])(c3c(Cl)nc4c([H])c([H])c([H])c([H])c4c3[H])C3=C2C([H])([H])C(C([H])([H])[H])(C([H])([H])[H])C([H])([H])C3=O)c([H])c([H])c1F,0
[H]OC([H])([H])[C@]1([H])O[C@@]([H])(O[C@@]2([H])[C@]([H])(O[C@]3([H])[C@@]([H])(N=C(N([H])[H])N([H])[H])[C@]([H])(O[H])[C@@]([H])(N=C(N([H])[H])N([H])[H])[C@]([H])(O[H])[C@@]3([H])O[H])O[C@@]([H])(C([H])([H])[H])[C@]2(O[H])C([H])=O)[C@@]([H])(N([H])C([H])([H])[H])[C@]([H])(O[H])[C@@]1([H])O[H],0
[H]c1nc(N([H])[H])nc(N([H])[H])c1C([H])([H])c1c([H])c([H])c2c(c1[H])C([H])([H])C([H])([H])C([H])([H])N2[H],0
[H]c1nc(N([H])[H])nc(N([H])[H])c1C([H])([H])c1c([H])c([H])c2nc(N(C([H])([H])[H])C([H])([H])[H])c([H])c(C([H])([H])[H])c2c1[H],1
[H]C([H])=C([H])C([H])([H])N1c2c([H])c([H])c([H])c([H])c2N([H])C2=C(C(=O)C([H])([H])C(C([H])([H])[H])(C([H])([H])[H])C2([H])[H])C1([H])c1c([H])c2c([H])c([H])c(Cl)c([H])c2n(C([H])([H])C([H])=C([H])[H])c1=O,0
[H]C([H])=C([H])C([H])([H])n1c(=O)c(C2([H])C3=C(N([H])c4c([H])c([H])c([H])c([H])c4N2[H])C([H])([H])C([H])([H])C([H])([H])C3=O)c([H])c2c([H])c([H])c(C([H])([H])[H])c([H])c21,0
[H]C([H])=C([H])C([H])([H])n1c(=O)c(C2([H])C3=C(N([H])c4c([H])c([H])c([H])c([H])c4N2[H])C([H])([H])C([H])([H])C([H])([H])C3=O)c([H])c2c([H])c([H])c([H])c([H])c21,0
[H]c1c(C([H])([H])[H])c([H])c2c([H])c(C3([H])C(C#N)=C(N([H])[H])Oc4c3c(C([H])([H])[H])nn4[H])c(N3C([H])([H])C([H])([H])OC([H])([H])C3([H])[H])nc2c1[H],0
[H]OC([H])([H])C1([H])C([H])([H])c2c([H])c(C([H])([H])c3c([H])nc(N([H])[H])nc3N([H])[H])c([H])c(OC([H])([H])[H])c2N(C([H])([H])C([H])([H])[H])C1([H])[H],0
[H]c1c([H])c2c([H])c([H])c1C([H])([H])n1c([H])c([H])[n+](c1[H])C([H])([H])c1c([H])c(OC([H])([H])[H])c(c([H])c1OC([H])([H])[H])C([H])([H])[n+]1c([H])c([H])n(c1[H])C([H])([H])c1c([H])c([H])c(c([H])c1[H])S2(=O)=O,0
[H]c1nc(/N=C2\C(=O)N(C([H])([H])N3C([H])([H])C([H])([H])N(c4c([H])c([H])c([H])c(OC([H])([H])[H])c4[H])C([H])([H])C3([H])[H])c3c([H])c([H])c(Cl)c([H])c32)nc(N([H])[H])c1C([H])([H])c1c([H])c(OC([H])([H])[H])c(OC([H])([H])[H])c(OC([H])([H])[H])c1[H],0
[H]c1c([H])c(N([H])N2C(N([H])[H])=C(C(=O)OC([H])([H])C([H])([H])[H])C([H])(c3c(Cl)nc4c([H])c([H])c(Cl)c([H])c4c3[H])C3=C2C([H])([H])C(C([H])([H])[H])(C([H])([H])[H])C([H])([H])C3=O)c([H])c([H])c1OC([H])([H])[H],0
[H]O/N=C(\[H])c1c(-c2c([H])c3c([H])c([H])c(N(C([H])([H])C([H])([H])[H])C([H])([H])C([H])([H])[H])c([H])c3oc2=O)nc2sc(S(=O)(=O)/N=C(\[H])N(C([H])([H])[H])C([H])([H])[H])nn12,0
[H]c1c(N(C([H])([H])C([H])([H])[H])C([H])([H])C([H])([H])[H])c([H])c2oc(=O)c(-c3nc4sc(S(=O)(=O)N([H])[H])nn4c3C([H])([H])N3C([H])([H])C([H])([H])C([H])([H])C([H])([H])C3([H])[H])c([H])c2c1[H],0
[H]c1c([H])c(N([H])N2C(N([H])[H])=C(C#N)C([H])(c3c(Cl)nc4c([H])c([H])c(Cl)c([H])c4c3[H])C3=C2C([H])([H])C(C([H])([H])[H])(C([H])([H])[H])C([H])([H])C3=O)c([H])c([H])c1Br,0
[H]c1c([H])c(C2([H])N([H])C([H])(c3c([H])c([H])c(F)c([H])c3[H])C3([H])C(=NN([H])C(=O)c4c([H])c([H])c(N([H])[H])c([H])c4[H])C2([H])C([H])([H])C([H])([H])C3([H])[H])c([H])c([H])c1F,0
[H]C(=O)c1c(Oc2c([H])c([H])c(C#N)c([H])c2[H])nc2c([H])c([H])c(C([H])([H])[H])c([H])c2c1[H],0
[H]c1c([H])c([H])c(/N=N/c2c([H])c([H])c3c(c2[H])[C@]2([H])N(C([H])([H])[H])[C@@]([H])(C(=O)OC([H])([H])C([H])([H])C([H])([H])C([H])([H])[H])C([H])([H])[C@]2([H])C([H])([H])O3)c([H])c1[H],0
[H]c1c([H])c2c([H])c(c1[H])C(=O)c1c([H])c([H])c(c([H])c1[H])C([H])([H])[n+]1c([H])c([H])n(c1[H])C([H])([H])c1c([H])c([H])c(c([H])c1[H])S(=O)(=O)c1c([H])c([H])c(c([H])c1[H])C([H])([H])n1c([H])c([H])[n+](c1[H])C([H])([H])c1c([H])c([H])c(c([H])c1[H])C2=O,0
[H]/C(=N\S(=O)(=O)c1nn2c(C#N)c(-c3c([H])c4c([H])c([H])c(N(C([H])([H])C([H])([H])[H])C([H])([H])C([H])([H])[H])c([H])c4oc3=O)nc2s1)N(C([H])([H])[H])C([H])([H])[H],0
[H]c1nc(/N=C2\C(=O)N(C([H])([H])N3C([H])([H])C([H])([H])C([H])(C([H])([H])[H])C([H])([H])C3([H])[H])c3c([H])c([H])c(Cl)c([H])c32)nc(N([H])[H])c1C([H])([H])c1c([H])c(OC([H])([H])[H])c(OC([H])([H])[H])c(OC([H])([H])[H])c1[H],0
[H]c1c([H])c2c([H])c(c1[H])C([H])([H])[n+]1c([H])c([H])n(c1[H])C([H])([H])c1c([H])c([H])c(c([H])c1[H])S(=O)(=O)c1c([H])c([H])c(c([H])c1[H])C([H])([H])n1c([H])c([H])[n+](c1[H])C2([H])[H],0
[H]C1=C([H])C2(C([H])([H])C([H])([H])[H])OC1([H])C([H])(C(=O)c1c([H])c([H])c([H])c([H])c1[H])C2([H])c1c([H])c([H])c(OC([H])([H])[H])c([H])c1[H],0
[H]c1c([H])c(Cl)c(-n2nc(C([H])([H])[H])c3c2OC([H])([H])[C@@]2([H])C([H])([H])Oc4c([H])c([H])c5c(C([H])([H])[H])c([H])c(=O)oc5c4[C@@]32[H])c([H])c1Cl,0
[H]c1c([H])c([H])c(-c2nn(-c3c([H])c([H])c([H])c([H])c3[H])c3c2[C@]2([H])c4c(c([H])c([H])c5c(C([H])([H])[H])c([H])c(=O)oc45)OC([H])([H])[C@]2([H])C(C([H])([H])[H])(C([H])([H])[H])O3)c([H])c1[H],0
[H]c1c([H])c(-n2nc(C([H])([H])[H])c3c2OC([H])([H])[C@@]2([H])C([H])([H])Oc4c([H])c([H])c5c(C([H])([H])[H])c([H])c(=O)oc5c4[C@@]32[H])c([H])c(Cl)c1Cl,0
[H]c1c([H])c(Cl)c([H])c(-n2nc(C([H])([H])[H])c3c2OC([H])([H])[C@@]2([H])C([H])([H])Oc4c([H])c([H])c5c(C([H])([H])[H])c([H])c(=O)oc5c4[C@@]32[H])c1[H],0
[H]c1nc(N([H])[H])nc(N([H])[H])c1C([H])([H])c1c([H])c(OC([H])([H])[H])c2nc(C([H])([H])[H])c([H])c(OC([H])([H])[H])c2c1[H],1
[H]c1c([H])c(N2C(N([H])[H])=C(C#N)C([H])(c3c(Oc4c([H])c([H])c(C#N)c([H])c4[H])nc4c([H])c([H])c(C([H])([H])[H])c([H])c4c3[H])C3=C2C([H])([H])C(C([H])([H])[H])(C([H])([H])[H])C([H])([H])C3=O)c([H])c(C(F)(F)F)c1[H],0
[H]c1nc(N([H])[H])nc(N([H])[H])c1C([H])([H])c1c([H])c(C([H])([H])[H])c2nc(N3C([H])([H])C([H])([H])OC([H])([H])C3([H])[H])c([H])c(C([H])([H])[H])c2c1[H],0
[H]c1c(Br)c([H])c2nc(-c3c([H])c4c([H])c(Cl)c([H])c([H])c4n4nnnc34)n([H])c2c1[H],0
[H]c1c([H])c([H])c2c(c1[H])c([H])c(-c1nc3c([H])c(Br)c([H])c([H])c3n1[H])c1nnnn12,0
[H]Oc1c(C([H])([H])C([H])([H])C([H])([H])[H])c([H])c(C([H])([H])c2c([H])nc(N([H])[H])nc2N([H])[H])c([H])c1C([H])([H])C([H])([H])C([H])([H])[H],1
[H]Oc1c(C([H])([H])C([H])([H])[H])c([H])c(C([H])([H])c2c([H])nc(N([H])[H])nc2N([H])[H])c([H])c1C([H])([H])C([H])([H])C([H])([H])[H],1
[H]c1c([H])c(C2([H])N([H])C([H])(c3c([H])c([H])c(OC([H])([H])[H])c([H])c3[H])C([H])([H])C(=NN3C(=O)C([H])([H])N([H])C3=S)C2([H])[H])c([H])c([H])c1OC([H])([H])[H],0
[H]c1c([H])c(Oc2nc3c([H])c([H])c(OC([H])([H])[H])c([H])c3c([H])c2C2([H])C(C#N)=C(N([H])[H])OC3=C2C(=O)C([H])([H])C(C([H])([H])[H])(C([H])([H])[H])C3([H])[H])c([H])c([H])c1F,0
[H]c1c([H])c(Cl)c([H])c(-n2nc(C([H])([H])[H])c3c2OC(C([H])([H])[H])(C([H])([H])[H])[C@@]2([H])C([H])([H])Oc4c([H])c([H])c5c(C([H])([H])[H])c([H])c(=O)oc5c4[C@@]32[H])c1[H],0
[H]c1c([H])c([H])c(-c2nn(-c3c([H])c([H])c([H])c([H])c3[H])c3c2[C@]2([H])c4c(c([H])c([H])c5c(C([H])([H])[H])c([H])c(=O)oc45)OC([H])([H])[C@]2([H])C([H])([H])O3)c([H])c1[H],0
[H]c1c([H])c([H])c(/N=N/c2c([H])c([H])c3c(c2[H])[C@]2([H])N(C([H])([H])c4c([H])c([H])c([H])c([H])c4[H])[C@@]([H])(C(=O)OC([H])([H])C([H])([H])[H])C([H])([H])[C@]2([H])C([H])([H])O3)c([H])c1[H],0
[H]c1c([H])c(-n2nc(C([H])([H])[H])c3c2OC(C([H])([H])[H])(C([H])([H])[H])[C@@]2([H])C([H])([H])Oc4c([H])c([H])c5c(C([H])([H])[H])c([H])c(=O)oc5c4[C@@]32[H])c([H])c(Cl)c1Cl,0
[H]c1c([H])c([H])c(-c2nn(-c3c([H])c([H])c([H])c([H])c3[H])c3c2[C@]2([H])c4c(nc5c(C([H])([H])[H])c([H])c([H])c([H])c5c4[H])SC([H])([H])[C@]2([H])C([H])([H])O3)c([H])c1[H],0
[H]c1c([H])c(N([H])N2C(N([H])[H])=C(C#N)C([H])(c3c(Cl)nc4c([H])c([H])c(OC([H])([H])[H])c([H])c4c3[H])C3=C2C([H])([H])C(C([H])([H])[H])(C([H])([H])[H])C([H])([H])C3=O)c([H])c([H])c1Br,0
[H]c1c([H])c(OC([H])([H])[H])c([H])c([H])c1Oc1nc2c([H])c([H])c([H])c([H])c2c([H])c1C1([H])C(C#N)=C(N([H])[H])OC2=C1C(=O)C([H])([H])C(C([H])([H])[H])(C([H])([H])[H])C2([H])[H],0
[H]c1c([H])c(C([H])([H])[H])c([H])c([H])c1N([H])N1C(N([H])[H])=C(C(=O)OC([H])([H])C([H])([H])[H])C([H])(c2c(Cl)nc3c([H])c([H])c([H])c([H])c3c2[H])C2=C1C([H])([H])C(C([H])([H])[H])(C([H])([H])[H])C([H])([H])C2=O,0
[H]c1c([H])c([H])c(C(=O)c2c(C#N)c([H])c3c([H])c([H])c([H])c([H])n23)c([H])c1[H],0
[H]c1nc([H])n(-c2c(C3([H])C(C(=O)N([H])[H])=C(N([H])[H])N(c4c([H])c([H])c(C([H])([H])[H])c([H])c4[H])C4=C3C(=O)C([H])([H])C(C([H])([H])[H])(C([H])([H])[H])C4([H])[H])c(C([H])([H])[H])nn2-c2c([H])c([H])c([H])c([H])c2[H])c1[H],0
[H]Oc1c([H])c([H])c([H])c(N2C(N([H])[H])=C(C(=O)OC([H])([H])C([H])([H])[H])C([H])(c3c(C([H])([H])[H])nn(-c4c([H])c([H])c([H])c([H])c4[H])c3-n3c([H])nc([H])c3[H])C3=C2C([H])([H])C(C([H])([H])[H])(C([H])([H])[H])C([H])([H])C3=O)c1[H],0
[H]c1c([H])c([H])c2c([H])c(C3([H])C(C#N)=C(N([H])[H])Oc4c3c(=O)oc3c([H])c([H])c([H])c([H])c43)c(N3C([H])([H])C([H])([H])OC([H])([H])C3([H])[H])nc2c1[H],0
[H]c1nc([H])n(-c2c(-c3c([H])c(-c4oc([H])c([H])c4[H])nc(N([H])[H])c3C#N)c(C([H])([H])[H])nn2-c2c([H])c([H])c([H])c([H])c2[H])c1[H],0
[H]c1c([H])c(N2C(N([H])[H])=C(C#N)C([H])(c3c(Oc4c([H])c([H])c(C#N)c([H])c4[H])nc4c([H])c([H])c(C([H])([H])[H])c([H])c4c3[H])C3=C2C([H])([H])C([H])([H])C([H])([H])C3=O)c([H])c(F)c1F,0
[H]c1nc([H])n(-c2c(C3([H])C(C#N)=C(N([H])[H])N(c4c([H])c([H])c([H])c([H])c4[H])C4=C3C(=O)C([H])([H])C(C([H])([H])[H])(C([H])([H])[H])C4([H])[H])c(C([H])([H])[H])nn2-c2c([H])c([H])c([H])c([H])c2[H])c1[H],0
[H]c1nc([H])n(-c2c(C3([H])C(C(=O)N([H])[H])=C(N([H])[H])N(c4c([H])c([H])c([H])c([H])c4[H])C4=C3C(=O)C([H])([H])C(C([H])([H])[H])(C([H])([H])[H])C4([H])[H])c(C([H])([H])[H])nn2-c2c([H])c([H])c([H])c([H])c2[H])c1[H],0
[H]c1nc([H])n(-c2c(-c3c([H])c(-c4c([H])c([H])c([H])c([H])c4[H])nc(N([H])[H])c3C#N)c(C([H])([H])[H])nn2-c2c([H])c([H])c([H])c([H])c2[H])c1[H],0
[H]OC(=O)c1c([H])n(C2([H])C([H])([H])C2([H])[H])c2c(F)c(N3C([H])([H])C([H])([H])N(C([H])([H])N4C(=O)/C(=N\c5nc([H])c(C([H])([H])c6c([H])c(OC([H])([H])[H])c(OC([H])([H])[H])c(OC([H])([H])[H])c6[H])c(N([H])[H])n5)c5c([H])c(Cl)c([H])c([H])c54)C([H])(C([H])([H])[H])C3([H])[H])c(F)c([H])c2c1=O,1
[H]c1c([H])c(C([H])([H])[H])c([H])c([H])c1N([H])N1C(N([H])[H])=C(C(=O)OC([H])([H])C([H])([H])[H])C([H])(c2c(Cl)nc3c([H])c([H])c(OC([H])([H])[H])c([H])c3c2[H])C2=C1C([H])([H])C(C([H])([H])[H])(C([H])([H])[H])C([H])([H])C2=O,0
[H]c1c([H])c2c([H])c([H])c1C([H])([H])n1c([H])c([H])[n+](c1[H])C([H])([H])c1c([H])c([H])c(c([H])c1[H])S(=O)(=O)c1c([H])c([H])c(c([H])c1[H])C([H])([H])[n+]1c([H])c([H])n(c1[H])C([H])([H])c1c([H])c([H])c(c([H])c1[H])S2(=O)=O,0
[H]c1c([H])c([H])c(-n2nc(-c3c([H])c([H])c(F)c([H])c3[H])c(C3([H])C4=C(N(c5c([H])c([H])c(F)c([H])c5[H])C(=O)C3([H])[H])C([H])([H])C(C([H])([H])[H])(C([H])([H])[H])C([H])([H])C4=O)c2[H])c([H])c1[H],1
[H]c1c([H])c([H])c(-n2nc(C([H])([H])[H])c(C3([H])N(c4c([H])c([H])c(Br)c([H])c4[H])N=C(c4c([H])c([H])c(F)c([H])c4[H])C3([H])[H])c2Oc2c([H])c([H])c([H])c(C(F)(F)F)c2[H])c([H])c1[H],0
[H]C(=O)c1c(Oc2c([H])c([H])c(C#N)c([H])c2[H])nc2c([H])c([H])c(OC([H])([H])[H])c([H])c2c1[H],0
[H]Oc1c(C(=O)N([H])N2C(=O)C([H])([H])C([H])([H])SC2([H])c2c([H])c([H])c(F)c([H])c2[H])c([H])nc2c(C(F)(F)F)c([H])c([H])c([H])c12,0
[H]c1nc2c([H])c(Cl)c([H])c([H])c2c(N([H])C([H])([H])C([H])([H])N2C(=O)C([H])([H])C([H])([H])SC2([H])c2c([H])c([H])c(Cl)c([H])c2[H])c1[H],0
[H]Oc1c([H])c([H])c(C2([H])SC([H])([H])C([H])([H])C(=O)N2C([H])([H])C([H])([H])N([H])c2c([H])c([H])nc3c([H])c(Cl)c([H])c([H])c23)c([H])c1[H],0
[H]c1nc2c([H])c(Cl)c([H])c([H])c2c(N([H])C([H])([H])C([H])([H])C([H])([H])N2C(=O)C([H])([H])C([H])([H])SC2([H])c2c([H])c([H])c(Br)c([H])c2[H])c1[H],0
[H]C1=C(C([H])([H])[H])c2c([H])c(C([H])([H])c3c([H])nc(N([H])[H])nc3N([H])[H])c([H])c(SC([H])([H])[H])c2N([H])C1(C([H])([H])[H])C([H])([H])[H],1
[H]c1c([H])c([H])c(-n2nc(C([H])([H])[H])c(-c3c([H])c(-c4c([H])c([H])c(Br)c([H])c4[H])nc(N([H])[H])c3C#N)c2-n2c([H])nc(C([H])([H])[H])c2[H])c([H])c1[H],0
[H]c1nc([H])n(-c2c(-c3c([H])c(-c4c([H])c([H])c(OC([H])([H])[H])c([H])c4[H])nc(N([H])[H])c3C#N)c(C([H])([H])[H])nn2-c2c([H])c([H])c([H])c([H])c2[H])c1[H],0
[H]c1c([H])c([H])c(-n2nc(C([H])([H])[H])c(-c3c([H])c(-c4c([H])c([H])c(OC([H])([H])[H])c([H])c4[H])nc(N([H])[H])c3C#N)c2-n2c([H])nc(C([H])([H])[H])c2[H])c([H])c1[H],0
[H]C1=C(C([H])([H])F)c2c([H])c(C([H])([H])c3c([H])nc(N([H])[H])nc3N([H])[H])c([H])c(OC([H])([H])[H])c2N([H])C1(C([H])([H])[H])C([H])([H])F,0
[H]c1oc(-c2nc(N([H])[H])c(C#N)c(-c3c(C([H])([H])[H])nn(-c4c([H])c([H])c([H])c([H])c4[H])c3-n3c([H])nc(C([H])([H])[H])c3[H])c2[H])c([H])c1[H],0
[H]OC(=O)c1c([H])n(C([H])([H])C([H])([H])[H])c2c(F)c(N3C([H])([H])C([H])([H])N(C([H])([H])N4C(=O)C(=O)c5c([H])c(C([H])([H])[H])c([H])c([H])c54)C([H])(C([H])([H])[H])C3([H])[H])c(F)c([H])c2c1=O,1
[H]c1c([H])c([H])c(/N=N/c2c([H])c([H])c3c(c2[H])[C@]2([H])N(C([H])([H])C([H])([H])[H])[C@@]([H])(C(=O)OC([H])([H])C([H])([H])[H])C([H])([H])[C@]2([H])C([H])([H])O3)c([H])c1[H],0
[H]C([H])=C([H])C([H])([H])N1c2c([H])c([H])c([H])c([H])c2N([H])C2=C(C(=O)C([H])([H])C([H])([H])C2([H])[H])C1([H])c1c([H])c2c([H])c([H])c(C([H])([H])[H])c([H])c2n(C([H])([H])C([H])=C([H])[H])c1=O,0
[H]c1c2nc(c([H])c1[H])C([H])([H])[n+]1c([H])n(c3c([H])c([H])c([H])c([H])c31)C([H])([H])c1c(nc3c([H])c([H])c([H])c([H])c3c1[H])Oc1c([H])c([H])c3c([H])c([H])c([H])c([H])c3c1-c1c(c([H])c([H])c3c([H])c([H])c([H])c([H])c13)Oc1nc3c([H])c([H])c([H])c([H])c3c([H])c1C([H])([H])n1c([H])[n+](c3c([H])c([H])c([H])c([H])c31)C2([H])[H],0
[H]c1c2nc(c([H])c1[H])C([H])([H])[n+]1c([H])c([H])n(c1[H])C([H])([H])c1c(nc3c([H])c([H])c([H])c([H])c3c1[H])Oc1c([H])c([H])c3c([H])c([H])c([H])c([H])c3c1-c1c(c([H])c([H])c3c([H])c([H])c([H])c([H])c13)Oc1nc3c([H])c([H])c([H])c([H])c3c([H])c1C([H])([H])n1c([H])c([H])[n+](c1[H])C2([H])[H],0
[H]c1c(OC([H])([H])[H])c([H])c2c([H])c(C3([H])C4=C(N([H])C(=S)N3[H])C([H])([H])C(C([H])([H])[H])(C([H])([H])[H])C([H])([H])C4=O)c(=O)n([H])c2c1[H],0
[H]c1c(C([H])([H])[H])c([H])c2c([H])c(C3([H])C4=C(N([H])C(=O)N3[H])C([H])([H])C([H])([H])C([H])([H])C4=O)c(=O)n([H])c2c1[H],0
[H]c1c([H])c(N([H])N2C(N([H])[H])=C(C(=O)OC([H])([H])C([H])([H])[H])C([H])(c3c(Cl)nc4c([H])c([H])c([H])c([H])c4c3[H])C3=C2C([H])([H])C(C([H])([H])[H])(C([H])([H])[H])C([H])([H])C3=O)c([H])c([H])c1OC([H])([H])[H],0
[H]c1c([H])c([H])c(N([H])N2C(N([H])[H])=C(C(=O)OC([H])([H])C([H])([H])[H])C([H])(c3c(Cl)nc4c([H])c([H])c(C([H])([H])[H])c([H])c4c3[H])C3=C2C([H])([H])C(C([H])([H])[H])(C([H])([H])[H])C([H])([H])C3=O)c([H])c1[H],0
[H]c1c([H])c(N2C(N([H])[H])=C(C#N)C([H])(c3c(Oc4c([H])c([H])c(C#N)c([H])c4[H])nc4c([H])c([H])c([H])c([H])c4c3[H])C3=C2C([H])([H])C([H])([H])C([H])([H])C3=O)c([H])c(F)c1F,0
[H]c1c([H])c(S(=O)(=O)C([H])([H])[H])c([H])c([H])c1-c1c(C2([H])C(C#N)=C(N([H])[H])OC3=C2C(=O)C([H])([H])C([H])([H])C3([H])[H])c2c([H])c([H])c([H])c([H])c2n1[H],0
[H]c1c([H])c(C([H])([H])[H])c([H])c([H])c1-c1c(C2([H])C(C#N)=C(N([H])[H])OC3=C2C(=O)C([H])([H])C(C([H])([H])[H])(C([H])([H])[H])C3([H])[H])c2c([H])c([H])c([H])c([H])c2n1[H],0
[H]c1c([H])c(C2([H])N([H])C([H])(c3c([H])c([H])c(F)c([H])c3[H])C3([H])C([H])([H])C([H])([H])C([H])([H])C2([H])C32N([H])C(=S)N([H])N2[H])c([H])c([H])c1F,0
[H]c1nc2c(OC([H])([H])c3c(C([H])([H])Oc4c([H])c([H])c(Cl)c5c([H])c([H])c([H])nc45)c([H])c4c([H])c([H])c([H])c([H])c4c3[H])c([H])c([H])c(Cl)c2c([H])c1[H],0
[H]c1c([H])c([H])c(-n2nc(-c3c([H])c([H])c(C([H])([H])[H])c([H])c3[H])c(C3([H])C4=C(N(c5c([H])c([H])c(F)c([H])c5[H])C(=O)C3([H])[H])C([H])([H])C([H])([H])C([H])([H])C4=O)c2[H])c([H])c1[H],1
[H]c1c([H])c(-c2c(C3([H])C(C#N)=C(N([H])[H])OC4=C3C(=O)C([H])([H])C([H])([H])C4([H])[H])c3c([H])c([H])c([H])c([H])c3n2[H])c([H])c([H])c1OC([H])([H])[H],0
[H]c1c([H])c(C2([H])N([H])C([H])(c3c([H])c([H])c(Br)c([H])c3[H])C3([H])C([H])([H])C([H])([H])C([H])([H])C2([H])C32N([H])C(=S)N([H])N2[H])c([H])c([H])c1Br,0
[H]c1c([H])c([H])c2c(c1[H])c([H])c(-c1nc3c([H])c(C([H])([H])[H])c([H])c([H])c3n1[H])c1nnnn12,0
[H]c1c([H])c(C2([H])N([H])C([H])(c3c([H])c([H])c([N+](=O)[O-])c([H])c3[H])C3([H])C([H])([H])C([H])([H])C([H])([H])C2([H])C32N([H])C(=S)N([H])N2[H])c([H])c([H])c1[N+](=O)[O-],0
[H]c1c(N(C([H])([H])C([H])([H])[H])C([H])([H])C([H])([H])[H])c([H])c2oc(=O)c(-c3nc4sc(S(=O)(=O)N([H])[H])nn4c3SC#N)c([H])c2c1[H],0
[H]c1c(N(C([H])([H])C([H])([H])[H])C([H])([H])C([H])([H])[H])c([H])c2oc(=O)c(-c3nc4sc(S(=O)(=O)N([H])[H])nn4c3N=O)c([H])c2c1[H],0
[H]c1c(N(C([H])([H])C([H])([H])[H])C([H])([H])C([H])([H])[H])c([H])c2oc(=O)c(-c3nc4sc(S(=O)(=O)N([H])[H])nn4c3C([H])([H])N3C([H])([H])C([H])([H])C([H])([H])C3([H])[H])c([H])c2c1[H],0
[H]c1nc2c(OC([H])([H])Oc3c([H])c([H])c(Cl)c4c([H])c([H])c([H])nc34)c([H])c([H])c(Cl)c2c([H])c1[H],0
[H]C1=C([H])C([H])(C([H])([H])OC(=O)C([H])([H])N([H])N([H])C(=O)c2c([H])c([H])nc([H])c2[H])OC1([H])n1c([H])c(C([H])([H])[H])c(=O)n([H])c1=O,0
[H]c1c([H])c([H])c(N2C(=S)N([H])C([H])(c3c([H])c4c([H])c(C([H])([H])[H])c([H])c([H])c4n([H])c3=O)C3=C2C([H])([H])C([H])([H])C([H])([H])C3=O)c([H])c1[H],0
[H]c1c([H])c([H])c(-n2nc(C([H])([H])[H])c(C3([H])N(c4c([H])c([H])c(F)c([H])c4[H])N=C(c4c([H])c([H])c(F)c([H])c4[H])C3([H])[H])c2Oc2c([H])c([H])c([H])c([H])c2F)c([H])c1[H],0
[H]c1c([H])c([H])c(C(=O)c2c(C(=O)OC([H])([H])C([H])([H])[H])c(C(=O)OC([H])([H])C([H])([H])[H])c3c([H])c([H])c4c([H])c([H])c([H])c([H])c4n23)c([H])c1[H],0
[H]c1c([H])c([H])c(-n2nc(C([H])([H])[H])c(C3([H])N(c4c([H])c([H])c(F)c([H])c4[H])N=C(c4c([H])c([H])c(F)c([H])c4[H])C3([H])[H])c2Oc2c([H])c([H])c([H])c(C(F)(F)F)c2[H])c([H])c1[H],0
[H]c1c([H])c([H])c(-n2nc(C([H])([H])[H])c(C3([H])N(c4c([H])c([H])c(OC([H])([H])[H])c([H])c4[H])N=C(c4c([H])c([H])c(F)c([H])c4[H])C3([H])[H])c2Oc2c([H])c([H])c([H])c(F)c2[H])c([H])c1[H],0
[H]c1c([H])c(C2([H])N([H])C([H])(c3c([H])c([H])c(OC([H])([H])[H])c([H])c3[H])C3([H])C([H])([H])C([H])([H])C([H])([H])C2([H])C32N([H])C(=S)N([H])N2[H])c([H])c([H])c1OC([H])([H])[H],0
[H]c1c([H])c(C2([H])N([H])C([H])(c3c([H])c([H])c(C([H])([H])[H])c([H])c3[H])C3([H])C([H])([H])C([H])([H])C([H])([H])C2([H])C32N([H])C(=S)N([H])N2[H])c([H])c([H])c1C([H])([H])[H],0
[H]c1c([H])c([H])c(-n2nc(-c3c([H])c([H])c(Cl)c([H])c3[H])c(C3([H])C4=C(N(c5c([H])c([H])c(F)c([H])c5[H])C(=O)C3([H])[H])C([H])([H])C([H])([H])C([H])([H])C4=O)c2[H])c([H])c1[H],1
[H]c1c([H])c(Oc2nc3c([H])c([H])c(C([H])([H])[H])c([H])c3c([H])c2C2([H])C(C#N)=C(N([H])[H])OC3=C2C(=O)C([H])([H])C(C([H])([H])[H])(C([H])([H])[H])C3([H])[H])c([H])c([H])c1F,0
[H]c1c([H])c(N([H])N2C(N([H])[H])=C(C(=O)OC([H])([H])C([H])([H])[H])C([H])(c3c(Cl)nc4c([H])c([H])c(C([H])([H])[H])c([H])c4c3[H])C3=C2C([H])([H])C(C([H])([H])[H])(C([H])([H])[H])C([H])([H])C3=O)c([H])c([H])c1Br,0
[H]c1c([H])c(N([H])N2C(N([H])[H])=C(C(=O)OC([H])([H])C([H])([H])[H])C([H])(c3c(Cl)nc4c([H])c([H])c(C([H])([H])[H])c([H])c4c3[H])C3=C2C([H])([H])C(C([H])([H])[H])(C([H])([H])[H])C([H])([H])C3=O)c([H])c([H])c1F,0
[H]c1c(-c2c([H])c([H])c(F)c([H])c2[H])nc(N([H])C(=O)C([H])([H])N2C([H])([H])C([H])([H])OC([H])([H])C2([H])[H])nc1-c1c([H])c([H])c(OC([H])([H])[H])c([H])c1[H],0
[H]c1c([H])c(C2([H])N([H])C([H])(c3c([H])c([H])c(C([H])([H])[H])c([H])c3[H])C(C([H])([H])[H])(C([H])([H])[H])/C(=N/N3C(=O)C([H])([H])N([H])C3=S)C2([H])[H])c([H])c([H])c1C([H])([H])[H],0
[H]c1c([H])c(C2([H])N([H])C([H])(c3c([H])c([H])c(C([H])([H])[H])c([H])c3[H])C([H])(C([H])([H])[H])/C(=N/N3C(=O)C([H])([H])N([H])C3=S)C2([H])[H])c([H])c([H])c1C([H])([H])[H],0
[H]c1c([H])c(C2([H])N([H])C([H])(c3c([H])c([H])c(Cl)c([H])c3[H])C([H])(C([H])([H])[H])/C(=N/N3C(=O)C([H])([H])N([H])C3=S)C2([H])[H])c([H])c([H])c1Cl,0
[H]c1c(OC([H])([H])[H])c([H])c2c([H])c(C3([H])C(C#N)=C(N([H])[H])Oc4c3c(C([H])([H])[H])nn4[H])c(N3C([H])([H])C([H])([H])OC([H])([H])C3([H])[H])nc2c1[H],0
[H]c1c(OC([H])([H])[H])c([H])c2c([H])c(C3([H])C(C#N)=C(N([H])[H])OC4=C3C(=O)C([H])([H])C(C([H])([H])[H])(C([H])([H])[H])C4([H])[H])c(N3C([H])([H])C([H])([H])OC([H])([H])C3([H])[H])nc2c1[H],0
[H]Oc1c([H])c([H])c(/C([H])=C(\[H])c2c([H])c(O[H])c([H])c(O[H])c2[H])c([H])c1[H],1
[H]c1nc2c([H])c(Cl)c([H])c([H])c2c(N([H])C([H])([H])C([H])([H])C([H])([H])N2C(=O)C([H])([H])C([H])([H])SC2([H])c2c([H])c([H])c([H])c([H])c2[H])c1[H],0
[H]c1nc2c([H])c(Cl)c([H])c([H])c2c(N([H])C([H])([H])C([H])([H])C([H])([H])C([H])([H])N2C(=O)C([H])([H])C([H])([H])SC2([H])c2c([H])c([H])c(Br)c([H])c2[H])c1[H],0
[H]c1nc2c([H])c(Cl)c([H])c([H])c2c(N([H])C([H])([H])C([H])([H])C([H])([H])C([H])([H])N2C(=O)C([H])([H])C([H])([H])SC2([H])c2c([H])c([H])c([H])c(Cl)c2[H])c1[H],0
[H]c1c([H])c([H])c(-c2nn(-c3c([H])c([H])c([H])c([H])c3[H])c([H])c2C2([H])C3=C(N(c4c([H])c([H])c(F)c([H])c4[H])C(=O)C2([H])[H])C([H])([H])C(C([H])([H])[H])(C([H])([H])[H])C([H])([H])C3=O)c([H])c1[H],1
[H]c1c([H])c(N([H])N2C(N([H])[H])=C(C(=O)OC([H])([H])C([H])([H])[H])C([H])(c3c(Cl)nc4c([H])c([H])c(Cl)c([H])c4c3[H])C3=C2C([H])([H])C(C([H])([H])[H])(C([H])([H])[H])C([H])([H])C3=O)c([H])c([H])c1Br,0
[H]c1c([H])c([H])c(N([H])N2C(N([H])[H])=C(C(=O)OC([H])([H])C([H])([H])[H])C([H])(c3c(Cl)nc4c([H])c([H])c(Cl)c([H])c4c3[H])C3=C2C([H])([H])C(C([H])([H])[H])(C([H])([H])[H])C([H])([H])C3=O)c([H])c1[H],0
[H]c1c([H])c([H])c(N([H])N2C(N([H])[H])=C(C(=O)OC([H])([H])C([H])([H])[H])C([H])(c3c(Cl)nc4c([H])c([H])c([H])c([H])c4c3[H])C3=C2C([H])([H])C(C([H])([H])[H])(C([H])([H])[H])C([H])([H])C3=O)c([H])c1[H],0
[H]C1=C([H])C2(C([H])([H])C([H])([H])[H])OC1([H])C([H])(C(=O)c1c([H])c([H])c([H])c([H])c1[H])C2([H])c1c([H])c([H])c([H])c(F)c1[H],0
[H]c1c([H])c([H])c2c(c1[H])C([H])([H])[n+]1c([H])c([H])n(c1[H])C([H])([H])c1c([H])c([H])c(c([H])c1[H])S(=O)(=O)c1c([H])c([H])c(c([H])c1[H])C([H])([H])n1c([H])c([H])[n+](c1[H])C2([H])[H],0
[H]c1c([H])c([H])c(-c2c(C3([H])C(C#N)=C(N([H])[H])OC4=C3C(=O)C([H])([H])C([H])([H])C4([H])[H])c3c([H])c([H])c([H])c([H])c3n2[H])c([H])c1[H],0
[H]OC([H])([H])c1c(-c2c([H])c3c([H])c([H])c(N(C([H])([H])C([H])([H])[H])C([H])([H])C([H])([H])[H])c([H])c3oc2=O)nc2sc(S(=O)(=O)/N=C(\[H])N(C([H])([H])[H])C([H])([H])[H])nn12,0
[H]c1c([H])c([H])c2c(c1[H])c([H])c(C1([H])C3=C(N([H])C(=S)N1[H])C([H])([H])C([H])([H])C([H])([H])C3=O)c(=S)n2[H],0
[H]c1c([H])c([H])c2c(c1[H])c([H])c(C1([H])C3=C(N([H])C(=O)N1[H])C([H])([H])C([H])([H])C([H])([H])C3=O)c(=S)n2[H],0
[H]N=C(N([H])[H])N([H])/N=C(\[H])c1c(-c2c([H])c3c([H])c([H])c(N(C([H])([H])C([H])([H])[H])C([H])([H])C([H])([H])[H])c([H])c3oc2=O)nc2sc(S(=O)(=O)/N=C(\[H])N(C([H])([H])[H])C([H])([H])[H])nn12,1
[H]/C(=N\S(=O)(=O)c1nn2c(C3([H])SC([H])([H])C(=O)N3c3c([H])c([H])c([H])c([H])c3[H])c(-c3c([H])c4c([H])c([H])c(N(C([H])([H])C([H])([H])[H])C([H])([H])C([H])([H])[H])c([H])c4oc3=O)nc2s1)N(C([H])([H])[H])C([H])([H])[H],1
[H]c1c([H])c([H])c(C(=O)c2c(C(=O)OC([H])([H])[H])c(C(=O)OC([H])([H])[H])c3c4c([H])c([H])c([H])c([H])c4c([H])c([H])n23)c([H])c1[H],0
[H]c1c([H])c([H])c(-n2nc(C([H])([H])[H])c(C3([H])N(c4c([H])c([H])c(Br)c([H])c4[H])N=C(c4c([H])c([H])c(F)c([H])c4[H])C3([H])[H])c2Oc2c([H])c([H])c([H])c(F)c2[H])c([H])c1[H],0
[H]c1c([H])c([H])c(-n2nc(C([H])([H])[H])c(C3([H])N(c4c([H])c([H])c(Br)c([H])c4[H])N=C(c4c([H])c([H])c(F)c([H])c4[H])C3([H])[H])c2Oc2c([H])c([H])c(F)c([H])c2[H])c([H])c1[H],0
[H]c1c([H])c([N+](=O)[O-])c([H])c([H])c1-n1nc(C([H])([H])[H])c2c1OC([H])([H])[C@@]1([H])C([H])([H])Oc3c([H])c([H])c4c(C([H])([H])[H])c([H])c(=O)oc4c3[C@@]21[H],0
[H]c1c([H])c([H])c(-n2nc(C([H])([H])[H])c3c2OC([H])([H])[C@@]2([H])C([H])([H])Oc4c([H])c([H])c5c(C([H])([H])[H])c([H])c(=O)oc5c4[C@@]32[H])c([H])c1[H],0
[H]c1c([H])c(N([H])N2C(N([H])[H])=C(C#N)C([H])(c3c(Cl)nc4c([H])c([H])c([H])c([H])c4c3[H])C3=C2C([H])([H])C(C([H])([H])[H])(C([H])([H])[H])C([H])([H])C3=O)c([H])c([H])c1Br,0
[H]c1c([H])c([H])c2c(c1[H])C(=O)C(c1c([H])c(Cl)c([H])c(Cl)c1N([H])[H])(N([H])c1c([H])c([H])c(Cl)c([H])c1Cl)C2=O,0
[H]c1c([H])c([H])c2c(c1[H])C(=O)C(c1c([H])c([H])c(N([H])[H])c(Br)c1[H])(c1c([H])c([H])c(N([H])[H])c(Br)c1[H])C2=O,0
[H]c1c([H])c([H])c(Oc2nc3c([H])c([H])c(C([H])([H])[H])c([H])c3c([H])c2C2([H])C(C#N)=C(N([H])[H])OC3=C2C(=O)C([H])([H])C(C([H])([H])[H])(C([H])([H])[H])C3([H])[H])c([H])c1[H],0
[H]c1c([H])c(N([H])N2C(N([H])[H])=C(C(=O)OC([H])([H])C([H])([H])[H])C([H])(c3c(Cl)nc4c([H])c([H])c([H])c([H])c4c3[H])C3=C2C([H])([H])C(C([H])([H])[H])(C([H])([H])[H])C([H])([H])C3=O)c([H])c([H])c1F,0
[H]c1c([H])c(N([H])N2C(N([H])[H])=C(C(=O)OC([H])([H])C([H])([H])[H])C([H])(c3c(Cl)nc4c([H])c([H])c(OC([H])([H])[H])c([H])c4c3[H])C3=C2C([H])([H])C(C([H])([H])[H])(C([H])([H])[H])C([H])([H])C3=O)c([H])c([H])c1Br,0
[H]c1c([H])c(N([H])N2C(N([H])[H])=C(C(=O)OC([H])([H])C([H])([H])[H])C([H])(c3c(Cl)nc4c([H])c([H])c(OC([H])([H])[H])c([H])c4c3[H])C3=C2C([H])([H])C(C([H])([H])[H])(C([H])([H])[H])C([H])([H])C3=O)c([H])c([H])c1F,0
[H]c1c([H])c(C([H])([H])[H])c([H])c([H])c1N([H])N1C(N([H])[H])=C(C(=O)OC([H])([H])C([H])([H])[H])C([H])(c2c(Cl)nc3c([H])c([H])c(C([H])([H])[H])c([H])c3c2[H])C2=C1C([H])([H])C(C([H])([H])[H])(C([H])([H])[H])C([H])([H])C2=O,0
[H]c1c([H])c([N+](=O)[O-])c([H])c([H])c1-c1c(C2([H])C(C#N)=C(N([H])[H])OC3=C2C(=O)C([H])([H])C([H])([H])C3([H])[H])c2c([H])c([H])c([H])c([H])c2n1[H],0
[H]c1c([H])c(-c2c(C3([H])C(C#N)=C(N([H])[H])OC4=C3C(=O)C([H])([H])C(C([H])([H])[H])(C([H])([H])[H])C4([H])[H])c3c([H])c([H])c([H])c([H])c3n2[H])c([H])c([H])c1F,0
[H]c1c([H])c(-c2c(C3([H])C(C#N)=C(N([H])[H])OC4=C3C(=O)C([H])([H])C([H])([H])C4([H])[H])c3c([H])c([H])c([H])c([H])c3n2[H])c([H])c([H])c1Br,0
[H]c1c([H])c([H])c(-c2c(C3([H])C(C#N)=C(N([H])[H])OC4=C3C(=O)C([H])([H])C(C([H])([H])[H])(C([H])([H])[H])C4([H])[H])c3c([H])c([H])c([H])c([H])c3n2[H])c([H])c1[H],0
[H]c1c([H])c(N([H])N2C(N([H])[H])=C(C#N)C([H])(c3c(Cl)nc4c([H])c([H])c(OC([H])([H])[H])c([H])c4c3[H])C3=C2C([H])([H])C(C([H])([H])[H])(C([H])([H])[H])C([H])([H])C3=O)c([H])c([H])c1OC([H])([H])[H],0
[H]c1c([H])c(N([H])N2C(N([H])[H])=C(C#N)C([H])(c3c(Cl)nc4c([H])c([H])c(Cl)c([H])c4c3[H])C3=C2C([H])([H])C(C([H])([H])[H])(C([H])([H])[H])C([H])([H])C3=O)c([H])c([H])c1OC([H])([H])[H],0
[H]c1c([H])c([H])c(Oc2nc3c([H])c([H])c(OC([H])([H])[H])c([H])c3c([H])c2C2([H])C(C#N)=C(N([H])[H])OC3=C2C(=O)C([H])([H])C(C([H])([H])[H])(C([H])([H])[H])C3([H])[H])c([H])c1[H],0
[H]c1c([H])c([H])c(Oc2nc3c([H])c([H])c([H])c([H])c3c([H])c2C2([H])C(C#N)=C(N([H])[H])OC3=C2C(=O)C([H])([H])C([H])([H])C3([H])[H])c([H])c1[H],0
[H]Oc1c([H])c([H])c(N2C(N([H])[H])=C(C(=O)OC([H])([H])C([H])([H])[H])C([H])(c3c(C([H])([H])[H])nn(-c4c([H])c([H])c([H])c([H])c4[H])c3-n3c([H])nc([H])c3[H])C3=C2C([H])([H])C(C([H])([H])[H])(C([H])([H])[H])C([H])([H])C3=O)c([H])c1[H],0
[H]Oc1c([H])c([H])c([H])c(N2C(N([H])[H])=C(C#N)C([H])(c3c(C([H])([H])[H])nn(-c4c([H])c([H])c([H])c([H])c4[H])c3-n3c([H])nc([H])c3[H])C3=C2C([H])([H])C(C([H])([H])[H])(C([H])([H])[H])C([H])([H])C3=O)c1[H],0
[H]c1nc([H])n(-c2c(C3([H])C(C(=O)OC([H])([H])C([H])([H])[H])=C(N([H])[H])N(c4c([H])c([H])c(OC([H])([H])[H])c([H])c4[H])C4=C3C(=O)C([H])([H])C(C([H])([H])[H])(C([H])([H])[H])C4([H])[H])c(C([H])([H])[H])nn2-c2c([H])c([H])c([H])c([H])c2[H])c1[H],0
[H]Oc1c([H])c([H])c(N2C(N([H])[H])=C(C(=O)OC([H])([H])C([H])([H])[H])C([H])(c3c(C([H])([H])[H])nn(-c4c([H])c([H])c([H])c([H])c4[H])c3-n3c([H])nc([H])c3[H])C3=C2C([H])([H])C([H])([H])C([H])([H])C3=O)c([H])c1[H],0
[H]Oc1c([H])c([H])c([H])c([H])c1N1C(N([H])[H])=C(C#N)C([H])(c2c(C([H])([H])[H])nn(-c3c([H])c([H])c([H])c([H])c3[H])c2-n2c([H])nc([H])c2[H])C2=C1C([H])([H])C(C([H])([H])[H])(C([H])([H])[H])C([H])([H])C2=O,0
[H]c1nc([H])n(-c2c(C3([H])C(C#N)=C(N([H])[H])N(c4c([H])c([H])c(OC([H])([H])[H])c([H])c4[H])C4=C3C(=O)C([H])([H])C(C([H])([H])[H])(C([H])([H])[H])C4([H])[H])c(C([H])([H])[H])nn2-c2c([H])c([H])c([H])c([H])c2[H])c1[H],0
[H]c1c([H])c([H])c(-n2nc(C([H])([H])[H])c(-c3c([H])c(-c4c([H])c([H])c(Cl)c([H])c4[H])nc(N([H])[H])c3C#N)c2-n2c([H])nc(C([H])([H])[H])c2[H])c([H])c1[H],0
[H]c1c([H])c([H])c2c(nc(-c3c([H])c4c([H])c(C([H])([H])[H])c([H])c([H])c4n4nnnc34)n2[H])c1[H],0
[H]c1c([H])c(F)c(N2C(N([H])[H])=C(C#N)C([H])(c3c(Oc4c([H])c([H])c(C#N)c([H])c4[H])nc4c([H])c([H])c(OC([H])([H])[H])c([H])c4c3[H])C3=C2C([H])([H])C([H])([H])C([H])([H])C3=O)c([H])c1F,0
[H]c1c([H])c(F)c(N2C(N([H])[H])=C(C#N)C([H])(c3c(Oc4c([H])c([H])c(C#N)c([H])c4[H])nc4c([H])c([H])c([H])c([H])c4c3[H])C3=C2C([H])([H])C(C([H])([H])[H])(C([H])([H])[H])C([H])([H])C3=O)c([H])c1F,0
[H]c1c([H])c(N2C(N([H])[H])=C(C#N)C([H])(c3c(Oc4c([H])c([H])c(C#N)c([H])c4[H])nc4c([H])c([H])c(Cl)c([H])c4c3[H])C3=C2C([H])([H])C([H])([H])C([H])([H])C3=O)c([H])c(F)c1F,0
[H]c1c([H])c(F)c(N2C(N([H])[H])=C(C#N)C([H])(c3c(Oc4c([H])c([H])c(C#N)c([H])c4[H])nc4c([H])c([H])c(C([H])([H])[H])c([H])c4c3[H])C3=C2C([H])([H])C(C([H])([H])[H])(C([H])([H])[H])C([H])([H])C3=O)c([H])c1F,0
[H]c1c([H])c([H])c(-n2nc(C([H])([H])[H])c3c2OC([H])([H])[C@@]2([H])C([H])([H])Oc4c([H])c([H])c5c(C([H])([H])[H])c([H])c(=O)oc5c4[C@@]32[H])c(Cl)c1[H],0
[H]c1c([H])c([H])c(C2([H])N([H])C([H])(c3c([H])c([H])c([H])c([H])c3Cl)C3([H])C(=NN([H])C(=O)c4c([H])c([H])c(N([H])[H])c([H])c4[H])C2([H])C([H])([H])C([H])([H])C3([H])[H])c(Cl)c1[H],0
[H]OC(=O)c1c([H])n(C2([H])C([H])([H])C2([H])[H])c2c([H])c(N3C([H])([H])C([H])([H])N(C([H])([H])N4C(=O)C(=O)c5c([H])c([H])c([H])c([H])c54)C([H])([H])C3([H])[H])c(F)c([H])c2c1=O,1
[H]c1c([H])c(-c2c(C3([H])C(C#N)=C(N([H])[H])OC4=C3C(=O)C([H])([H])C(C([H])([H])[H])(C([H])([H])[H])C4([H])[H])c3c([H])c([H])c([H])c([H])c3n2[H])c([H])c([H])c1Br,0
[H]Oc1c(C(=O)N([H])N2C(=O)C([H])([H])C([H])([H])SC2([H])c2c([H])c([H])c(C([H])([H])[H])c([H])c2[H])c([H])nc2c(C(F)(F)F)c([H])c([H])c([H])c12,0
[H]c1nc2c([H])c(Cl)c([H])c([H])c2c(N([H])C([H])([H])C([H])([H])C([H])([H])N2C(=O)C([H])([H])C([H])([H])SC2([H])c2c([H])c([H])c(F)c([H])c2[H])c1[H],0
[H]c1nc2c([H])c(Cl)c([H])c([H])c2c(N([H])C([H])([H])C([H])([H])C([H])([H])C([H])([H])N2C(=O)C([H])([H])C([H])([H])SC2([H])c2c([H])c([H])c([H])c(F)c2[H])c1[H],0
[H]c1c(Cl)c([H])c2nc(-c3c([H])c4c([H])c(OC([H])([H])[H])c([H])c([H])c4n4nnnc34)n([H])c2c1[H],0
[H]c1c([H])c([H])c2c(nc(-c3c([H])c4c([H])c(OC([H])([H])[H])c([H])c([H])c4n4nnnc34)n2[H])c1[H],0
[H]c1c(C([H])([H])[H])c([H])c2nc(-c3c([H])c4c([H])c(C([H])([H])[H])c([H])c([H])c4n4nnnc34)n([H])c2c1[H],0
[H]c1c([H])c([H])c2c(c1[H])c([H])c(-c1nc3c([H])c(Cl)c([H])c([H])c3n1[H])c1nnnn12,0
[H]c1c([H])c([H])c(C([H])([H])Oc2c([H])c([H])c([H])c3c([H])c([H])c(C([H])([H])[H])nc23)c(C([H])([H])Oc2c([H])c([H])c([H])c3c([H])c([H])c(C([H])([H])[H])nc23)c1[H],0
[H]c1c([H])c(N([H])N2C(N([H])[H])=C(C(=O)OC([H])([H])C([H])([H])[H])C([H])(c3c(Cl)nc4c([H])c([H])c([H])c([H])c4c3[H])C3=C2C([H])([H])C(C([H])([H])[H])(C([H])([H])[H])C([H])([H])C3=O)c([H])c([H])c1Br,0
[H]c1c([H])c(N([H])N2C(N([H])[H])=C(C(=O)OC([H])([H])C([H])([H])[H])C([H])(c3c(Cl)nc4c([H])c([H])c(Cl)c([H])c4c3[H])C3=C2C([H])([H])C(C([H])([H])[H])(C([H])([H])[H])C([H])([H])C3=O)c([H])c([H])c1F,0
[H]c1nc2c([H])c(Cl)c([H])c([H])c2c(N([H])C([H])([H])C([H])([H])C([H])([H])C([H])([H])N2C(=O)C([H])([H])C([H])([H])SC2([H])c2c([H])c([H])c(OC([H])([H])[H])c([H])c2[H])c1[H],0
[H]Oc1c(C(=O)N([H])N2C(=O)C([H])([H])C([H])([H])SC2([H])c2c([H])c([H])c([H])c(OC([H])([H])[H])c2[H])c([H])nc2c(C(F)(F)F)c([H])c([H])c([H])c12,0
[H]Oc1c([H])c([H])c(C2([H])SC([H])([H])C([H])([H])C(=O)N2C([H])([H])C([H])([H])C([H])([H])C([H])([H])N([H])c2c([H])c([H])nc3c([H])c(Cl)c([H])c([H])c23)c([H])c1[H],0
[H]c1c([H])c([H])c2c([H])c(C3([H])C(C#N)=C(N([H])[H])Oc4c3c([H])c([H])c3c([H])c([H])c([H])c([H])c43)c(N3C([H])([H])C([H])([H])OC([H])([H])C3([H])[H])nc2c1[H],0
[H]c1c([H])c([H])c(Oc2nc3c([H])c([H])c(OC([H])([H])[H])c([H])c3c([H])c2C2([H])C(C#N)=C(N([H])[H])OC3=C2C(=O)C([H])([H])C([H])([H])C3([H])[H])c([H])c1[H],0
[H]c1c([H])c(OC([H])([H])[H])c([H])c([H])c1Oc1nc2c([H])c([H])c(C([H])([H])[H])c([H])c2c([H])c1C1([H])C(C#N)=C(N([H])[H])OC2=C1C(=O)C([H])([H])C(C([H])([H])[H])(C([H])([H])[H])C2([H])[H],0
[H]c1nc([H])n(-c2c(C3([H])C(C(=O)N([H])[H])=C(N([H])[H])N(c4c([H])c([H])c(Cl)c([H])c4[H])C4=C3C(=O)C([H])([H])C(C([H])([H])[H])(C([H])([H])[H])C4([H])[H])c(C([H])([H])[H])nn2-c2c([H])c([H])c([H])c([H])c2[H])c1[H],0
[H]Oc1c([H])c([H])c([H])c(N2C(N([H])[H])=C(C(=O)N([H])[H])C([H])(c3c(C([H])([H])[H])nn(-c4c([H])c([H])c([H])c([H])c4[H])c3-n3c([H])nc([H])c3[H])C3=C2C([H])([H])C(C([H])([H])[H])(C([H])([H])[H])C([H])([H])C3=O)c1[H],0
[H]Oc1c([H])c([H])c(C2([H])SC([H])([H])C([H])([H])C(=O)N2N([H])C(=O)c2c([H])nc3c(C(F)(F)F)c([H])c([H])c([H])c3c2O[H])c([H])c1[H],0
[H]Oc1c([H])c([H])c(C2([H])SC([H])([H])C([H])([H])C(=O)N2C([H])([H])C([H])([H])C([H])([H])N([H])c2c([H])c([H])nc3c([H])c(Cl)c([H])c([H])c23)c([H])c1[H],0
[H]c1nc2c([H])c(Cl)c([H])c([H])c2c(N([H])C([H])([H])C([H])([H])C([H])([H])C([H])([H])N2C(=O)C([H])([H])C([H])([H])SC2([H])c2c([H])c([H])c(F)c([H])c2[H])c1[H],0
[H]c1c([H])c([H])c(C(=O)c2c(C(=O)OC([H])([H])C([H])([H])[H])c(C(=O)OC([H])([H])C([H])([H])[H])c3c4c([H])c([H])c([H])c([H])c4c([H])c([H])n23)c([H])c1[H],0
[H]c1c(-c2c([H])c([H])c([H])c([H])c2[H])nc(N([H])C(=O)C([H])([H])N2C([H])([H])C([H])([H])OC([H])([H])C2([H])[H])nc1-c1c([H])c([H])c([H])c([H])c1[H],0
[H]OC([H])(/C(=N/N([H])c1nc(-c2c([H])c([H])c(Br)c([H])c2[H])c([H])s1)c1c([H])c([H])c([H])c([H])c1[H])c1c([H])c([H])c([H])c([H])c1[H],0
[H]c1nc2c([H])c(Cl)c([H])c([H])c2c(N([H])C([H])([H])C([H])([H])N2C(=O)C([H])([H])C([H])([H])SC2([H])c2c([H])c([H])c(F)c([H])c2[H])c1[H],0
[H]c1c([H])c([H])c(-n2nc(C([H])([H])[H])c(C3([H])N(c4c([H])c([H])c(OC([H])([H])[H])c([H])c4[H])N=C(c4c([H])c([H])c(F)c([H])c4[H])C3([H])[H])c2Oc2c([H])c([H])c([H])c(C(F)(F)F)c2[H])c([H])c1[H],0
[H]OC1=C(C([H])(C([H])([H])[H])C([H])([H])[H])C(=O)C2=C(C1=O)[C@@]1(C([H])([H])[H])C([H])([H])C([H])([H])C([H])([H])C(C([H])([H])[H])(C([H])([H])[H])[C@]1([H])C([H])([H])[C@@]2([H])O[H],0
[H]c1c([H])c(C2([H])N([H])C([H])(c3c([H])c([H])c(OC([H])([H])[H])c([H])c3[H])C(C([H])([H])[H])(C([H])([H])[H])/C(=N/N3C(=O)C([H])([H])N([H])C3=S)C2([H])[H])c([H])c([H])c1OC([H])([H])[H],0
[H]c1c([H])c([H])c(C2([H])N([H])C([H])(c3c([H])c([H])c([H])c([H])c3[H])C(C([H])([H])[H])(C([H])([H])[H])/C(=N/N3C(=O)C([H])([H])N([H])C3=S)C2([H])[H])c([H])c1[H],0
[H]c1c([H])c(C2([H])N([H])C([H])(c3c([H])c([H])c(C([H])([H])[H])c([H])c3[H])C([H])([H])C(=NN3C(=O)C([H])([H])N([H])C3=S)C2([H])[H])c([H])c([H])c1C([H])([H])[H],0
[H]c1c([H])c(C2([H])N([H])C([H])(c3c([H])c([H])c(Cl)c([H])c3[H])C([H])([H])C(=NN3C(=O)C([H])([H])N([H])C3=S)C2([H])[H])c([H])c([H])c1Cl,0
[H]OC([H])(/C(=N/N([H])c1nc(-c2c([H])c([H])c(OC([H])([H])[H])c([H])c2[H])c([H])s1)c1c([H])c([H])c([H])c([H])c1[H])c1c([H])c([H])c([H])c([H])c1[H],0
[H]c1c([H])c([H])c(/N=N/c2c([H])c([H])c3c(c2[H])[C@]2([H])N(C([H])([H])C([H])([H])[H])[C@@]([H])(C(=O)OC([H])([H])C([H])([H])C([H])([H])[H])C([H])([H])[C@]2([H])C([H])([H])O3)c([H])c1[H],0
[H]c1c([H])c([H])c(/N=N/c2c([H])c([H])c3c(c2[H])[C@]2([H])N(C([H])([H])c4c([H])c([H])c([H])c([H])c4[H])[C@@]([H])(C(=O)OC([H])([H])C([H])([H])C([H])([H])[H])C([H])([H])[C@]2([H])C([H])([H])O3)c([H])c1[H],0
[H]c1c([H])c([H])c(N([H])N2C(N([H])[H])=C(C#N)C([H])(c3c(Cl)nc4c([H])c([H])c(OC([H])([H])[H])c([H])c4c3[H])C3=C2C([H])([H])C(C([H])([H])[H])(C([H])([H])[H])C([H])([H])C3=O)c([H])c1[H],0
[H]c1c([H])c(N([H])N2C(N([H])[H])=C(C#N)C([H])(c3c(Cl)nc4c([H])c([H])c(C([H])([H])[H])c([H])c4c3[H])C3=C2C([H])([H])C(C([H])([H])[H])(C([H])([H])[H])C([H])([H])C3=O)c([H])c([H])c1Cl,0
[H]c1c([H])c(N([H])N2C(N([H])[H])=C(C#N)C([H])(c3c(Cl)nc4c([H])c([H])c(Cl)c([H])c4c3[H])C3=C2C([H])([H])C(C([H])([H])[H])(C([H])([H])[H])C([H])([H])C3=O)c([H])c([H])c1F,0
[H]c1c([H])c(N2C(N([H])[H])=C(C#N)C([H])(c3c(Oc4c([H])c([H])c(C#N)c([H])c4[H])nc4c([H])c([H])c(OC([H])([H])[H])c([H])c4c3[H])C3=C2C([H])([H])C(C([H])([H])[H])(C([H])([H])[H])C([H])([H])C3=O)c([H])c(F)c1F,0
[H]c1c([H])c(N2C(N([H])[H])=C(C#N)C([H])(c3c(Oc4c([H])c([H])c(C#N)c([H])c4[H])nc4c([H])c([H])c([H])c([H])c4c3[H])C3=C2C([H])([H])C(C([H])([H])[H])(C([H])([H])[H])C([H])([H])C3=O)c([H])c(F)c1F,0
[H]c1c([H])c(N([H])N2C(N([H])[H])=C(C#N)C([H])(c3c(Cl)nc4c([H])c([H])c(OC([H])([H])[H])c([H])c4c3[H])C3=C2C([H])([H])C(C([H])([H])[H])(C([H])([H])[H])C([H])([H])C3=O)c([H])c([H])c1Cl,0
[H]c1c([H])c(C([H])([H])[H])c([H])c([H])c1N([H])N1C(N([H])[H])=C(C#N)C([H])(c2c(Cl)nc3c([H])c([H])c(C([H])([H])[H])c([H])c3c2[H])C2=C1C([H])([H])C(C([H])([H])[H])(C([H])([H])[H])C([H])([H])C2=O,0
[H]c1c([H])c(C([H])([H])[H])c([H])c([H])c1N([H])N1C(N([H])[H])=C(C#N)C([H])(c2c(Cl)nc3c([H])c([H])c(Cl)c([H])c3c2[H])C2=C1C([H])([H])C(C([H])([H])[H])(C([H])([H])[H])C([H])([H])C2=O,0
[H]c1nc([H])n(-c2c(-c3c([H])c(-c4sc([H])c([H])c4[H])nc(N([H])[H])c3C#N)c(C([H])([H])[H])nn2-c2c([H])c([H])c([H])c([H])c2[H])c1[H],0
[H]c1c([H])c([H])c(-n2nc(C([H])([H])[H])c(-c3c([H])c(-c4c([H])c([H])c5c(c4[H])OC(C([H])([H])[H])(C([H])([H])[H])O5)nc(N([H])[H])c3C#N)c2-n2c([H])nc(C([H])([H])[H])c2[H])c([H])c1[H],0
[H]c1c([H])c(C([H])([H])[H])c([H])c([H])c1N([H])N1C(N([H])[H])=C(C#N)C([H])(c2c(Cl)nc3c([H])c([H])c(OC([H])([H])[H])c([H])c3c2[H])C2=C1C([H])([H])C(C([H])([H])[H])(C([H])([H])[H])C([H])([H])C2=O,0
[H]c1c([H])c(N([H])N2C(N([H])[H])=C(C#N)C([H])(c3c(Cl)nc4c([H])c([H])c([H])c([H])c4c3[H])C3=C2C([H])([H])C(C([H])([H])[H])(C([H])([H])[H])C([H])([H])C3=O)c([H])c([H])c1OC([H])([H])[H],0
[H]c1c([H])c([H])c(-n2nc(C([H])([H])[H])c(C3([H])N(c4c([H])c([H])c(F)c([H])c4[H])N=C(c4c([H])c([H])c(F)c([H])c4[H])C3([H])[H])c2Oc2c([H])c([H])c(F)c([H])c2[H])c([H])c1[H],0
[H]c1c([H])c(F)c(N2C(N([H])[H])=C(C#N)C([H])(c3c(Oc4c([H])c([H])c(C#N)c([H])c4[H])nc4c([H])c([H])c(Cl)c([H])c4c3[H])C3=C2C([H])([H])C(C([H])([H])[H])(C([H])([H])[H])C([H])([H])C3=O)c([H])c1F,0
[H]c1c([H])c([H])c2c(c1[H])C(=O)C(c1c([H])c(OC([H])([H])[H])c(N([H])[H])c([H])c1Cl)(N([H])c1c([H])c(Cl)c([H])c([H])c1OC([H])([H])[H])C2=O,0
[H]OC(=O)c1c([H])n(C([H])([H])C([H])([H])[H])c2c(F)c(N3C([H])([H])C([H])([H])N(C([H])([H])N4C(=O)C(=O)c5c([H])c([H])c([H])c([H])c54)C([H])(C([H])([H])[H])C3([H])[H])c(F)c([H])c2c1=O,1
[H]c1c([H])c(C2([H])N([H])C([H])(c3c([H])c([H])c(Cl)c([H])c3[H])C3([H])C(=NN([H])C(=O)c4c([H])c([H])c(N([H])[H])c([H])c4[H])C2([H])C([H])([H])C([H])([H])C3([H])[H])c([H])c([H])c1Cl,0
[H]OC(=O)c1c([H])n(C2([H])C([H])([H])C2([H])[H])c2c([H])c(N3C([H])([H])C([H])([H])N(C([H])([H])N4C(=O)/C(=N\c5nc([H])c(C([H])([H])c6c([H])c(OC([H])([H])[H])c(OC([H])([H])[H])c(OC([H])([H])[H])c6[H])c(N([H])[H])n5)c5c([H])c(Cl)c([H])c([H])c54)C([H])([H])C3([H])[H])c(F)c([H])c2c1=O,1
[H]c1c(Cl)c([H])c2c([H])c(C3([H])C4=C(N([H])C(=O)N3[H])C([H])([H])C(C([H])([H])[H])(C([H])([H])[H])C([H])([H])C4=O)c(=O)n([H])c2c1[H],0
[H]c1nc(/N=C2\C(=O)N(C([H])([H])N3C([H])([H])C([H])([H])C([H])([H])C([H])([H])C3([H])C([H])([H])[H])c3c([H])c([H])c(Cl)c([H])c32)nc(N([H])[H])c1C([H])([H])c1c([H])c(OC([H])([H])[H])c(OC([H])([H])[H])c(OC([H])([H])[H])c1[H],0
[H]Oc1c([H])c([H])c([H])c(/C([H])=C(\[H])c2nc(N([H])[H])c(C#N)c(-c3c(C([H])([H])[H])nn(-c4c([H])c([H])c([H])c([H])c4[H])c3-n3c([H])nc([H])c3[H])c2[H])c1[H],0
[H]c1c([H])c([H])c2c(c1[H])c([H])c(C1([H])C3=C(N([H])C(=O)N1[H])C([H])([H])C(C([H])([H])[H])(C([H])([H])[H])C([H])([H])C3=O)c(=O)n2[H],0
[H]c1c([H])c([H])c(N2C(=S)N([H])C([H])(c3c([H])c4c([H])c(C([H])([H])[H])c([H])c([H])c4n([H])c3=O)C3=C2C([H])([H])C(C([H])([H])[H])(C([H])([H])[H])C([H])([H])C3=O)c([H])c1[H],0
[H]c1c([H])c([H])c(N2C(=S)N([H])C([H])(c3c([H])c4c([H])c([H])c([H])c([H])c4n([H])c3=O)C3=C2C([H])([H])C([H])([H])C([H])([H])C3=O)c([H])c1[H],0
[H]c1c([H])c([H])c2c(c1[H])c([H])c(C1([H])C3=C(N([H])C(=O)N1[H])C([H])([H])C(C([H])([H])[H])(C([H])([H])[H])C([H])([H])C3=O)c(=S)n2[H],0
[H]c1nc2c([H])c(Cl)c([H])c([H])c2c(N([H])C([H])([H])C([H])([H])N2C(=O)C([H])([H])C([H])([H])SC2([H])c2c([H])c([H])c([H])c([H])c2[H])c1[H],0
[H]c1nc2c([H])c(Cl)c([H])c([H])c2c(N([H])C([H])([H])C([H])([H])C([H])([H])C([H])([H])N2C(=O)C([H])([H])C([H])([H])SC2([H])c2c([H])c([H])c([H])c(OC([H])([H])[H])c2[H])c1[H],0
[H]C(=O)c1c(C([H])([H])[H])nn(-c2c([H])c([H])c([H])c([H])c2[H])c1-n1c([H])nc([H])c1[H],0
[H]c1c([H])c([H])c(-n2nc(C([H])([H])[H])c(-c3c([H])c(-c4c([H])c([H])c(F)c([H])c4[H])nc(N([H])[H])c3C#N)c2-n2c([H])nc(C([H])([H])[H])c2[H])c([H])c1[H],0
[H]OC(=O)c1c([H])n(C2([H])C([H])([H])C2([H])[H])c2c([H])c(N3C([H])([H])C([H])([H])N(C([H])([H])N4C(=O)C(=O)c5c([H])c(C([H])([H])[H])c([H])c([H])c54)C([H])([H])C3([H])[H])c(F)c([H])c2c1=O,1
[H]c1c([H])c(C([H])([H])[H])c([H])c([H])c1Oc1nc2c([H])c([H])c([H])c([H])c2c([H])c1C1([H])C(C#N)=C(N([H])[H])OC2=C1C(=O)C([H])([H])C(C([H])([H])[H])(C([H])([H])[H])C2([H])[H],0
[H]c1c([H])c(C([H])([H])[H])c([H])c([H])c1Oc1nc2c([H])c([H])c(C([H])([H])[H])c([H])c2c([H])c1C1([H])C(C#N)=C(N([H])[H])OC2=C1C(=O)C([H])([H])C([H])([H])C2([H])[H],0
[H]c1c([H])c(C([H])([H])[H])c([H])c([H])c1Oc1nc2c([H])c([H])c(C([H])([H])[H])c([H])c2c([H])c1C1([H])C(C#N)=C(N([H])[H])OC2=C1C(=O)C([H])([H])C(C([H])([H])[H])(C([H])([H])[H])C2([H])[H],0
[H]c1c([H])c(C([H])([H])[H])c([H])c([H])c1Oc1nc2c([H])c([H])c([H])c([H])c2c([H])c1C1([H])C(C#N)=C(N([H])[H])OC2=C1C(=O)C([H])([H])C([H])([H])C2([H])[H],0
[H]Oc1c(C(=O)N([H])N2C(=O)C([H])([H])C([H])([H])SC2([H])c2c([H])c([H])c([H])c(Cl)c2[H])c([H])nc2c(C(F)(F)F)c([H])c([H])c([H])c12,0
[H]c1nc2c([H])c(Cl)c([H])c([H])c2c(N([H])C([H])([H])C([H])([H])N2C(=O)C([H])([H])C([H])([H])SC2([H])c2c([H])c([H])c([H])c(F)c2[H])c1[H],0
[H]C1=C([H])C2(C([H])([H])C([H])([H])[H])OC1([H])C([H])(C(=O)c1c([H])c([H])c([H])c([H])c1[H])C2([H])c1c([H])c([H])c([N+](=O)[O-])c([H])c1[H],0
[H]c1c([H])c([H])c(-n2nc(-c3c([H])c([H])c(C([H])([H])[H])c([H])c3[H])c(C3([H])C4=C(N(c5c([H])c([H])c(F)c([H])c5[H])C(=O)C3([H])[H])C([H])([H])C(C([H])([H])[H])(C([H])([H])[H])C([H])([H])C4=O)c2[H])c([H])c1[H],1
[H]c1c([H])c([H])c(-n2nc(-c3c([H])c([H])c(OC([H])([H])[H])c([H])c3[H])c(C3([H])C4=C(N(c5c([H])c([H])c(F)c([H])c5[H])C(=O)C3([H])[H])C([H])([H])C(C([H])([H])[H])(C([H])([H])[H])C([H])([H])C4=O)c2[H])c([H])c1[H],1
[H]C1=C([H])C2(C([H])([H])C([H])([H])[H])OC1([H])C([H])(C(=O)c1c([H])c([H])c([H])c([H])c1[H])C2([H])c1c([H])c([H])c(Cl)c([H])c1[H],0
[H]c1c([H])c(N2C(N([H])[H])=C(C#N)C([H])(c3c(Oc4c([H])c([H])c(C#N)c([H])c4[H])nc4c([H])c([H])c(OC([H])([H])[H])c([H])c4c3[H])C3=C2C([H])([H])C([H])([H])C([H])([H])C3=O)c([H])c(F)c1F,0
[H]c1c([H])c(F)c(N2C(N([H])[H])=C(C#N)C([H])(c3c(Oc4c([H])c([H])c(C#N)c([H])c4[H])nc4c([H])c([H])c(C([H])([H])[H])c([H])c4c3[H])C3=C2C([H])([H])C([H])([H])C([H])([H])C3=O)c([H])c1F,0
[H]c1nc([H])n(-c2c(-c3c([H])c(-c4c([H])c([H])c5c(c4[H])OC(C([H])([H])[H])(C([H])([H])[H])O5)nc(N([H])[H])c3C#N)c(C([H])([H])[H])nn2-c2c([H])c([H])c([H])c([H])c2[H])c1[H],0
[H]c1c([H])c([H])c(-n2nc(C([H])([H])[H])c(C3([H])N(c4c([H])c([H])c(OC([H])([H])[H])c([H])c4[H])N=C(c4c([H])c([H])c(F)c([H])c4[H])C3([H])[H])c2Oc2c([H])c([H])c(F)c([H])c2[H])c([H])c1[H],0
[H]c1c([H])c([H])c(-c2nc(N([H])[H])c(C#N)c(-c3c(C([H])([H])[H])nn(-c4c([H])c([H])c([H])c([H])c4[H])c3-n3c([H])nc(C([H])([H])[H])c3[H])c2[H])c([H])c1[H],0
[H]c1nc([H])n(-c2c(-c3c([H])c(-c4c([H])c([H])c(Cl)c([H])c4[H])nc(N([H])[H])c3C#N)c(C([H])([H])[H])nn2-c2c([H])c([H])c([H])c([H])c2[H])c1[H],0
[H]c1nc([H])n(-c2c(-c3c([H])c(-c4c([H])c([H])c(F)c([H])c4[H])nc(N([H])[H])c3C#N)c(C([H])([H])[H])nn2-c2c([H])c([H])c([H])c([H])c2[H])c1[H],0
[H]c1nc([H])n(-c2c(C3([H])C(C#N)=C(N([H])[H])N(c4c([H])c([H])c(C([H])([H])[H])c([H])c4[H])C4=C3C(=O)C([H])([H])C(C([H])([H])[H])(C([H])([H])[H])C4([H])[H])c(C([H])([H])[H])nn2-c2c([H])c([H])c([H])c([H])c2[H])c1[H],0
[H]c1nc([H])n(-c2c(C3([H])C(C(=O)OC([H])([H])C([H])([H])[H])=C(N([H])[H])N(c4c([H])c([H])c([H])c([H])c4[H])C4=C3C(=O)C([H])([H])C(C([H])([H])[H])(C([H])([H])[H])C4([H])[H])c(C([H])([H])[H])nn2-c2c([H])c([H])c([H])c([H])c2[H])c1[H],0
